R4-00345|d:\6\恋爱小程序\apps\api\src\main\java\com\campuslove\api\wallet\WalletController.java|175-182|H|P3|硬编码中文错误提示（"演示充值已关闭，请通过官方充值渠道完成支付"等）|错误文案无法 i18n|移入消息资源|open|batch-4|
R4-00399|d:\6\恋爱小程序\apps\api\src\main\java\com\campuslove\api\mock\MockRuntimeState.java|65-156|H|P3|recommendedPeople/discussionRecommendations/activityRecommendations 全部中文文案与 /uploads/mock/avatar-*.jpg 硬编码|mock 模式无 i18n，改文案需改代码|同上|open|batch-4|
R4-00404|d:\6\恋爱小程序\apps\api\src\main\java\com\campuslove\api\mock\MockCampusCertificationService.java|165-166|H|P3|simulateApprove 硬编码 reviewerId=1L 与中文备注"模拟认证：直接通过"|mock 审核人身份固定|占位常量|open|batch-4|
R4-00406|d:\6\恋爱小程序\apps\api\src\main\java\com\campuslove\api\mock\MockNotificationService.java|142-150|H|P3|通知摘要中文文案拼接（"关注了你""赞了你的帖子"）绕过 i18n|mock 通知不可国际化|抽 i18n|open|batch-4|
R4-01344|d:\6\恋爱小程序\apps\api\src\main\java\com\campuslove\api\campus\RealCampusService.java|123|H|P3|中文 throw 消息未走 i18n（有 I18nConfig/messages.properties 未用）("userId 不能为空")|错误文案硬编码中文，前端无国际化能力，多语言/文案调整需发版|改用 MessageSource.getMessage 从 messages*.properties 取文案|open|batch-4|
R4-01345|d:\6\恋爱小程序\apps\api\src\main\java\com\campuslove\api\campus\RealCampusService.java|126|H|P3|中文 throw 消息未走 i18n（有 I18nConfig/messages.properties 未用）("schoolId 不能为空")|错误文案硬编码中文，前端无国际化能力，多语言/文案调整需发版|改用 MessageSource.getMessage 从 messages*.properties 取文案|open|batch-4|
R4-01346|d:\6\恋爱小程序\apps\api\src\main\java\com\campuslove\api\campus\RealCampusService.java|129|H|P3|中文 throw 消息未走 i18n（有 I18nConfig/messages.properties 未用）("category 不能为空")|错误文案硬编码中文，前端无国际化能力，多语言/文案调整需发版|改用 MessageSource.getMessage 从 messages*.properties 取文案|open|batch-4|
R4-01347|d:\6\恋爱小程序\apps\api\src\main\java\com\campuslove\api\campus\RealCampusService.java|132|H|P3|中文 throw 消息未走 i18n（有 I18nConfig/messages.properties 未用）("title 不能为空")|错误文案硬编码中文，前端无国际化能力，多语言/文案调整需发版|改用 MessageSource.getMessage 从 messages*.properties 取文案|open|batch-4|
R4-01348|d:\6\恋爱小程序\apps\api\src\main\java\com\campuslove\api\campus\RealCampusService.java|165|H|P3|中文 throw 消息未走 i18n（有 I18nConfig/messages.properties 未用）("topicId 不能为空")|错误文案硬编码中文，前端无国际化能力，多语言/文案调整需发版|改用 MessageSource.getMessage 从 messages*.properties 取文案|open|batch-4|
R4-01349|d:\6\恋爱小程序\apps\api\src\main\java\com\campuslove\api\campus\RealCampusService.java|168|H|P3|中文 throw 消息未走 i18n（有 I18nConfig/messages.properties 未用）("userId 不能为空")|错误文案硬编码中文，前端无国际化能力，多语言/文案调整需发版|改用 MessageSource.getMessage 从 messages*.properties 取文案|open|batch-4|
R4-01350|d:\6\恋爱小程序\apps\api\src\main\java\com\campuslove\api\campus\RealCampusService.java|171|H|P3|中文 throw 消息未走 i18n（有 I18nConfig/messages.properties 未用）("content 不能为空")|错误文案硬编码中文，前端无国际化能力，多语言/文案调整需发版|改用 MessageSource.getMessage 从 messages*.properties 取文案|open|batch-4|
R4-01351|d:\6\恋爱小程序\apps\api\src\main\java\com\campuslove\api\auth\AppleIdentityTokenVerifier.java|83|H|P3|中文 throw 消息未走 i18n（有 I18nConfig/messages.properties 未用）("identityToken 不能为空")|错误文案硬编码中文，前端无国际化能力，多语言/文案调整需发版|改用 MessageSource.getMessage 从 messages*.properties 取文案|open|batch-4|
R4-01352|d:\6\恋爱小程序\apps\api\src\main\java\com\campuslove\api\auth\AppleIdentityTokenVerifier.java|90|H|P3|中文 throw 消息未走 i18n（有 I18nConfig/messages.properties 未用）("无法获取 Apple 公钥（kid=")|错误文案硬编码中文，前端无国际化能力，多语言/文案调整需发版|改用 MessageSource.getMessage 从 messages*.properties 取文案|open|batch-4|
R4-01353|d:\6\恋爱小程序\apps\api\src\main\java\com\campuslove\api\auth\AppleIdentityTokenVerifier.java|105|H|P3|中文 throw 消息未走 i18n（有 I18nConfig/messages.properties 未用）("Apple identityToken 签名无效")|错误文案硬编码中文，前端无国际化能力，多语言/文案调整需发版|改用 MessageSource.getMessage 从 messages*.properties 取文案|open|batch-4|
R4-01354|d:\6\恋爱小程序\apps\api\src\main\java\com\campuslove\api\auth\AppleIdentityTokenVerifier.java|108|H|P3|中文 throw 消息未走 i18n（有 I18nConfig/messages.properties 未用）("Apple identityToken 无效: ")|错误文案硬编码中文，前端无国际化能力，多语言/文案调整需发版|改用 MessageSource.getMessage 从 messages*.properties 取文案|open|batch-4|
R4-01355|d:\6\恋爱小程序\apps\api\src\main\java\com\campuslove\api\auth\AppleIdentityTokenVerifier.java|114|H|P3|中文 throw 消息未走 i18n（有 I18nConfig/messages.properties 未用）("Apple identityToken 已过期")|错误文案硬编码中文，前端无国际化能力，多语言/文案调整需发版|改用 MessageSource.getMessage 从 messages*.properties 取文案|open|batch-4|
R4-01356|d:\6\恋爱小程序\apps\api\src\main\java\com\campuslove\api\auth\AppleIdentityTokenVerifier.java|121|H|P3|中文 throw 消息未走 i18n（有 I18nConfig/messages.properties 未用）("Apple identityToken nonce 校验失败")|错误文案硬编码中文，前端无国际化能力，多语言/文案调整需发版|改用 MessageSource.getMessage 从 messages*.properties 取文案|open|batch-4|
R4-01357|d:\6\恋爱小程序\apps\api\src\main\java\com\campuslove\api\auth\AppleIdentityTokenVerifier.java|127|H|P3|中文 throw 消息未走 i18n（有 I18nConfig/messages.properties 未用）("Apple identityToken 缺少 sub")|错误文案硬编码中文，前端无国际化能力，多语言/文案调整需发版|改用 MessageSource.getMessage 从 messages*.properties 取文案|open|batch-4|
R4-01358|d:\6\恋爱小程序\apps\api\src\main\java\com\campuslove\api\auth\AppleIdentityTokenVerifier.java|137|H|P3|中文 throw 消息未走 i18n（有 I18nConfig/messages.properties 未用）("identityToken 不是合法 JWT")|错误文案硬编码中文，前端无国际化能力，多语言/文案调整需发版|改用 MessageSource.getMessage 从 messages*.properties 取文案|open|batch-4|
R4-01359|d:\6\恋爱小程序\apps\api\src\main\java\com\campuslove\api\auth\AppleIdentityTokenVerifier.java|143|H|P3|中文 throw 消息未走 i18n（有 I18nConfig/messages.properties 未用）("identityToken header 缺少 kid")|错误文案硬编码中文，前端无国际化能力，多语言/文案调整需发版|改用 MessageSource.getMessage 从 messages*.properties 取文案|open|batch-4|
R4-01360|d:\6\恋爱小程序\apps\api\src\main\java\com\campuslove\api\auth\AppleIdentityTokenVerifier.java|153|H|P3|中文 throw 消息未走 i18n（有 I18nConfig/messages.properties 未用）("identityToken 格式非法")|错误文案硬编码中文，前端无国际化能力，多语言/文案调整需发版|改用 MessageSource.getMessage 从 messages*.properties 取文案|open|batch-4|
R4-01361|d:\6\恋爱小程序\apps\api\src\main\java\com\campuslove\api\campus\RealCampusCertificationService.java|77|H|P3|中文 throw 消息未走 i18n（有 I18nConfig/messages.properties 未用）("您的校园认证正在审核中，请耐心等待")|错误文案硬编码中文，前端无国际化能力，多语言/文案调整需发版|改用 MessageSource.getMessage 从 messages*.properties 取文案|open|batch-4|
R4-01362|d:\6\恋爱小程序\apps\api\src\main\java\com\campuslove\api\campus\RealCampusCertificationService.java|80|H|P3|中文 throw 消息未走 i18n（有 I18nConfig/messages.properties 未用）("您已完成校园认证，无需重复提交")|错误文案硬编码中文，前端无国际化能力，多语言/文案调整需发版|改用 MessageSource.getMessage 从 messages*.properties 取文案|open|batch-4|
R4-01363|d:\6\恋爱小程序\apps\api\src\main\java\com\campuslove\api\campus\RealCampusCertificationService.java|155|H|P3|中文 throw 消息未走 i18n（有 I18nConfig/messages.properties 未用）("审核结果无效，仅支持 APPROVED 或 REJECTED")|错误文案硬编码中文，前端无国际化能力，多语言/文案调整需发版|改用 MessageSource.getMessage 从 messages*.properties 取文案|open|batch-4|
R4-01364|d:\6\恋爱小程序\apps\api\src\main\java\com\campuslove\api\admin\AdminActivityController.java|530|H|P3|中文 throw 消息未走 i18n（有 I18nConfig/messages.properties 未用）("活动标题不能为空")|错误文案硬编码中文，前端无国际化能力，多语言/文案调整需发版|改用 MessageSource.getMessage 从 messages*.properties 取文案|open|batch-4|
R4-01365|d:\6\恋爱小程序\apps\api\src\main\java\com\campuslove\api\admin\AdminActivityController.java|533|H|P3|中文 throw 消息未走 i18n（有 I18nConfig/messages.properties 未用）("活动标题长度不能超过 128 字")|错误文案硬编码中文，前端无国际化能力，多语言/文案调整需发版|改用 MessageSource.getMessage 从 messages*.properties 取文案|open|batch-4|
R4-01366|d:\6\恋爱小程序\apps\api\src\main\java\com\campuslove\api\admin\AdminActivityController.java|536|H|P3|中文 throw 消息未走 i18n（有 I18nConfig/messages.properties 未用）("活动地点不能为空")|错误文案硬编码中文，前端无国际化能力，多语言/文案调整需发版|改用 MessageSource.getMessage 从 messages*.properties 取文案|open|batch-4|
R4-01367|d:\6\恋爱小程序\apps\api\src\main\java\com\campuslove\api\admin\AdminActivityController.java|539|H|P3|中文 throw 消息未走 i18n（有 I18nConfig/messages.properties 未用）("活动地点长度不能超过 256 字")|错误文案硬编码中文，前端无国际化能力，多语言/文案调整需发版|改用 MessageSource.getMessage 从 messages*.properties 取文案|open|batch-4|
R4-01368|d:\6\恋爱小程序\apps\api\src\main\java\com\campuslove\api\admin\AdminActivityController.java|542|H|P3|中文 throw 消息未走 i18n（有 I18nConfig/messages.properties 未用）("活动时间描述不能为空")|错误文案硬编码中文，前端无国际化能力，多语言/文案调整需发版|改用 MessageSource.getMessage 从 messages*.properties 取文案|open|batch-4|
R4-01369|d:\6\恋爱小程序\apps\api\src\main\java\com\campuslove\api\admin\AdminActivityController.java|545|H|P3|中文 throw 消息未走 i18n（有 I18nConfig/messages.properties 未用）("活动时间描述长度不能超过 128 字")|错误文案硬编码中文，前端无国际化能力，多语言/文案调整需发版|改用 MessageSource.getMessage 从 messages*.properties 取文案|open|batch-4|
R4-01370|d:\6\恋爱小程序\apps\api\src\main\java\com\campuslove\api\admin\AdminActivityController.java|548|H|P3|中文 throw 消息未走 i18n（有 I18nConfig/messages.properties 未用）("活动描述不能为空")|错误文案硬编码中文，前端无国际化能力，多语言/文案调整需发版|改用 MessageSource.getMessage 从 messages*.properties 取文案|open|batch-4|
R4-01371|d:\6\恋爱小程序\apps\api\src\main\java\com\campuslove\api\admin\AdminActivityController.java|567|H|P3|中文 throw 消息未走 i18n（有 I18nConfig/messages.properties 未用）("非法活动状态参数: ")|错误文案硬编码中文，前端无国际化能力，多语言/文案调整需发版|改用 MessageSource.getMessage 从 messages*.properties 取文案|open|batch-4|
R4-01372|d:\6\恋爱小程序\apps\api\src\main\java\com\campuslove\api\admin\AdminAccountController.java|96|H|P3|中文 throw 消息未走 i18n（有 I18nConfig/messages.properties 未用）("新密码长度须为 6-64 位")|错误文案硬编码中文，前端无国际化能力，多语言/文案调整需发版|改用 MessageSource.getMessage 从 messages*.properties 取文案|open|batch-4|
R4-01373|d:\6\恋爱小程序\apps\api\src\main\java\com\campuslove\api\admin\AdminAccountController.java|103|H|P3|中文 throw 消息未走 i18n（有 I18nConfig/messages.properties 未用）("管理员账号不存在")|错误文案硬编码中文，前端无国际化能力，多语言/文案调整需发版|改用 MessageSource.getMessage 从 messages*.properties 取文案|open|batch-4|
R4-01374|d:\6\恋爱小程序\apps\api\src\main\java\com\campuslove\api\admin\AdminAccountController.java|112|H|P3|中文 throw 消息未走 i18n（有 I18nConfig/messages.properties 未用）("旧密码错误")|错误文案硬编码中文，前端无国际化能力，多语言/文案调整需发版|改用 MessageSource.getMessage 从 messages*.properties 取文案|open|batch-4|
R4-01375|d:\6\恋爱小程序\apps\api\src\main\java\com\campuslove\api\ai\AiVideoController.java|100|H|P3|中文 throw 消息未走 i18n（有 I18nConfig/messages.properties 未用）("请求体字段数量不能超过 ")|错误文案硬编码中文，前端无国际化能力，多语言/文案调整需发版|改用 MessageSource.getMessage 从 messages*.properties 取文案|open|batch-4|
R4-01376|d:\6\恋爱小程序\apps\api\src\main\java\com\campuslove\api\campus\CampusController.java|105|H|P3|中文 throw 消息未走 i18n（有 I18nConfig/messages.properties 未用）("请先完成校园认证/绑定学校，再查看校园话题")|错误文案硬编码中文，前端无国际化能力，多语言/文案调整需发版|改用 MessageSource.getMessage 从 messages*.properties 取文案|open|batch-4|
R4-01377|d:\6\恋爱小程序\apps\api\src\main\java\com\campuslove\api\admin\AdminCampusTopicController.java|353|H|P3|中文 throw 消息未走 i18n（有 I18nConfig/messages.properties 未用）("非法话题状态参数: ")|错误文案硬编码中文，前端无国际化能力，多语言/文案调整需发版|改用 MessageSource.getMessage 从 messages*.properties 取文案|open|batch-4|
R4-01378|d:\6\恋爱小程序\apps\api\src\main\java\com\campuslove\api\auth\ThirdPartyAuthService.java|97|H|P3|中文 throw 消息未走 i18n（有 I18nConfig/messages.properties 未用）("code 不能为空")|错误文案硬编码中文，前端无国际化能力，多语言/文案调整需发版|改用 MessageSource.getMessage 从 messages*.properties 取文案|open|batch-4|
R4-01379|d:\6\恋爱小程序\apps\api\src\main\java\com\campuslove\api\auth\ThirdPartyAuthService.java|102|H|P3|中文 throw 消息未走 i18n（有 I18nConfig/messages.properties 未用）("微信登录凭证无效，请重新登录")|错误文案硬编码中文，前端无国际化能力，多语言/文案调整需发版|改用 MessageSource.getMessage 从 messages*.properties 取文案|open|batch-4|
R4-01380|d:\6\恋爱小程序\apps\api\src\main\java\com\campuslove\api\auth\ThirdPartyAuthService.java|218|H|P3|中文 throw 消息未走 i18n（有 I18nConfig/messages.properties 未用）("userId 不能为空")|错误文案硬编码中文，前端无国际化能力，多语言/文案调整需发版|改用 MessageSource.getMessage 从 messages*.properties 取文案|open|batch-4|
R4-01381|d:\6\恋爱小程序\apps\api\src\main\java\com\campuslove\api\auth\ThirdPartyAuthService.java|221|H|P3|中文 throw 消息未走 i18n（有 I18nConfig/messages.properties 未用）("provider 不能为空")|错误文案硬编码中文，前端无国际化能力，多语言/文案调整需发版|改用 MessageSource.getMessage 从 messages*.properties 取文案|open|batch-4|
R4-01382|d:\6\恋爱小程序\apps\api\src\main\java\com\campuslove\api\auth\ThirdPartyAuthService.java|224|H|P3|中文 throw 消息未走 i18n（有 I18nConfig/messages.properties 未用）("openId 不能为空")|错误文案硬编码中文，前端无国际化能力，多语言/文案调整需发版|改用 MessageSource.getMessage 从 messages*.properties 取文案|open|batch-4|
R4-01383|d:\6\恋爱小程序\apps\api\src\main\java\com\campuslove\api\auth\ThirdPartyAuthService.java|269|H|P3|中文 throw 消息未走 i18n（有 I18nConfig/messages.properties 未用）("userId 不能为空")|错误文案硬编码中文，前端无国际化能力，多语言/文案调整需发版|改用 MessageSource.getMessage 从 messages*.properties 取文案|open|batch-4|
R4-01384|d:\6\恋爱小程序\apps\api\src\main\java\com\campuslove\api\auth\ThirdPartyAuthService.java|272|H|P3|中文 throw 消息未走 i18n（有 I18nConfig/messages.properties 未用）("provider 不能为空")|错误文案硬编码中文，前端无国际化能力，多语言/文案调整需发版|改用 MessageSource.getMessage 从 messages*.properties 取文案|open|batch-4|
R4-01385|d:\6\恋爱小程序\apps\api\src\main\java\com\campuslove\api\auth\ThirdPartyAuthService.java|293|H|P3|中文 throw 消息未走 i18n（有 I18nConfig/messages.properties 未用）("userId 不能为空")|错误文案硬编码中文，前端无国际化能力，多语言/文案调整需发版|改用 MessageSource.getMessage 从 messages*.properties 取文案|open|batch-4|
R4-01386|d:\6\恋爱小程序\apps\api\src\main\java\com\campuslove\api\auth\ThirdPartyAuthService.java|320|H|P3|中文 throw 消息未走 i18n（有 I18nConfig/messages.properties 未用）("SHA-256 算法不可用")|错误文案硬编码中文，前端无国际化能力，多语言/文案调整需发版|改用 MessageSource.getMessage 从 messages*.properties 取文案|open|batch-4|
R4-01387|d:\6\恋爱小程序\apps\api\src\main\java\com\campuslove\api\auth\RealAuthService.java|350|H|P3|中文 throw 消息未走 i18n（有 I18nConfig/messages.properties 未用）("用户登录处理失败，请稍后重试")|错误文案硬编码中文，前端无国际化能力，多语言/文案调整需发版|改用 MessageSource.getMessage 从 messages*.properties 取文案|open|batch-4|
R4-01388|d:\6\恋爱小程序\apps\api\src\main\java\com\campuslove\api\auth\RealAuthService.java|356|H|P3|中文 throw 消息未走 i18n（有 I18nConfig/messages.properties 未用）("用户登录处理失败，请稍后重试")|错误文案硬编码中文，前端无国际化能力，多语言/文案调整需发版|改用 MessageSource.getMessage 从 messages*.properties 取文案|open|batch-4|
R4-01389|d:\6\恋爱小程序\apps\api\src\main\java\com\campuslove\api\auth\RealAuthService.java|360|H|P3|中文 throw 消息未走 i18n（有 I18nConfig/messages.properties 未用）("用户登录处理失败，请稍后重试")|错误文案硬编码中文，前端无国际化能力，多语言/文案调整需发版|改用 MessageSource.getMessage 从 messages*.properties 取文案|open|batch-4|
R4-01390|d:\6\恋爱小程序\apps\api\src\main\java\com\campuslove\api\auth\RealAuthService.java|366|H|P3|中文 throw 消息未走 i18n（有 I18nConfig/messages.properties 未用）("Token 不能为空")|错误文案硬编码中文，前端无国际化能力，多语言/文案调整需发版|改用 MessageSource.getMessage 从 messages*.properties 取文案|open|batch-4|
R4-01391|d:\6\恋爱小程序\apps\api\src\main\java\com\campuslove\api\auth\RealAuthService.java|371|H|P3|中文 throw 消息未走 i18n（有 I18nConfig/messages.properties 未用）("Token 无效或已过期")|错误文案硬编码中文，前端无国际化能力，多语言/文案调整需发版|改用 MessageSource.getMessage 从 messages*.properties 取文案|open|batch-4|
R4-01392|d:\6\恋爱小程序\apps\api\src\main\java\com\campuslove\api\auth\RealAuthService.java|379|H|P3|中文 throw 消息未走 i18n（有 I18nConfig/messages.properties 未用）("Token 已被撤销，请重新登录")|错误文案硬编码中文，前端无国际化能力，多语言/文案调整需发版|改用 MessageSource.getMessage 从 messages*.properties 取文案|open|batch-4|
R4-01393|d:\6\恋爱小程序\apps\api\src\main\java\com\campuslove\api\auth\RealAuthService.java|385|H|P3|中文 throw 消息未走 i18n（有 I18nConfig/messages.properties 未用）("无法从 Token 中提取用户信息")|错误文案硬编码中文，前端无国际化能力，多语言/文案调整需发版|改用 MessageSource.getMessage 从 messages*.properties 取文案|open|batch-4|
R4-01394|d:\6\恋爱小程序\apps\api\src\main\java\com\campuslove\api\auth\RealAuthService.java|396|H|P3|中文 throw 消息未走 i18n（有 I18nConfig/messages.properties 未用）("用户不存在")|错误文案硬编码中文，前端无国际化能力，多语言/文案调整需发版|改用 MessageSource.getMessage 从 messages*.properties 取文案|open|batch-4|
R4-01395|d:\6\恋爱小程序\apps\api\src\main\java\com\campuslove\api\auth\RealAuthService.java|413|H|P3|中文 throw 消息未走 i18n（有 I18nConfig/messages.properties 未用）("用户 ID 格式无效")|错误文案硬编码中文，前端无国际化能力，多语言/文案调整需发版|改用 MessageSource.getMessage 从 messages*.properties 取文案|open|batch-4|
R4-01396|d:\6\恋爱小程序\apps\api\src\main\java\com\campuslove\api\auth\RealAuthService.java|438|H|P3|中文 throw 消息未走 i18n（有 I18nConfig/messages.properties 未用）("手机号格式不正确")|错误文案硬编码中文，前端无国际化能力，多语言/文案调整需发版|改用 MessageSource.getMessage 从 messages*.properties 取文案|open|batch-4|
R4-01397|d:\6\恋爱小程序\apps\api\src\main\java\com\campuslove\api\auth\RealAuthService.java|443|H|P3|中文 throw 消息未走 i18n（有 I18nConfig/messages.properties 未用）("该手机号不可注册")|错误文案硬编码中文，前端无国际化能力，多语言/文案调整需发版|改用 MessageSource.getMessage 从 messages*.properties 取文案|open|batch-4|
R4-01398|d:\6\恋爱小程序\apps\api\src\main\java\com\campuslove\api\auth\RealAuthService.java|446|H|P3|中文 throw 消息未走 i18n（有 I18nConfig/messages.properties 未用）("密码长度须为 6-64 位")|错误文案硬编码中文，前端无国际化能力，多语言/文案调整需发版|改用 MessageSource.getMessage 从 messages*.properties 取文案|open|batch-4|
R4-01399|d:\6\恋爱小程序\apps\api\src\main\java\com\campuslove\api\auth\RealAuthService.java|449|H|P3|中文 throw 消息未走 i18n（有 I18nConfig/messages.properties 未用）("昵称长度须为 1-20 字")|错误文案硬编码中文，前端无国际化能力，多语言/文案调整需发版|改用 MessageSource.getMessage 从 messages*.properties 取文案|open|batch-4|
R4-01400|d:\6\恋爱小程序\apps\api\src\main\java\com\campuslove\api\auth\RealAuthService.java|453|H|P3|中文 throw 消息未走 i18n（有 I18nConfig/messages.properties 未用）("该手机号已注册")|错误文案硬编码中文，前端无国际化能力，多语言/文案调整需发版|改用 MessageSource.getMessage 从 messages*.properties 取文案|open|batch-4|
R4-01401|d:\6\恋爱小程序\apps\api\src\main\java\com\campuslove\api\auth\RealAuthService.java|474|H|P3|中文 throw 消息未走 i18n（有 I18nConfig/messages.properties 未用）("该手机号已注册，请直接登录")|错误文案硬编码中文，前端无国际化能力，多语言/文案调整需发版|改用 MessageSource.getMessage 从 messages*.properties 取文案|open|batch-4|
R4-01402|d:\6\恋爱小程序\apps\api\src\main\java\com\campuslove\api\auth\RealAuthService.java|494|H|P3|中文 throw 消息未走 i18n（有 I18nConfig/messages.properties 未用）("手机号或密码错误")|错误文案硬编码中文，前端无国际化能力，多语言/文案调整需发版|改用 MessageSource.getMessage 从 messages*.properties 取文案|open|batch-4|
R4-01403|d:\6\恋爱小程序\apps\api\src\main\java\com\campuslove\api\auth\RealAuthService.java|499|H|P3|中文 throw 消息未走 i18n（有 I18nConfig/messages.properties 未用）("该手机号不可登录")|错误文案硬编码中文，前端无国际化能力，多语言/文案调整需发版|改用 MessageSource.getMessage 从 messages*.properties 取文案|open|batch-4|
R4-01404|d:\6\恋爱小程序\apps\api\src\main\java\com\campuslove\api\auth\RealAuthService.java|503|H|P3|中文 throw 消息未走 i18n（有 I18nConfig/messages.properties 未用）("手机号或密码错误")|错误文案硬编码中文，前端无国际化能力，多语言/文案调整需发版|改用 MessageSource.getMessage 从 messages*.properties 取文案|open|batch-4|
R4-01405|d:\6\恋爱小程序\apps\api\src\main\java\com\campuslove\api\auth\RealAuthService.java|511|H|P3|中文 throw 消息未走 i18n（有 I18nConfig/messages.properties 未用）("手机号或密码错误")|错误文案硬编码中文，前端无国际化能力，多语言/文案调整需发版|改用 MessageSource.getMessage 从 messages*.properties 取文案|open|batch-4|
R4-01406|d:\6\恋爱小程序\apps\api\src\main\java\com\campuslove\api\auth\RealAuthService.java|536|H|P3|中文 throw 消息未走 i18n（有 I18nConfig/messages.properties 未用）("体验账号入口已关闭，请使用其他方式登录")|错误文案硬编码中文，前端无国际化能力，多语言/文案调整需发版|改用 MessageSource.getMessage 从 messages*.properties 取文案|open|batch-4|
R4-01407|d:\6\恋爱小程序\apps\api\src\main\java\com\campuslove\api\auth\RealAuthService.java|633|H|P3|中文 throw 消息未走 i18n（有 I18nConfig/messages.properties 未用）("管理员账号或密码错误")|错误文案硬编码中文，前端无国际化能力，多语言/文案调整需发版|改用 MessageSource.getMessage 从 messages*.properties 取文案|open|batch-4|
R4-01408|d:\6\恋爱小程序\apps\api\src\main\java\com\campuslove\api\auth\RealAuthService.java|640|H|P3|中文 throw 消息未走 i18n（有 I18nConfig/messages.properties 未用）("管理员账号或密码错误")|错误文案硬编码中文，前端无国际化能力，多语言/文案调整需发版|改用 MessageSource.getMessage 从 messages*.properties 取文案|open|batch-4|
R4-01409|d:\6\恋爱小程序\apps\api\src\main\java\com\campuslove\api\auth\RealAuthService.java|651|H|P3|中文 throw 消息未走 i18n（有 I18nConfig/messages.properties 未用）("管理员账号已被禁用，请联系超级管理员")|错误文案硬编码中文，前端无国际化能力，多语言/文案调整需发版|改用 MessageSource.getMessage 从 messages*.properties 取文案|open|batch-4|
R4-01410|d:\6\恋爱小程序\apps\api\src\main\java\com\campuslove\api\auth\RealAuthService.java|662|H|P3|中文 throw 消息未走 i18n（有 I18nConfig/messages.properties 未用）("所在高校已被停用，请联系超级管理员")|错误文案硬编码中文，前端无国际化能力，多语言/文案调整需发版|改用 MessageSource.getMessage 从 messages*.properties 取文案|open|batch-4|
R4-01411|d:\6\恋爱小程序\apps\api\src\main\java\com\campuslove\api\auth\RealAuthService.java|685|H|P3|中文 throw 消息未走 i18n（有 I18nConfig/messages.properties 未用）("管理员登录未启用")|错误文案硬编码中文，前端无国际化能力，多语言/文案调整需发版|改用 MessageSource.getMessage 从 messages*.properties 取文案|open|batch-4|
R4-01412|d:\6\恋爱小程序\apps\api\src\main\java\com\campuslove\api\auth\RealAuthService.java|688|H|P3|中文 throw 消息未走 i18n（有 I18nConfig/messages.properties 未用）("管理员账号或密码错误")|错误文案硬编码中文，前端无国际化能力，多语言/文案调整需发版|改用 MessageSource.getMessage 从 messages*.properties 取文案|open|batch-4|
R4-01413|d:\6\恋爱小程序\apps\api\src\main\java\com\campuslove\api\auth\RealAuthService.java|722|H|P3|中文 throw 消息未走 i18n（有 I18nConfig/messages.properties 未用）("rawPassword 不能为空")|错误文案硬编码中文，前端无国际化能力，多语言/文案调整需发版|改用 MessageSource.getMessage 从 messages*.properties 取文案|open|batch-4|
R4-01414|d:\6\恋爱小程序\apps\api\src\main\java\com\campuslove\api\auth\RealAuthService.java|818|H|P3|中文 throw 消息未走 i18n（有 I18nConfig/messages.properties 未用）("rawPassword 不能为空")|错误文案硬编码中文，前端无国际化能力，多语言/文案调整需发版|改用 MessageSource.getMessage 从 messages*.properties 取文案|open|batch-4|
R4-01415|d:\6\恋爱小程序\apps\api\src\main\java\com\campuslove\api\auth\RealAuthService.java|928|H|P3|中文 throw 消息未走 i18n（有 I18nConfig/messages.properties 未用）("SHA-256 算法不可用")|错误文案硬编码中文，前端无国际化能力，多语言/文案调整需发版|改用 MessageSource.getMessage 从 messages*.properties 取文案|open|batch-4|
R4-01416|d:\6\恋爱小程序\apps\api\src\main\java\com\campuslove\api\admin\AdminCoinController.java|75|H|P3|中文 throw 消息未走 i18n（有 I18nConfig/messages.properties 未用）("起始日期不能晚于结束日期")|错误文案硬编码中文，前端无国际化能力，多语言/文案调整需发版|改用 MessageSource.getMessage 从 messages*.properties 取文案|open|batch-4|
R4-01417|d:\6\恋爱小程序\apps\api\src\main\java\com\campuslove\api\admin\AdminCoinController.java|129|H|P3|中文 throw 消息未走 i18n（有 I18nConfig/messages.properties 未用）("非法流水类型参数: ")|错误文案硬编码中文，前端无国际化能力，多语言/文案调整需发版|改用 MessageSource.getMessage 从 messages*.properties 取文案|open|batch-4|
R4-01418|d:\6\恋爱小程序\apps\api\src\main\java\com\campuslove\api\admin\AdminCircleController.java|133|H|P3|中文 throw 消息未走 i18n（有 I18nConfig/messages.properties 未用）("圈名不能为空")|错误文案硬编码中文，前端无国际化能力，多语言/文案调整需发版|改用 MessageSource.getMessage 从 messages*.properties 取文案|open|batch-4|
R4-01419|d:\6\恋爱小程序\apps\api\src\main\java\com\campuslove\api\admin\AdminCircleController.java|136|H|P3|中文 throw 消息未走 i18n（有 I18nConfig/messages.properties 未用）("圈名长度不能超过 64 字")|错误文案硬编码中文，前端无国际化能力，多语言/文案调整需发版|改用 MessageSource.getMessage 从 messages*.properties 取文案|open|batch-4|
R4-01420|d:\6\恋爱小程序\apps\api\src\main\java\com\campuslove\api\admin\AdminCircleController.java|141|H|P3|中文 throw 消息未走 i18n（有 I18nConfig/messages.properties 未用）("该圈名已存在: ")|错误文案硬编码中文，前端无国际化能力，多语言/文案调整需发版|改用 MessageSource.getMessage 从 messages*.properties 取文案|open|batch-4|
R4-01421|d:\6\恋爱小程序\apps\api\src\main\java\com\campuslove\api\admin\AdminCircleController.java|184|H|P3|中文 throw 消息未走 i18n（有 I18nConfig/messages.properties 未用）("圈名长度不能超过 64 字")|错误文案硬编码中文，前端无国际化能力，多语言/文案调整需发版|改用 MessageSource.getMessage 从 messages*.properties 取文案|open|batch-4|
R4-01422|d:\6\恋爱小程序\apps\api\src\main\java\com\campuslove\api\admin\AdminCircleController.java|189|H|P3|中文 throw 消息未走 i18n（有 I18nConfig/messages.properties 未用）("该圈名已存在: ")|错误文案硬编码中文，前端无国际化能力，多语言/文案调整需发版|改用 MessageSource.getMessage 从 messages*.properties 取文案|open|batch-4|
R4-01423|d:\6\恋爱小程序\apps\api\src\main\java\com\campuslove\api\auth\MockAuthService.java|43|H|P3|中文 throw 消息未走 i18n（有 I18nConfig/messages.properties 未用）("Token 不能为空")|错误文案硬编码中文，前端无国际化能力，多语言/文案调整需发版|改用 MessageSource.getMessage 从 messages*.properties 取文案|open|batch-4|
R4-01424|d:\6\恋爱小程序\apps\api\src\main\java\com\campuslove\api\admin\AdminDataScope.java|119|H|P3|中文 throw 消息未走 i18n（有 I18nConfig/messages.properties 未用）("校区管理员无权操作其他校区的数据")|错误文案硬编码中文，前端无国际化能力，多语言/文案调整需发版|改用 MessageSource.getMessage 从 messages*.properties 取文案|open|batch-4|
R4-01425|d:\6\恋爱小程序\apps\api\src\main\java\com\campuslove\api\chat\RealInteractionEventService.java|59|H|P3|中文 throw 消息未走 i18n（有 I18nConfig/messages.properties 未用）("userId 和 triggerUserId 不能为空")|错误文案硬编码中文，前端无国际化能力，多语言/文案调整需发版|改用 MessageSource.getMessage 从 messages*.properties 取文案|open|batch-4|
R4-01426|d:\6\恋爱小程序\apps\api\src\main\java\com\campuslove\api\chat\RealInteractionEventService.java|94|H|P3|中文 throw 消息未走 i18n（有 I18nConfig/messages.properties 未用）("userId 不能为空")|错误文案硬编码中文，前端无国际化能力，多语言/文案调整需发版|改用 MessageSource.getMessage 从 messages*.properties 取文案|open|batch-4|
R4-01427|d:\6\恋爱小程序\apps\api\src\main\java\com\campuslove\api\chat\RealInteractionEventService.java|119|H|P3|中文 throw 消息未走 i18n（有 I18nConfig/messages.properties 未用）("userId 不能为空")|错误文案硬编码中文，前端无国际化能力，多语言/文案调整需发版|改用 MessageSource.getMessage 从 messages*.properties 取文案|open|batch-4|
R4-01428|d:\6\恋爱小程序\apps\api\src\main\java\com\campuslove\api\chat\RealInteractionEventService.java|135|H|P3|中文 throw 消息未走 i18n（有 I18nConfig/messages.properties 未用）("eventId 和 userId 不能为空")|错误文案硬编码中文，前端无国际化能力，多语言/文案调整需发版|改用 MessageSource.getMessage 从 messages*.properties 取文案|open|batch-4|
R4-01429|d:\6\恋爱小程序\apps\api\src\main\java\com\campuslove\api\chat\RealInteractionEventService.java|140|H|P3|中文 throw 消息未走 i18n（有 I18nConfig/messages.properties 未用）("互动事件不存在或不属于该用户: eventId=")|错误文案硬编码中文，前端无国际化能力，多语言/文案调整需发版|改用 MessageSource.getMessage 从 messages*.properties 取文案|open|batch-4|
R4-01430|d:\6\恋爱小程序\apps\api\src\main\java\com\campuslove\api\chat\RealInteractionEventService.java|157|H|P3|中文 throw 消息未走 i18n（有 I18nConfig/messages.properties 未用）("userId 不能为空")|错误文案硬编码中文，前端无国际化能力，多语言/文案调整需发版|改用 MessageSource.getMessage 从 messages*.properties 取文案|open|batch-4|
R4-01431|d:\6\恋爱小程序\apps\api\src\main\java\com\campuslove\api\chat\VoiceMessageService.java|108|H|P3|中文 throw 消息未走 i18n（有 I18nConfig/messages.properties 未用）("用户 ID 不能为空")|错误文案硬编码中文，前端无国际化能力，多语言/文案调整需发版|改用 MessageSource.getMessage 从 messages*.properties 取文案|open|batch-4|
R4-01432|d:\6\恋爱小程序\apps\api\src\main\java\com\campuslove\api\chat\VoiceMessageService.java|112|H|P3|中文 throw 消息未走 i18n（有 I18nConfig/messages.properties 未用）("语音文件不能为空")|错误文案硬编码中文，前端无国际化能力，多语言/文案调整需发版|改用 MessageSource.getMessage 从 messages*.properties 取文案|open|batch-4|
R4-01433|d:\6\恋爱小程序\apps\api\src\main\java\com\campuslove\api\chat\VoiceMessageService.java|136|H|P3|中文 throw 消息未走 i18n（有 I18nConfig/messages.properties 未用）("不支持的语音 MIME 类型：")|错误文案硬编码中文，前端无国际化能力，多语言/文案调整需发版|改用 MessageSource.getMessage 从 messages*.properties 取文案|open|batch-4|
R4-01434|d:\6\恋爱小程序\apps\api\src\main\java\com\campuslove\api\chat\VoiceMessageService.java|153|H|P3|中文 throw 消息未走 i18n（有 I18nConfig/messages.properties 未用）("语音存储路径异常，已拒绝")|错误文案硬编码中文，前端无国际化能力，多语言/文案调整需发版|改用 MessageSource.getMessage 从 messages*.properties 取文案|open|batch-4|
R4-01435|d:\6\恋爱小程序\apps\api\src\main\java\com\campuslove\api\chat\VoiceMessageService.java|172|H|P3|中文 throw 消息未走 i18n（有 I18nConfig/messages.properties 未用）("语音上传失败，请稍后重试")|错误文案硬编码中文，前端无国际化能力，多语言/文案调整需发版|改用 MessageSource.getMessage 从 messages*.properties 取文案|open|batch-4|
R4-01436|d:\6\恋爱小程序\apps\api\src\main\java\com\campuslove\api\chat\VoiceMessageService.java|176|H|P3|中文 throw 消息未走 i18n（有 I18nConfig/messages.properties 未用）("语音上传失败，请稍后重试")|错误文案硬编码中文，前端无国际化能力，多语言/文案调整需发版|改用 MessageSource.getMessage 从 messages*.properties 取文案|open|batch-4|
R4-01437|d:\6\恋爱小程序\apps\api\src\main\java\com\campuslove\api\chat\VoiceMessageService.java|228|H|P3|中文 throw 消息未走 i18n（有 I18nConfig/messages.properties 未用）("无权删除该语音文件")|错误文案硬编码中文，前端无国际化能力，多语言/文案调整需发版|改用 MessageSource.getMessage 从 messages*.properties 取文案|open|batch-4|
R4-01438|d:\6\恋爱小程序\apps\api\src\main\java\com\campuslove\api\chat\VoiceMessageService.java|238|H|P3|中文 throw 消息未走 i18n（有 I18nConfig/messages.properties 未用）("删除语音文件失败，请稍后重试")|错误文案硬编码中文，前端无国际化能力，多语言/文案调整需发版|改用 MessageSource.getMessage 从 messages*.properties 取文案|open|batch-4|
R4-01439|d:\6\恋爱小程序\apps\api\src\main\java\com\campuslove\api\chat\VoiceMessageService.java|242|H|P3|中文 throw 消息未走 i18n（有 I18nConfig/messages.properties 未用）("删除语音文件失败，请稍后重试")|错误文案硬编码中文，前端无国际化能力，多语言/文案调整需发版|改用 MessageSource.getMessage 从 messages*.properties 取文案|open|batch-4|
R4-01440|d:\6\恋爱小程序\apps\api\src\main\java\com\campuslove\api\chat\VoiceMessageController.java|141|H|P3|中文 throw 消息未走 i18n（有 I18nConfig/messages.properties 未用）("URL 包含非法字符（反斜杠）")|错误文案硬编码中文，前端无国际化能力，多语言/文案调整需发版|改用 MessageSource.getMessage 从 messages*.properties 取文案|open|batch-4|
R4-01441|d:\6\恋爱小程序\apps\api\src\main\java\com\campuslove\api\chat\VideoCallService.java|79|H|P3|中文 throw 消息未走 i18n（有 I18nConfig/messages.properties 未用）("发起方用户 ID 不能为空")|错误文案硬编码中文，前端无国际化能力，多语言/文案调整需发版|改用 MessageSource.getMessage 从 messages*.properties 取文案|open|batch-4|
R4-01442|d:\6\恋爱小程序\apps\api\src\main\java\com\campuslove\api\chat\VideoCallService.java|82|H|P3|中文 throw 消息未走 i18n（有 I18nConfig/messages.properties 未用）("接收方用户 ID 不能为空")|错误文案硬编码中文，前端无国际化能力，多语言/文案调整需发版|改用 MessageSource.getMessage 从 messages*.properties 取文案|open|batch-4|
R4-01443|d:\6\恋爱小程序\apps\api\src\main\java\com\campuslove\api\chat\VideoCallService.java|85|H|P3|中文 throw 消息未走 i18n（有 I18nConfig/messages.properties 未用）("不能与自己进行视频通话")|错误文案硬编码中文，前端无国际化能力，多语言/文案调整需发版|改用 MessageSource.getMessage 从 messages*.properties 取文案|open|batch-4|
R4-01444|d:\6\恋爱小程序\apps\api\src\main\java\com\campuslove\api\chat\VideoCallService.java|89|H|P3|中文 throw 消息未走 i18n（有 I18nConfig/messages.properties 未用）("发起方用户不存在")|错误文案硬编码中文，前端无国际化能力，多语言/文案调整需发版|改用 MessageSource.getMessage 从 messages*.properties 取文案|open|batch-4|
R4-01445|d:\6\恋爱小程序\apps\api\src\main\java\com\campuslove\api\chat\VideoCallService.java|92|H|P3|中文 throw 消息未走 i18n（有 I18nConfig/messages.properties 未用）("接收方用户不存在")|错误文案硬编码中文，前端无国际化能力，多语言/文案调整需发版|改用 MessageSource.getMessage 从 messages*.properties 取文案|open|batch-4|
R4-01446|d:\6\恋爱小程序\apps\api\src\main\java\com\campuslove\api\chat\VideoCallService.java|127|H|P3|中文 throw 消息未走 i18n（有 I18nConfig/messages.properties 未用）("视频通话发起失败，请稍后重试")|错误文案硬编码中文，前端无国际化能力，多语言/文案调整需发版|改用 MessageSource.getMessage 从 messages*.properties 取文案|open|batch-4|
R4-01447|d:\6\恋爱小程序\apps\api\src\main\java\com\campuslove\api\chat\VideoCallService.java|151|H|P3|中文 throw 消息未走 i18n（有 I18nConfig/messages.properties 未用）("通话房间 ID 不能为空")|错误文案硬编码中文，前端无国际化能力，多语言/文案调整需发版|改用 MessageSource.getMessage 从 messages*.properties 取文案|open|batch-4|
R4-01448|d:\6\恋爱小程序\apps\api\src\main\java\com\campuslove\api\chat\VideoCallService.java|154|H|P3|中文 throw 消息未走 i18n（有 I18nConfig/messages.properties 未用）("操作用户 ID 不能为空")|错误文案硬编码中文，前端无国际化能力，多语言/文案调整需发版|改用 MessageSource.getMessage 从 messages*.properties 取文案|open|batch-4|
R4-01449|d:\6\恋爱小程序\apps\api\src\main\java\com\campuslove\api\chat\VideoCallService.java|162|H|P3|中文 throw 消息未走 i18n（有 I18nConfig/messages.properties 未用）("无权操作此通话")|错误文案硬编码中文，前端无国际化能力，多语言/文案调整需发版|改用 MessageSource.getMessage 从 messages*.properties 取文案|open|batch-4|
R4-01450|d:\6\恋爱小程序\apps\api\src\main\java\com\campuslove\api\chat\VideoCallService.java|168|H|P3|中文 throw 消息未走 i18n（有 I18nConfig/messages.properties 未用）("通话已结束，无需重复操作")|错误文案硬编码中文，前端无国际化能力，多语言/文案调整需发版|改用 MessageSource.getMessage 从 messages*.properties 取文案|open|batch-4|
R4-01451|d:\6\恋爱小程序\apps\api\src\main\java\com\campuslove\api\chat\VideoCallService.java|214|H|P3|中文 throw 消息未走 i18n（有 I18nConfig/messages.properties 未用）("视频通话结束失败，请稍后重试")|错误文案硬编码中文，前端无国际化能力，多语言/文案调整需发版|改用 MessageSource.getMessage 从 messages*.properties 取文案|open|batch-4|
R4-01452|d:\6\恋爱小程序\apps\api\src\main\java\com\campuslove\api\chat\VideoCallService.java|230|H|P3|中文 throw 消息未走 i18n（有 I18nConfig/messages.properties 未用）("用户 ID 不能为空")|错误文案硬编码中文，前端无国际化能力，多语言/文案调整需发版|改用 MessageSource.getMessage 从 messages*.properties 取文案|open|batch-4|
R4-01453|d:\6\恋爱小程序\apps\api\src\main\java\com\campuslove\api\chat\VideoCallService.java|243|H|P3|中文 throw 消息未走 i18n（有 I18nConfig/messages.properties 未用）("查询通话记录失败，请稍后重试")|错误文案硬编码中文，前端无国际化能力，多语言/文案调整需发版|改用 MessageSource.getMessage 从 messages*.properties 取文案|open|batch-4|
R4-01454|d:\6\恋爱小程序\apps\api\src\main\java\com\campuslove\api\discover\UserPreferenceCalculator.java|119|H|P3|中文 throw 消息未走 i18n（有 I18nConfig/messages.properties 未用）("userId 不能为空")|错误文案硬编码中文，前端无国际化能力，多语言/文案调整需发版|改用 MessageSource.getMessage 从 messages*.properties 取文案|open|batch-4|
R4-01455|d:\6\恋爱小程序\apps\api\src\main\java\com\campuslove\api\discover\UserPreferenceCalculator.java|122|H|P3|中文 throw 消息未走 i18n（有 I18nConfig/messages.properties 未用）("偏好数据不能为空")|错误文案硬编码中文，前端无国际化能力，多语言/文案调整需发版|改用 MessageSource.getMessage 从 messages*.properties 取文案|open|batch-4|
R4-01456|d:\6\恋爱小程序\apps\api\src\main\java\com\campuslove\api\discover\UserPreferenceCalculator.java|125|H|P3|中文 throw 消息未走 i18n（有 I18nConfig/messages.properties 未用）("推荐时间偏好(preferredTime)不能为空")|错误文案硬编码中文，前端无国际化能力，多语言/文案调整需发版|改用 MessageSource.getMessage 从 messages*.properties 取文案|open|batch-4|
R4-01457|d:\6\恋爱小程序\apps\api\src\main\java\com\campuslove\api\discover\UserPreferenceCalculator.java|128|H|P3|中文 throw 消息未走 i18n（有 I18nConfig/messages.properties 未用）("推荐范围(scope)不能为空")|错误文案硬编码中文，前端无国际化能力，多语言/文案调整需发版|改用 MessageSource.getMessage 从 messages*.properties 取文案|open|batch-4|
R4-01458|d:\6\恋爱小程序\apps\api\src\main\java\com\campuslove\api\discover\UserPreferenceCalculator.java|156|H|P3|中文 throw 消息未走 i18n（有 I18nConfig/messages.properties 未用）("保存推荐偏好失败，用户ID: ")|错误文案硬编码中文，前端无国际化能力，多语言/文案调整需发版|改用 MessageSource.getMessage 从 messages*.properties 取文案|open|batch-4|
R4-01459|d:\6\恋爱小程序\apps\api\src\main\java\com\campuslove\api\chat\TempChatMessageService.java|77|H|P3|中文 throw 消息未走 i18n（有 I18nConfig/messages.properties 未用）("当前用户 ID 不能为空")|错误文案硬编码中文，前端无国际化能力，多语言/文案调整需发版|改用 MessageSource.getMessage 从 messages*.properties 取文案|open|batch-4|
R4-01460|d:\6\恋爱小程序\apps\api\src\main\java\com\campuslove\api\chat\TempChatMessageService.java|222|H|P3|中文 throw 消息未走 i18n（有 I18nConfig/messages.properties 未用）("当前用户 ID 不能为空")|错误文案硬编码中文，前端无国际化能力，多语言/文案调整需发版|改用 MessageSource.getMessage 从 messages*.properties 取文案|open|batch-4|
R4-01461|d:\6\恋爱小程序\apps\api\src\main\java\com\campuslove\api\chat\TempChatCleanupService.java|168|H|P3|中文 throw 消息未走 i18n（有 I18nConfig/messages.properties 未用）("当前用户 ID 不能为空")|错误文案硬编码中文，前端无国际化能力，多语言/文案调整需发版|改用 MessageSource.getMessage 从 messages*.properties 取文案|open|batch-4|
R4-01462|d:\6\恋爱小程序\apps\api\src\main\java\com\campuslove\api\chat\TempChatCleanupService.java|266|H|P3|中文 throw 消息未走 i18n（有 I18nConfig/messages.properties 未用）("非法操作方: ")|错误文案硬编码中文，前端无国际化能力，多语言/文案调整需发版|改用 MessageSource.getMessage 从 messages*.properties 取文案|open|batch-4|
R4-01463|d:\6\恋爱小程序\apps\api\src\main\java\com\campuslove\api\chat\TempChatSessionService.java|142|H|P3|中文 throw 消息未走 i18n（有 I18nConfig/messages.properties 未用）("无法解析推荐人信息: recommendedPersonId=")|错误文案硬编码中文，前端无国际化能力，多语言/文案调整需发版|改用 MessageSource.getMessage 从 messages*.properties 取文案|open|batch-4|
R4-01464|d:\6\恋爱小程序\apps\api\src\main\java\com\campuslove\api\chat\TempChatSessionService.java|335|H|P3|中文 throw 消息未走 i18n（有 I18nConfig/messages.properties 未用）("会话 ID 不能为空")|错误文案硬编码中文，前端无国际化能力，多语言/文案调整需发版|改用 MessageSource.getMessage 从 messages*.properties 取文案|open|batch-4|
R4-01465|d:\6\恋爱小程序\apps\api\src\main\java\com\campuslove\api\chat\TempChatSessionService.java|376|H|P3|中文 throw 消息未走 i18n（有 I18nConfig/messages.properties 未用）("当前用户 ID 不能为空")|错误文案硬编码中文，前端无国际化能力，多语言/文案调整需发版|改用 MessageSource.getMessage 从 messages*.properties 取文案|open|batch-4|
R4-01466|d:\6\恋爱小程序\apps\api\src\main\java\com\campuslove\api\chat\TempChatSessionService.java|517|H|P3|中文 throw 消息未走 i18n（有 I18nConfig/messages.properties 未用）("心动信号无效或已过期: signalId=")|错误文案硬编码中文，前端无国际化能力，多语言/文案调整需发版|改用 MessageSource.getMessage 从 messages*.properties 取文案|open|batch-4|
R4-01467|d:\6\恋爱小程序\apps\api\src\main\java\com\campuslove\api\chat\TempChatSessionService.java|522|H|P3|中文 throw 消息未走 i18n（有 I18nConfig/messages.properties 未用）("心动信号无效或已过期: signalId=")|错误文案硬编码中文，前端无国际化能力，多语言/文案调整需发版|改用 MessageSource.getMessage 从 messages*.properties 取文案|open|batch-4|
R4-01468|d:\6\恋爱小程序\apps\api\src\main\java\com\campuslove\api\discover\RecommendationController.java|186|H|P3|中文 throw 消息未走 i18n（有 I18nConfig/messages.properties 未用）("heightMin 不能大于 heightMax")|错误文案硬编码中文，前端无国际化能力，多语言/文案调整需发版|改用 MessageSource.getMessage 从 messages*.properties 取文案|open|batch-4|
R4-01469|d:\6\恋爱小程序\apps\api\src\main\java\com\campuslove\api\discover\RecommendationController.java|190|H|P3|中文 throw 消息未走 i18n（有 I18nConfig/messages.properties 未用）("ageMin 必须在 ")|错误文案硬编码中文，前端无国际化能力，多语言/文案调整需发版|改用 MessageSource.getMessage 从 messages*.properties 取文案|open|batch-4|
R4-01470|d:\6\恋爱小程序\apps\api\src\main\java\com\campuslove\api\discover\RecommendationController.java|193|H|P3|中文 throw 消息未走 i18n（有 I18nConfig/messages.properties 未用）("ageMax 必须在 ")|错误文案硬编码中文，前端无国际化能力，多语言/文案调整需发版|改用 MessageSource.getMessage 从 messages*.properties 取文案|open|batch-4|
R4-01471|d:\6\恋爱小程序\apps\api\src\main\java\com\campuslove\api\discover\RecommendationController.java|196|H|P3|中文 throw 消息未走 i18n（有 I18nConfig/messages.properties 未用）("ageMin 不能大于 ageMax")|错误文案硬编码中文，前端无国际化能力，多语言/文案调整需发版|改用 MessageSource.getMessage 从 messages*.properties 取文案|open|batch-4|
R4-01472|d:\6\恋爱小程序\apps\api\src\main\java\com\campuslove\api\config\PasswordEncoderConfig.java|82|H|P3|中文 throw 消息未走 i18n（有 I18nConfig/messages.properties 未用）("rawPassword 不能为 null")|错误文案硬编码中文，前端无国际化能力，多语言/文案调整需发版|改用 MessageSource.getMessage 从 messages*.properties 取文案|open|batch-4|
R4-01473|d:\6\恋爱小程序\apps\api\src\main\java\com\campuslove\api\discover\RealDailyQuestionService.java|100|H|P3|中文 throw 消息未走 i18n（有 I18nConfig/messages.properties 未用）("暂无每日一问记录，请稍后再试")|错误文案硬编码中文，前端无国际化能力，多语言/文案调整需发版|改用 MessageSource.getMessage 从 messages*.properties 取文案|open|batch-4|
R4-01474|d:\6\恋爱小程序\apps\api\src\main\java\com\campuslove\api\discover\RealDailyQuestionService.java|147|H|P3|中文 throw 消息未走 i18n（有 I18nConfig/messages.properties 未用）("您已经回答过该问题，不能重复回答")|错误文案硬编码中文，前端无国际化能力，多语言/文案调整需发版|改用 MessageSource.getMessage 从 messages*.properties 取文案|open|batch-4|
R4-01475|d:\6\恋爱小程序\apps\api\src\main\java\com\campuslove\api\discover\RealDailyQuestionService.java|191|H|P3|中文 throw 消息未走 i18n（有 I18nConfig/messages.properties 未用）("请先回答问题才能查看其他人的回答")|错误文案硬编码中文，前端无国际化能力，多语言/文案调整需发版|改用 MessageSource.getMessage 从 messages*.properties 取文案|open|batch-4|
R4-01476|d:\6\恋爱小程序\apps\api\src\main\java\com\campuslove\api\discover\RealDailyQuestionService.java|196|H|P3|中文 throw 消息未走 i18n（有 I18nConfig/messages.properties 未用）("问题不存在: ")|错误文案硬编码中文，前端无国际化能力，多语言/文案调整需发版|改用 MessageSource.getMessage 从 messages*.properties 取文案|open|batch-4|
R4-01477|d:\6\恋爱小程序\apps\api\src\main\java\com\campuslove\api\discover\RealCircleService.java|206|H|P3|中文 throw 消息未走 i18n（有 I18nConfig/messages.properties 未用）("userId 不能为空")|错误文案硬编码中文，前端无国际化能力，多语言/文案调整需发版|改用 MessageSource.getMessage 从 messages*.properties 取文案|open|batch-4|
R4-01478|d:\6\恋爱小程序\apps\api\src\main\java\com\campuslove\api\discover\RealCircleService.java|261|H|P3|中文 throw 消息未走 i18n（有 I18nConfig/messages.properties 未用）("userId 不能为空")|错误文案硬编码中文，前端无国际化能力，多语言/文案调整需发版|改用 MessageSource.getMessage 从 messages*.properties 取文案|open|batch-4|
R4-01479|d:\6\恋爱小程序\apps\api\src\main\java\com\campuslove\api\discover\RealCircleService.java|351|H|P3|中文 throw 消息未走 i18n（有 I18nConfig/messages.properties 未用）("authorId 不能为空")|错误文案硬编码中文，前端无国际化能力，多语言/文案调整需发版|改用 MessageSource.getMessage 从 messages*.properties 取文案|open|batch-4|
R4-01480|d:\6\恋爱小程序\apps\api\src\main\java\com\campuslove\api\discover\RealCircleService.java|354|H|P3|中文 throw 消息未走 i18n（有 I18nConfig/messages.properties 未用）("标题不能为空")|错误文案硬编码中文，前端无国际化能力，多语言/文案调整需发版|改用 MessageSource.getMessage 从 messages*.properties 取文案|open|batch-4|
R4-01481|d:\6\恋爱小程序\apps\api\src\main\java\com\campuslove\api\discover\RealCircleService.java|357|H|P3|中文 throw 消息未走 i18n（有 I18nConfig/messages.properties 未用）("内容不能为空")|错误文案硬编码中文，前端无国际化能力，多语言/文案调整需发版|改用 MessageSource.getMessage 从 messages*.properties 取文案|open|batch-4|
R4-01482|d:\6\恋爱小程序\apps\api\src\main\java\com\campuslove\api\discover\RealCircleService.java|427|H|P3|中文 throw 消息未走 i18n（有 I18nConfig/messages.properties 未用）("authorId 不能为空")|错误文案硬编码中文，前端无国际化能力，多语言/文案调整需发版|改用 MessageSource.getMessage 从 messages*.properties 取文案|open|batch-4|
R4-01483|d:\6\恋爱小程序\apps\api\src\main\java\com\campuslove\api\discover\RealCircleService.java|430|H|P3|中文 throw 消息未走 i18n（有 I18nConfig/messages.properties 未用）("回复内容不能为空")|错误文案硬编码中文，前端无国际化能力，多语言/文案调整需发版|改用 MessageSource.getMessage 从 messages*.properties 取文案|open|batch-4|
R4-01484|d:\6\恋爱小程序\apps\api\src\main\java\com\campuslove\api\discover\RealCircleService.java|438|H|P3|中文 throw 消息未走 i18n（有 I18nConfig/messages.properties 未用）("回复内容不能为空")|错误文案硬编码中文，前端无国际化能力，多语言/文案调整需发版|改用 MessageSource.getMessage 从 messages*.properties 取文案|open|batch-4|
R4-01485|d:\6\恋爱小程序\apps\api\src\main\java\com\campuslove\api\config\ContentFilterController.java|49|H|P3|中文 throw 消息未走 i18n（有 I18nConfig/messages.properties 未用）("content 长度不能超过 ")|错误文案硬编码中文，前端无国际化能力，多语言/文案调整需发版|改用 MessageSource.getMessage 从 messages*.properties 取文案|open|batch-4|
R4-01486|d:\6\恋爱小程序\apps\api\src\main\java\com\campuslove\api\discover\RealActivityService.java|128|H|P3|中文 throw 消息未走 i18n（有 I18nConfig/messages.properties 未用）("活动已结束，无法报名")|错误文案硬编码中文，前端无国际化能力，多语言/文案调整需发版|改用 MessageSource.getMessage 从 messages*.properties 取文案|open|batch-4|
R4-01487|d:\6\恋爱小程序\apps\api\src\main\java\com\campuslove\api\discover\MockRecommendationService.java|448|H|P3|中文 throw 消息未走 i18n（有 I18nConfig/messages.properties 未用）("userId 不能为空")|错误文案硬编码中文，前端无国际化能力，多语言/文案调整需发版|改用 MessageSource.getMessage 从 messages*.properties 取文案|open|batch-4|
R4-01488|d:\6\恋爱小程序\apps\api\src\main\java\com\campuslove\api\discover\MockRecommendationService.java|451|H|P3|中文 throw 消息未走 i18n（有 I18nConfig/messages.properties 未用）("偏好数据不能为空")|错误文案硬编码中文，前端无国际化能力，多语言/文案调整需发版|改用 MessageSource.getMessage 从 messages*.properties 取文案|open|batch-4|
R4-01489|d:\6\恋爱小程序\apps\api\src\main\java\com\campuslove\api\config\JwtAuthenticationFilter.java|144|H|P3|中文 throw 消息未走 i18n（有 I18nConfig/messages.properties 未用）("无效或已过期的 JWT token")|错误文案硬编码中文，前端无国际化能力，多语言/文案调整需发版|改用 MessageSource.getMessage 从 messages*.properties 取文案|open|batch-4|
R4-01490|d:\6\恋爱小程序\apps\api\src\main\java\com\campuslove\api\config\JwtAuthenticationFilter.java|151|H|P3|中文 throw 消息未走 i18n（有 I18nConfig/messages.properties 未用）("JWT token 中的用户ID格式无效: ")|错误文案硬编码中文，前端无国际化能力，多语言/文案调整需发版|改用 MessageSource.getMessage 从 messages*.properties 取文案|open|batch-4|
R4-01491|d:\6\恋爱小程序\apps\api\src\main\java\com\campuslove\api\config\JwtAuthenticationFilter.java|163|H|P3|中文 throw 消息未走 i18n（有 I18nConfig/messages.properties 未用）("用户不存在或已被删除: ")|错误文案硬编码中文，前端无国际化能力，多语言/文案调整需发版|改用 MessageSource.getMessage 从 messages*.properties 取文案|open|batch-4|
R4-01492|d:\6\恋爱小程序\apps\api\src\main\java\com\campuslove\api\config\JwtAuthenticationFilter.java|168|H|P3|中文 throw 消息未走 i18n（有 I18nConfig/messages.properties 未用）("用户已被禁用: ")|错误文案硬编码中文，前端无国际化能力，多语言/文案调整需发版|改用 MessageSource.getMessage 从 messages*.properties 取文案|open|batch-4|
R4-01493|d:\6\恋爱小程序\apps\api\src\main\java\com\campuslove\api\discover\MockDailyQuestionService.java|84|H|P3|中文 throw 消息未走 i18n（有 I18nConfig/messages.properties 未用）("请先回答问题才能查看其他人的回答")|错误文案硬编码中文，前端无国际化能力，多语言/文案调整需发版|改用 MessageSource.getMessage 从 messages*.properties 取文案|open|batch-4|
R4-01494|d:\6\恋爱小程序\apps\api\src\main\java\com\campuslove\api\config\AesEncryptor.java|113|H|P3|中文 throw 消息未走 i18n（有 I18nConfig/messages.properties 未用）("SHA-256 算法不可用")|错误文案硬编码中文，前端无国际化能力，多语言/文案调整需发版|改用 MessageSource.getMessage 从 messages*.properties 取文案|open|batch-4|
R4-01495|d:\6\恋爱小程序\apps\api\src\main\java\com\campuslove\api\config\AesEncryptor.java|141|H|P3|中文 throw 消息未走 i18n（有 I18nConfig/messages.properties 未用）("AES 加密失败")|错误文案硬编码中文，前端无国际化能力，多语言/文案调整需发版|改用 MessageSource.getMessage 从 messages*.properties 取文案|open|batch-4|
R4-01496|d:\6\恋爱小程序\apps\api\src\main\java\com\campuslove\api\feedback\RealFeedbackService.java|160|H|P3|中文 throw 消息未走 i18n（有 I18nConfig/messages.properties 未用）("提案已被转换，无需重复操作，ID: ")|错误文案硬编码中文，前端无国际化能力，多语言/文案调整需发版|改用 MessageSource.getMessage 从 messages*.properties 取文案|open|batch-4|
R4-01497|d:\6\恋爱小程序\apps\api\src\main\java\com\campuslove\api\feedback\RealFeedbackService.java|228|H|P3|中文 throw 消息未走 i18n（有 I18nConfig/messages.properties 未用）("文件不能为空")|错误文案硬编码中文，前端无国际化能力，多语言/文案调整需发版|改用 MessageSource.getMessage 从 messages*.properties 取文案|open|batch-4|
R4-01498|d:\6\恋爱小程序\apps\api\src\main\java\com\campuslove\api\feedback\RealFeedbackService.java|232|H|P3|中文 throw 消息未走 i18n（有 I18nConfig/messages.properties 未用）("图片大小不能超过 5MB")|错误文案硬编码中文，前端无国际化能力，多语言/文案调整需发版|改用 MessageSource.getMessage 从 messages*.properties 取文案|open|batch-4|
R4-01499|d:\6\恋爱小程序\apps\api\src\main\java\com\campuslove\api\feedback\RealFeedbackService.java|276|H|P3|中文 throw 消息未走 i18n（有 I18nConfig/messages.properties 未用）("无权访问该反馈记录")|错误文案硬编码中文，前端无国际化能力，多语言/文案调整需发版|改用 MessageSource.getMessage 从 messages*.properties 取文案|open|batch-4|
R4-01500|d:\6\恋爱小程序\apps\api\src\main\java\com\campuslove\api\feedback\RealFeedbackService.java|292|H|P3|中文 throw 消息未走 i18n（有 I18nConfig/messages.properties 未用）("回复内容不能为空")|错误文案硬编码中文，前端无国际化能力，多语言/文案调整需发版|改用 MessageSource.getMessage 从 messages*.properties 取文案|open|batch-4|
R4-01501|d:\6\恋爱小程序\apps\api\src\main\java\com\campuslove\api\feedback\MockFeedbackService.java|176|H|P3|中文 throw 消息未走 i18n（有 I18nConfig/messages.properties 未用）("回复内容不能为空")|错误文案硬编码中文，前端无国际化能力，多语言/文案调整需发版|改用 MessageSource.getMessage 从 messages*.properties 取文案|open|batch-4|
R4-01502|d:\6\恋爱小程序\apps\api\src\main\java\com\campuslove\api\feedback\MockFeedbackService.java|217|H|P3|中文 throw 消息未走 i18n（有 I18nConfig/messages.properties 未用）("文件不能为空")|错误文案硬编码中文，前端无国际化能力，多语言/文案调整需发版|改用 MessageSource.getMessage 从 messages*.properties 取文案|open|batch-4|
R4-01503|d:\6\恋爱小程序\apps\api\src\main\java\com\campuslove\api\feedback\MockFeedbackService.java|221|H|P3|中文 throw 消息未走 i18n（有 I18nConfig/messages.properties 未用）("图片大小不能超过 5MB")|错误文案硬编码中文，前端无国际化能力，多语言/文案调整需发版|改用 MessageSource.getMessage 从 messages*.properties 取文案|open|batch-4|
R4-01504|d:\6\恋爱小程序\apps\api\src\main\java\com\campuslove\api\feedback\MockFeedbackService.java|248|H|P3|中文 throw 消息未走 i18n（有 I18nConfig/messages.properties 未用）("反馈记录不存在，ID: ")|错误文案硬编码中文，前端无国际化能力，多语言/文案调整需发版|改用 MessageSource.getMessage 从 messages*.properties 取文案|open|batch-4|
R4-01505|d:\6\恋爱小程序\apps\api\src\main\java\com\campuslove\api\growth\MockCheckInService.java|147|H|P3|中文 throw 消息未走 i18n（有 I18nConfig/messages.properties 未用）("日期格式无效，必须为 yyyy-MM-dd")|错误文案硬编码中文，前端无国际化能力，多语言/文案调整需发版|改用 MessageSource.getMessage 从 messages*.properties 取文案|open|batch-4|
R4-01506|d:\6\恋爱小程序\apps\api\src\main\java\com\campuslove\api\growth\MockCheckInService.java|155|H|P3|中文 throw 消息未走 i18n（有 I18nConfig/messages.properties 未用）("补签日期必须早于今天")|错误文案硬编码中文，前端无国际化能力，多语言/文案调整需发版|改用 MessageSource.getMessage 从 messages*.properties 取文案|open|batch-4|
R4-01507|d:\6\恋爱小程序\apps\api\src\main\java\com\campuslove\api\common\IdempotentInterceptor.java|114|H|P3|中文 throw 消息未走 i18n（有 I18nConfig/messages.properties 未用）("缺少 Idempotency-Key 请求头")|错误文案硬编码中文，前端无国际化能力，多语言/文案调整需发版|改用 MessageSource.getMessage 从 messages*.properties 取文案|open|batch-4|
R4-01508|d:\6\恋爱小程序\apps\api\src\main\java\com\campuslove\api\growth\RealCheckInService.java|256|H|P3|中文 throw 消息未走 i18n（有 I18nConfig/messages.properties 未用）("签到失败，请稍后重试")|错误文案硬编码中文，前端无国际化能力，多语言/文案调整需发版|改用 MessageSource.getMessage 从 messages*.properties 取文案|open|batch-4|
R4-01509|d:\6\恋爱小程序\apps\api\src\main\java\com\campuslove\api\growth\RealCheckInService.java|393|H|P3|中文 throw 消息未走 i18n（有 I18nConfig/messages.properties 未用）("日期格式无效，必须为 yyyy-MM-dd")|错误文案硬编码中文，前端无国际化能力，多语言/文案调整需发版|改用 MessageSource.getMessage 从 messages*.properties 取文案|open|batch-4|
R4-01510|d:\6\恋爱小程序\apps\api\src\main\java\com\campuslove\api\growth\RealCheckInService.java|401|H|P3|中文 throw 消息未走 i18n（有 I18nConfig/messages.properties 未用）("补签日期必须早于今天")|错误文案硬编码中文，前端无国际化能力，多语言/文案调整需发版|改用 MessageSource.getMessage 从 messages*.properties 取文案|open|batch-4|
R4-01511|d:\6\恋爱小程序\apps\api\src\main\java\com\campuslove\api\growth\RealCheckInService.java|405|H|P3|中文 throw 消息未走 i18n（有 I18nConfig/messages.properties 未用）("仅可补签昨日及之前 ")|错误文案硬编码中文，前端无国际化能力，多语言/文案调整需发版|改用 MessageSource.getMessage 从 messages*.properties 取文案|open|batch-4|
R4-01512|d:\6\恋爱小程序\apps\api\src\main\java\com\campuslove\api\growth\RealCheckInService.java|411|H|P3|中文 throw 消息未走 i18n（有 I18nConfig/messages.properties 未用）("该日期已签到，无法重复补签")|错误文案硬编码中文，前端无国际化能力，多语言/文案调整需发版|改用 MessageSource.getMessage 从 messages*.properties 取文案|open|batch-4|
R4-01513|d:\6\恋爱小程序\apps\api\src\main\java\com\campuslove\api\growth\RealCheckInService.java|457|H|P3|中文 throw 消息未走 i18n（有 I18nConfig/messages.properties 未用）("该日期已签到，无法重复补签")|错误文案硬编码中文，前端无国际化能力，多语言/文案调整需发版|改用 MessageSource.getMessage 从 messages*.properties 取文案|open|batch-4|
R4-01514|d:\6\恋爱小程序\apps\api\src\main\java\com\campuslove\api\growth\RealPushSummaryService.java|304|H|P3|中文 throw 消息未走 i18n（有 I18nConfig/messages.properties 未用）("无权操作该摘要")|错误文案硬编码中文，前端无国际化能力，多语言/文案调整需发版|改用 MessageSource.getMessage 从 messages*.properties 取文案|open|batch-4|
R4-01515|d:\6\恋爱小程序\apps\api\src\main\java\com\campuslove\api\growth\RealPushSummaryService.java|311|H|P3|中文 throw 消息未走 i18n（有 I18nConfig/messages.properties 未用）("未认证，无法标记推送为已发送")|错误文案硬编码中文，前端无国际化能力，多语言/文案调整需发版|改用 MessageSource.getMessage 从 messages*.properties 取文案|open|batch-4|
R4-01516|d:\6\恋爱小程序\apps\api\src\main\java\com\campuslove\api\growth\RealDoNotDisturbService.java|105|H|P3|中文 throw 消息未走 i18n（有 I18nConfig/messages.properties 未用）("CUSTOM 模式下必须指定 customWeekdays")|错误文案硬编码中文，前端无国际化能力，多语言/文案调整需发版|改用 MessageSource.getMessage 从 messages*.properties 取文案|open|batch-4|
R4-01517|d:\6\恋爱小程序\apps\api\src\main\java\com\campuslove\api\growth\RealDoNotDisturbService.java|113|H|P3|中文 throw 消息未走 i18n（有 I18nConfig/messages.properties 未用）("customWeekdays 的值必须在 1-7 范围内: ")|错误文案硬编码中文，前端无国际化能力，多语言/文案调整需发版|改用 MessageSource.getMessage 从 messages*.properties 取文案|open|batch-4|
R4-01518|d:\6\恋爱小程序\apps\api\src\main\java\com\campuslove\api\growth\RealDoNotDisturbService.java|116|H|P3|中文 throw 消息未走 i18n（有 I18nConfig/messages.properties 未用）("customWeekdays 必须为数字 CSV: ")|错误文案硬编码中文，前端无国际化能力，多语言/文案调整需发版|改用 MessageSource.getMessage 从 messages*.properties 取文案|open|batch-4|
R4-01519|d:\6\恋爱小程序\apps\api\src\main\java\com\campuslove\api\growth\RealDoNotDisturbService.java|123|H|P3|中文 throw 消息未走 i18n（有 I18nConfig/messages.properties 未用）("开始时间与结束时间不能相同")|错误文案硬编码中文，前端无国际化能力，多语言/文案调整需发版|改用 MessageSource.getMessage 从 messages*.properties 取文案|open|batch-4|
R4-01520|d:\6\恋爱小程序\apps\api\src\main\java\com\campuslove\api\wallet\WalletServiceImpl.java|113|H|P3|中文 throw 消息未走 i18n（有 I18nConfig/messages.properties 未用）("不支持的扣费业务类型: ")|错误文案硬编码中文，前端无国际化能力，多语言/文案调整需发版|改用 MessageSource.getMessage 从 messages*.properties 取文案|open|batch-4|
R4-01521|d:\6\恋爱小程序\apps\api\src\main\java\com\campuslove\api\wallet\WalletServiceImpl.java|183|H|P3|中文 throw 消息未走 i18n（有 I18nConfig/messages.properties 未用）("钱包扣减失败且幂等查询无记录，已回滚")|错误文案硬编码中文，前端无国际化能力，多语言/文案调整需发版|改用 MessageSource.getMessage 从 messages*.properties 取文案|open|batch-4|
R4-01522|d:\6\恋爱小程序\apps\api\src\main\java\com\campuslove\api\wallet\WalletServiceImpl.java|186|H|P3|中文 throw 消息未走 i18n（有 I18nConfig/messages.properties 未用）("钱包扣减失败，请稍后重试")|错误文案硬编码中文，前端无国际化能力，多语言/文案调整需发版|改用 MessageSource.getMessage 从 messages*.properties 取文案|open|batch-4|
R4-01523|d:\6\恋爱小程序\apps\api\src\main\java\com\campuslove\api\wallet\WalletServiceImpl.java|250|H|P3|中文 throw 消息未走 i18n（有 I18nConfig/messages.properties 未用）("钱包充值失败且幂等查询无记录，已回滚")|错误文案硬编码中文，前端无国际化能力，多语言/文案调整需发版|改用 MessageSource.getMessage 从 messages*.properties 取文案|open|batch-4|
R4-01524|d:\6\恋爱小程序\apps\api\src\main\java\com\campuslove\api\wallet\WalletServiceImpl.java|253|H|P3|中文 throw 消息未走 i18n（有 I18nConfig/messages.properties 未用）("钱包充值失败，请稍后重试")|错误文案硬编码中文，前端无国际化能力，多语言/文案调整需发版|改用 MessageSource.getMessage 从 messages*.properties 取文案|open|batch-4|
R4-01525|d:\6\恋爱小程序\apps\api\src\main\java\com\campuslove\api\wallet\WalletServiceImpl.java|266|H|P3|中文 throw 消息未走 i18n（有 I18nConfig/messages.properties 未用）("用户 ID 不能为空")|错误文案硬编码中文，前端无国际化能力，多语言/文案调整需发版|改用 MessageSource.getMessage 从 messages*.properties 取文案|open|batch-4|
R4-01526|d:\6\恋爱小程序\apps\api\src\main\java\com\campuslove\api\wallet\WalletServiceImpl.java|282|H|P3|中文 throw 消息未走 i18n（有 I18nConfig/messages.properties 未用）("用户 ID 不能为空")|错误文案硬编码中文，前端无国际化能力，多语言/文案调整需发版|改用 MessageSource.getMessage 从 messages*.properties 取文案|open|batch-4|
R4-01527|d:\6\恋爱小程序\apps\api\src\main\java\com\campuslove\api\wallet\WalletServiceImpl.java|314|H|P3|中文 throw 消息未走 i18n（有 I18nConfig/messages.properties 未用）("用户 ID 不能为空")|错误文案硬编码中文，前端无国际化能力，多语言/文案调整需发版|改用 MessageSource.getMessage 从 messages*.properties 取文案|open|batch-4|
R4-01528|d:\6\恋爱小程序\apps\api\src\main\java\com\campuslove\api\wallet\WalletServiceImpl.java|317|H|P3|中文 throw 消息未走 i18n（有 I18nConfig/messages.properties 未用）("金额必须为正数")|错误文案硬编码中文，前端无国际化能力，多语言/文案调整需发版|改用 MessageSource.getMessage 从 messages*.properties 取文案|open|batch-4|
R4-01529|d:\6\恋爱小程序\apps\api\src\main\java\com\campuslove\api\wallet\WalletServiceImpl.java|320|H|P3|中文 throw 消息未走 i18n（有 I18nConfig/messages.properties 未用）("订单号不能为空")|错误文案硬编码中文，前端无国际化能力，多语言/文案调整需发版|改用 MessageSource.getMessage 从 messages*.properties 取文案|open|batch-4|
R4-01530|d:\6\恋爱小程序\apps\api\src\main\java\com\campuslove\api\wallet\WalletServiceImpl.java|323|H|P3|中文 throw 消息未走 i18n（有 I18nConfig/messages.properties 未用）("关联业务类型不能为空")|错误文案硬编码中文，前端无国际化能力，多语言/文案调整需发版|改用 MessageSource.getMessage 从 messages*.properties 取文案|open|batch-4|
R4-01531|d:\6\恋爱小程序\apps\api\src\main\java\com\campuslove\api\wallet\WalletController.java|175|H|P3|中文 throw 消息未走 i18n（有 I18nConfig/messages.properties 未用）("演示充值已关闭，请通过官方充值渠道完成支付")|错误文案硬编码中文，前端无国际化能力，多语言/文案调整需发版|改用 MessageSource.getMessage 从 messages*.properties 取文案|open|batch-4|
R4-01532|d:\6\恋爱小程序\apps\api\src\main\java\com\campuslove\api\wallet\RealWalletUnlockService.java|57|H|P3|中文 throw 消息未走 i18n（有 I18nConfig/messages.properties 未用）("用户 ID 不能为空")|错误文案硬编码中文，前端无国际化能力，多语言/文案调整需发版|改用 MessageSource.getMessage 从 messages*.properties 取文案|open|batch-4|
R4-01533|d:\6\恋爱小程序\apps\api\src\main\java\com\campuslove\api\wallet\RealWalletUnlockService.java|60|H|P3|中文 throw 消息未走 i18n（有 I18nConfig/messages.properties 未用）("解锁目标 ID 必须为正数")|错误文案硬编码中文，前端无国际化能力，多语言/文案调整需发版|改用 MessageSource.getMessage 从 messages*.properties 取文案|open|batch-4|
R4-01534|d:\6\恋爱小程序\apps\api\src\main\java\com\campuslove\api\wallet\RealWalletUnlockService.java|128|H|P3|中文 throw 消息未走 i18n（有 I18nConfig/messages.properties 未用）("不支持的解锁类型: ")|错误文案硬编码中文，前端无国际化能力，多语言/文案调整需发版|改用 MessageSource.getMessage 从 messages*.properties 取文案|open|batch-4|
R4-01535|d:\6\恋爱小程序\apps\api\src\main\java\com\campuslove\api\wallet\MockWalletUnlockService.java|46|H|P3|中文 throw 消息未走 i18n（有 I18nConfig/messages.properties 未用）("用户 ID 不能为空")|错误文案硬编码中文，前端无国际化能力，多语言/文案调整需发版|改用 MessageSource.getMessage 从 messages*.properties 取文案|open|batch-4|
R4-01536|d:\6\恋爱小程序\apps\api\src\main\java\com\campuslove\api\wallet\MockWalletUnlockService.java|49|H|P3|中文 throw 消息未走 i18n（有 I18nConfig/messages.properties 未用）("解锁目标 ID 必须为正数")|错误文案硬编码中文，前端无国际化能力，多语言/文案调整需发版|改用 MessageSource.getMessage 从 messages*.properties 取文案|open|batch-4|
R4-01537|d:\6\恋爱小程序\apps\api\src\main\java\com\campuslove\api\wallet\MockWalletUnlockService.java|95|H|P3|中文 throw 消息未走 i18n（有 I18nConfig/messages.properties 未用）("不支持的解锁类型: ")|错误文案硬编码中文，前端无国际化能力，多语言/文案调整需发版|改用 MessageSource.getMessage 从 messages*.properties 取文案|open|batch-4|
R4-01538|d:\6\恋爱小程序\apps\api\src\main\java\com\campuslove\api\wallet\MockWalletServiceImpl.java|131|H|P3|中文 throw 消息未走 i18n（有 I18nConfig/messages.properties 未用）("用户 ID 不能为空")|错误文案硬编码中文，前端无国际化能力，多语言/文案调整需发版|改用 MessageSource.getMessage 从 messages*.properties 取文案|open|batch-4|
R4-01539|d:\6\恋爱小程序\apps\api\src\main\java\com\campuslove\api\wallet\MockWalletServiceImpl.java|134|H|P3|中文 throw 消息未走 i18n（有 I18nConfig/messages.properties 未用）("金额必须为正数")|错误文案硬编码中文，前端无国际化能力，多语言/文案调整需发版|改用 MessageSource.getMessage 从 messages*.properties 取文案|open|batch-4|
R4-01540|d:\6\恋爱小程序\apps\api\src\main\java\com\campuslove\api\wallet\MockWalletServiceImpl.java|137|H|P3|中文 throw 消息未走 i18n（有 I18nConfig/messages.properties 未用）("订单号不能为空")|错误文案硬编码中文，前端无国际化能力，多语言/文案调整需发版|改用 MessageSource.getMessage 从 messages*.properties 取文案|open|batch-4|
R4-01541|d:\6\恋爱小程序\apps\api\src\main\java\com\campuslove\api\wallet\MockWalletServiceImpl.java|140|H|P3|中文 throw 消息未走 i18n（有 I18nConfig/messages.properties 未用）("关联业务类型不能为空")|错误文案硬编码中文，前端无国际化能力，多语言/文案调整需发版|改用 MessageSource.getMessage 从 messages*.properties 取文案|open|batch-4|
R4-01542|d:\6\恋爱小程序\apps\api\src\main\java\com\campuslove\api\growth\MockDoNotDisturbService.java|56|H|P3|中文 throw 消息未走 i18n（有 I18nConfig/messages.properties 未用）("CUSTOM 模式下必须指定 customWeekdays")|错误文案硬编码中文，前端无国际化能力，多语言/文案调整需发版|改用 MessageSource.getMessage 从 messages*.properties 取文案|open|batch-4|
R4-01543|d:\6\恋爱小程序\apps\api\src\main\java\com\campuslove\api\growth\MockDoNotDisturbService.java|62|H|P3|中文 throw 消息未走 i18n（有 I18nConfig/messages.properties 未用）("开始时间与结束时间不能相同")|错误文案硬编码中文，前端无国际化能力，多语言/文案调整需发版|改用 MessageSource.getMessage 从 messages*.properties 取文案|open|batch-4|
R4-01544|d:\6\恋爱小程序\apps\api\src\main\java\com\campuslove\api\admin\AdminPromoCodeController.java|148|H|P3|中文 throw 消息未走 i18n（有 I18nConfig/messages.properties 未用）("生成数量须为 1-")|错误文案硬编码中文，前端无国际化能力，多语言/文案调整需发版|改用 MessageSource.getMessage 从 messages*.properties 取文案|open|batch-4|
R4-01545|d:\6\恋爱小程序\apps\api\src\main\java\com\campuslove\api\admin\AdminPromoCodeController.java|152|H|P3|中文 throw 消息未走 i18n（有 I18nConfig/messages.properties 未用）("折扣值必须为正数")|错误文案硬编码中文，前端无国际化能力，多语言/文案调整需发版|改用 MessageSource.getMessage 从 messages*.properties 取文案|open|batch-4|
R4-01546|d:\6\恋爱小程序\apps\api\src\main\java\com\campuslove\api\admin\AdminPromoCodeController.java|155|H|P3|中文 throw 消息未走 i18n（有 I18nConfig/messages.properties 未用）("百分比折扣值不能超过 ")|错误文案硬编码中文，前端无国际化能力，多语言/文案调整需发版|改用 MessageSource.getMessage 从 messages*.properties 取文案|open|batch-4|
R4-01547|d:\6\恋爱小程序\apps\api\src\main\java\com\campuslove\api\admin\AdminPromoCodeController.java|158|H|P3|中文 throw 消息未走 i18n（有 I18nConfig/messages.properties 未用）("最大使用次数不能为负数")|错误文案硬编码中文，前端无国际化能力，多语言/文案调整需发版|改用 MessageSource.getMessage 从 messages*.properties 取文案|open|batch-4|
R4-01548|d:\6\恋爱小程序\apps\api\src\main\java\com\campuslove\api\admin\AdminPromoCodeController.java|161|H|P3|中文 throw 消息未走 i18n（有 I18nConfig/messages.properties 未用）("有效期起止时间不能为空")|错误文案硬编码中文，前端无国际化能力，多语言/文案调整需发版|改用 MessageSource.getMessage 从 messages*.properties 取文案|open|batch-4|
R4-01549|d:\6\恋爱小程序\apps\api\src\main\java\com\campuslove\api\admin\AdminPromoCodeController.java|164|H|P3|中文 throw 消息未走 i18n（有 I18nConfig/messages.properties 未用）("有效期结束时间必须晚于开始时间")|错误文案硬编码中文，前端无国际化能力，多语言/文案调整需发版|改用 MessageSource.getMessage 从 messages*.properties 取文案|open|batch-4|
R4-01550|d:\6\恋爱小程序\apps\api\src\main\java\com\campuslove\api\admin\AdminPromoCodeController.java|297|H|P3|中文 throw 消息未走 i18n（有 I18nConfig/messages.properties 未用）("兑换码生成失败，唯一性冲突，请重试")|错误文案硬编码中文，前端无国际化能力，多语言/文案调整需发版|改用 MessageSource.getMessage 从 messages*.properties 取文案|open|batch-4|
R4-01551|d:\6\恋爱小程序\apps\api\src\main\java\com\campuslove\api\admin\AdminPromoCodeController.java|335|H|P3|中文 throw 消息未走 i18n（有 I18nConfig/messages.properties 未用）("非法兑换码状态参数: ")|错误文案硬编码中文，前端无国际化能力，多语言/文案调整需发版|改用 MessageSource.getMessage 从 messages*.properties 取文案|open|batch-4|
R4-01552|d:\6\恋爱小程序\apps\api\src\main\java\com\campuslove\api\admin\AdminPromoCodeController.java|343|H|P3|中文 throw 消息未走 i18n（有 I18nConfig/messages.properties 未用）("折扣类型不能为空")|错误文案硬编码中文，前端无国际化能力，多语言/文案调整需发版|改用 MessageSource.getMessage 从 messages*.properties 取文案|open|batch-4|
R4-01553|d:\6\恋爱小程序\apps\api\src\main\java\com\campuslove\api\admin\AdminPromoCodeController.java|351|H|P3|中文 throw 消息未走 i18n（有 I18nConfig/messages.properties 未用）("非法折扣类型: ")|错误文案硬编码中文，前端无国际化能力，多语言/文案调整需发版|改用 MessageSource.getMessage 从 messages*.properties 取文案|open|batch-4|
R4-01554|d:\6\恋爱小程序\apps\api\src\main\java\com\campuslove\api\vip\PromoCodeService.java|57|H|P3|中文 throw 消息未走 i18n（有 I18nConfig/messages.properties 未用）("优惠码不能为空")|错误文案硬编码中文，前端无国际化能力，多语言/文案调整需发版|改用 MessageSource.getMessage 从 messages*.properties 取文案|open|batch-4|
R4-01555|d:\6\恋爱小程序\apps\api\src\main\java\com\campuslove\api\vip\PromoCodeService.java|60|H|P3|中文 throw 消息未走 i18n（有 I18nConfig/messages.properties 未用）("基础金额不能为负数")|错误文案硬编码中文，前端无国际化能力，多语言/文案调整需发版|改用 MessageSource.getMessage 从 messages*.properties 取文案|open|batch-4|
R4-01556|d:\6\恋爱小程序\apps\api\src\main\java\com\campuslove\api\vip\PromoCodeService.java|115|H|P3|中文 throw 消息未走 i18n（有 I18nConfig/messages.properties 未用）("优惠码不能为空")|错误文案硬编码中文，前端无国际化能力，多语言/文案调整需发版|改用 MessageSource.getMessage 从 messages*.properties 取文案|open|batch-4|
R4-01557|d:\6\恋爱小程序\apps\api\src\main\java\com\campuslove\api\vip\PromoCodeService.java|118|H|P3|中文 throw 消息未走 i18n（有 I18nConfig/messages.properties 未用）("用户 ID 不能为空")|错误文案硬编码中文，前端无国际化能力，多语言/文案调整需发版|改用 MessageSource.getMessage 从 messages*.properties 取文案|open|batch-4|
R4-01558|d:\6\恋爱小程序\apps\api\src\main\java\com\campuslove\api\vip\PromoCodeService.java|121|H|P3|中文 throw 消息未走 i18n（有 I18nConfig/messages.properties 未用）("基础金额不能为负数")|错误文案硬编码中文，前端无国际化能力，多语言/文案调整需发版|改用 MessageSource.getMessage 从 messages*.properties 取文案|open|batch-4|
R4-01559|d:\6\恋爱小程序\apps\api\src\main\java\com\campuslove\api\vip\PromoCodeService.java|143|H|P3|中文 throw 消息未走 i18n（有 I18nConfig/messages.properties 未用）("优惠码已用完")|错误文案硬编码中文，前端无国际化能力，多语言/文案调整需发版|改用 MessageSource.getMessage 从 messages*.properties 取文案|open|batch-4|
R4-01560|d:\6\恋爱小程序\apps\api\src\main\java\com\campuslove\api\vip\PromoCodeService.java|170|H|P3|中文 throw 消息未走 i18n（有 I18nConfig/messages.properties 未用）("优惠码兑换失败，请稍后重试")|错误文案硬编码中文，前端无国际化能力，多语言/文案调整需发版|改用 MessageSource.getMessage 从 messages*.properties 取文案|open|batch-4|
R4-01561|d:\6\恋爱小程序\apps\api\src\main\java\com\campuslove\api\vip\PromoCodeService.java|183|H|P3|中文 throw 消息未走 i18n（有 I18nConfig/messages.properties 未用）("用户 ID 不能为空")|错误文案硬编码中文，前端无国际化能力，多语言/文案调整需发版|改用 MessageSource.getMessage 从 messages*.properties 取文案|open|batch-4|
R4-01562|d:\6\恋爱小程序\apps\api\src\main\java\com\campuslove\api\vip\PromoCodeService.java|201|H|P3|中文 throw 消息未走 i18n（有 I18nConfig/messages.properties 未用）("优惠码已被禁用")|错误文案硬编码中文，前端无国际化能力，多语言/文案调整需发版|改用 MessageSource.getMessage 从 messages*.properties 取文案|open|batch-4|
R4-01563|d:\6\恋爱小程序\apps\api\src\main\java\com\campuslove\api\vip\PromoCodeService.java|206|H|P3|中文 throw 消息未走 i18n（有 I18nConfig/messages.properties 未用）("优惠码尚未生效")|错误文案硬编码中文，前端无国际化能力，多语言/文案调整需发版|改用 MessageSource.getMessage 从 messages*.properties 取文案|open|batch-4|
R4-01564|d:\6\恋爱小程序\apps\api\src\main\java\com\campuslove\api\vip\PromoCodeService.java|209|H|P3|中文 throw 消息未走 i18n（有 I18nConfig/messages.properties 未用）("优惠码已过期")|错误文案硬编码中文，前端无国际化能力，多语言/文案调整需发版|改用 MessageSource.getMessage 从 messages*.properties 取文案|open|batch-4|
R4-01565|d:\6\恋爱小程序\apps\api\src\main\java\com\campuslove\api\vip\PromoCodeService.java|215|H|P3|中文 throw 消息未走 i18n（有 I18nConfig/messages.properties 未用）("优惠码使用次数已达上限")|错误文案硬编码中文，前端无国际化能力，多语言/文案调整需发版|改用 MessageSource.getMessage 从 messages*.properties 取文案|open|batch-4|
R4-01566|d:\6\恋爱小程序\apps\api\src\main\java\com\campuslove\api\admin\AdminPostController.java|290|H|P3|中文 throw 消息未走 i18n（有 I18nConfig/messages.properties 未用）("非法审核状态参数: ")|错误文案硬编码中文，前端无国际化能力，多语言/文案调整需发版|改用 MessageSource.getMessage 从 messages*.properties 取文案|open|batch-4|
R4-01567|d:\6\恋爱小程序\apps\api\src\main\java\com\campuslove\api\admin\AdminPostController.java|305|H|P3|中文 throw 消息未走 i18n（有 I18nConfig/messages.properties 未用）("非法帖子状态参数: ")|错误文案硬编码中文，前端无国际化能力，多语言/文案调整需发版|改用 MessageSource.getMessage 从 messages*.properties 取文案|open|batch-4|
R4-01568|d:\6\恋爱小程序\apps\api\src\main\java\com\campuslove\api\admin\AdminPostController.java|320|H|P3|中文 throw 消息未走 i18n（有 I18nConfig/messages.properties 未用）("非法帖子分类参数: ")|错误文案硬编码中文，前端无国际化能力，多语言/文案调整需发版|改用 MessageSource.getMessage 从 messages*.properties 取文案|open|batch-4|
R4-01569|d:\6\恋爱小程序\apps\api\src\main\java\com\campuslove\api\match\RealIcebreakerService.java|93|H|P3|中文 throw 消息未走 i18n（有 I18nConfig/messages.properties 未用）("matchId 不能为空")|错误文案硬编码中文，前端无国际化能力，多语言/文案调整需发版|改用 MessageSource.getMessage 从 messages*.properties 取文案|open|batch-4|
R4-01570|d:\6\恋爱小程序\apps\api\src\main\java\com\campuslove\api\match\RealIcebreakerService.java|130|H|P3|中文 throw 消息未走 i18n（有 I18nConfig/messages.properties 未用）("userId 和 matchUserId 不能为空")|错误文案硬编码中文，前端无国际化能力，多语言/文案调整需发版|改用 MessageSource.getMessage 从 messages*.properties 取文案|open|batch-4|
R4-01571|d:\6\恋爱小程序\apps\api\src\main\java\com\campuslove\api\match\RealIcebreakerService.java|168|H|P3|中文 throw 消息未走 i18n（有 I18nConfig/messages.properties 未用）("userId 和 peerUserId 不能为空")|错误文案硬编码中文，前端无国际化能力，多语言/文案调整需发版|改用 MessageSource.getMessage 从 messages*.properties 取文案|open|batch-4|
R4-01572|d:\6\恋爱小程序\apps\api\src\main\java\com\campuslove\api\vip\BillingService.java|74|H|P3|中文 throw 消息未走 i18n（有 I18nConfig/messages.properties 未用）("用户 ID 不能为空")|错误文案硬编码中文，前端无国际化能力，多语言/文案调整需发版|改用 MessageSource.getMessage 从 messages*.properties 取文案|open|batch-4|
R4-01573|d:\6\恋爱小程序\apps\api\src\main\java\com\campuslove\api\vip\BillingService.java|77|H|P3|中文 throw 消息未走 i18n（有 I18nConfig/messages.properties 未用）("页码不能为负数")|错误文案硬编码中文，前端无国际化能力，多语言/文案调整需发版|改用 MessageSource.getMessage 从 messages*.properties 取文案|open|batch-4|
R4-01574|d:\6\恋爱小程序\apps\api\src\main\java\com\campuslove\api\vip\BillingService.java|80|H|P3|中文 throw 消息未走 i18n（有 I18nConfig/messages.properties 未用）("每页大小必须大于 0")|错误文案硬编码中文，前端无国际化能力，多语言/文案调整需发版|改用 MessageSource.getMessage 从 messages*.properties 取文案|open|batch-4|
R4-01575|d:\6\恋爱小程序\apps\api\src\main\java\com\campuslove\api\vip\BillingService.java|102|H|P3|中文 throw 消息未走 i18n（有 I18nConfig/messages.properties 未用）("账单查询失败，请稍后重试")|错误文案硬编码中文，前端无国际化能力，多语言/文案调整需发版|改用 MessageSource.getMessage 从 messages*.properties 取文案|open|batch-4|
R4-01576|d:\6\恋爱小程序\apps\api\src\main\java\com\campuslove\api\vip\BillingService.java|133|H|P3|中文 throw 消息未走 i18n（有 I18nConfig/messages.properties 未用）("用户 ID 不能为空")|错误文案硬编码中文，前端无国际化能力，多语言/文案调整需发版|改用 MessageSource.getMessage 从 messages*.properties 取文案|open|batch-4|
R4-01577|d:\6\恋爱小程序\apps\api\src\main\java\com\campuslove\api\vip\BillingService.java|136|H|P3|中文 throw 消息未走 i18n（有 I18nConfig/messages.properties 未用）("支付金额不能为负数")|错误文案硬编码中文，前端无国际化能力，多语言/文案调整需发版|改用 MessageSource.getMessage 从 messages*.properties 取文案|open|batch-4|
R4-01578|d:\6\恋爱小程序\apps\api\src\main\java\com\campuslove\api\vip\BillingService.java|176|H|P3|中文 throw 消息未走 i18n（有 I18nConfig/messages.properties 未用）("账单创建失败，请稍后重试")|错误文案硬编码中文，前端无国际化能力，多语言/文案调整需发版|改用 MessageSource.getMessage 从 messages*.properties 取文案|open|batch-4|
R4-01579|d:\6\恋爱小程序\apps\api\src\main\java\com\campuslove\api\vip\AutoRenewService.java|115|H|P3|中文 throw 消息未走 i18n（有 I18nConfig/messages.properties 未用）("用户 ID 不能为空")|错误文案硬编码中文，前端无国际化能力，多语言/文案调整需发版|改用 MessageSource.getMessage 从 messages*.properties 取文案|open|batch-4|
R4-01580|d:\6\恋爱小程序\apps\api\src\main\java\com\campuslove\api\vip\AutoRenewService.java|128|H|P3|中文 throw 消息未走 i18n（有 I18nConfig/messages.properties 未用）("查询自动续费状态失败，请稍后重试")|错误文案硬编码中文，前端无国际化能力，多语言/文案调整需发版|改用 MessageSource.getMessage 从 messages*.properties 取文案|open|batch-4|
R4-01581|d:\6\恋爱小程序\apps\api\src\main\java\com\campuslove\api\vip\AutoRenewService.java|143|H|P3|中文 throw 消息未走 i18n（有 I18nConfig/messages.properties 未用）("用户 ID 不能为空")|错误文案硬编码中文，前端无国际化能力，多语言/文案调整需发版|改用 MessageSource.getMessage 从 messages*.properties 取文案|open|batch-4|
R4-01582|d:\6\恋爱小程序\apps\api\src\main\java\com\campuslove\api\vip\AutoRenewService.java|146|H|P3|中文 throw 消息未走 i18n（有 I18nConfig/messages.properties 未用）("套餐 ID 不能为空")|错误文案硬编码中文，前端无国际化能力，多语言/文案调整需发版|改用 MessageSource.getMessage 从 messages*.properties 取文案|open|batch-4|
R4-01583|d:\6\恋爱小程序\apps\api\src\main\java\com\campuslove\api\vip\AutoRenewService.java|160|H|P3|中文 throw 消息未走 i18n（有 I18nConfig/messages.properties 未用）("开启自动续费失败，请稍后重试")|错误文案硬编码中文，前端无国际化能力，多语言/文案调整需发版|改用 MessageSource.getMessage 从 messages*.properties 取文案|open|batch-4|
R4-01584|d:\6\恋爱小程序\apps\api\src\main\java\com\campuslove\api\vip\AutoRenewService.java|174|H|P3|中文 throw 消息未走 i18n（有 I18nConfig/messages.properties 未用）("用户 ID 不能为空")|错误文案硬编码中文，前端无国际化能力，多语言/文案调整需发版|改用 MessageSource.getMessage 从 messages*.properties 取文案|open|batch-4|
R4-01585|d:\6\恋爱小程序\apps\api\src\main\java\com\campuslove\api\vip\AutoRenewService.java|188|H|P3|中文 throw 消息未走 i18n（有 I18nConfig/messages.properties 未用）("关闭自动续费失败，请稍后重试")|错误文案硬编码中文，前端无国际化能力，多语言/文案调整需发版|改用 MessageSource.getMessage 从 messages*.properties 取文案|open|batch-4|
R4-01586|d:\6\恋爱小程序\apps\api\src\main\java\com\campuslove\api\vip\AutoRenewService.java|202|H|P3|中文 throw 消息未走 i18n（有 I18nConfig/messages.properties 未用）("启用状态不能为空")|错误文案硬编码中文，前端无国际化能力，多语言/文案调整需发版|改用 MessageSource.getMessage 从 messages*.properties 取文案|open|batch-4|
R4-01587|d:\6\恋爱小程序\apps\api\src\main\java\com\campuslove\api\vip\AutoRenewService.java|241|H|P3|中文 throw 消息未走 i18n（有 I18nConfig/messages.properties 未用）("用户 ID 不能为空")|错误文案硬编码中文，前端无国际化能力，多语言/文案调整需发版|改用 MessageSource.getMessage 从 messages*.properties 取文案|open|batch-4|
R4-01588|d:\6\恋爱小程序\apps\api\src\main\java\com\campuslove\api\vip\AutoRenewService.java|321|H|P3|中文 throw 消息未走 i18n（有 I18nConfig/messages.properties 未用）("自动续费被中断，请稍后重试")|错误文案硬编码中文，前端无国际化能力，多语言/文案调整需发版|改用 MessageSource.getMessage 从 messages*.properties 取文案|open|batch-4|
R4-01589|d:\6\恋爱小程序\apps\api\src\main\java\com\campuslove\api\vip\AutoRenewService.java|326|H|P3|中文 throw 消息未走 i18n（有 I18nConfig/messages.properties 未用）("自动续费失败，请稍后重试")|错误文案硬编码中文，前端无国际化能力，多语言/文案调整需发版|改用 MessageSource.getMessage 从 messages*.properties 取文案|open|batch-4|
R4-01590|d:\6\恋爱小程序\apps\api\src\main\java\com\campuslove\api\media\MediaUploadController.java|133|H|P3|中文 throw 消息未走 i18n（有 I18nConfig/messages.properties 未用）("未认证")|错误文案硬编码中文，前端无国际化能力，多语言/文案调整需发版|改用 MessageSource.getMessage 从 messages*.properties 取文案|open|batch-4|
R4-01591|d:\6\恋爱小程序\apps\api\src\main\java\com\campuslove\api\media\MediaUploadController.java|146|H|P3|中文 throw 消息未走 i18n（有 I18nConfig/messages.properties 未用）("未认证")|错误文案硬编码中文，前端无国际化能力，多语言/文案调整需发版|改用 MessageSource.getMessage 从 messages*.properties 取文案|open|batch-4|
R4-01592|d:\6\恋爱小程序\apps\api\src\main\java\com\campuslove\api\media\MediaUploadController.java|149|H|P3|中文 throw 消息未走 i18n（有 I18nConfig/messages.properties 未用）("未认证")|错误文案硬编码中文，前端无国际化能力，多语言/文案调整需发版|改用 MessageSource.getMessage 从 messages*.properties 取文案|open|batch-4|
R4-01593|d:\6\恋爱小程序\apps\api\src\main\java\com\campuslove\api\media\MediaAccessController.java|264|H|P3|中文 throw 消息未走 i18n（有 I18nConfig/messages.properties 未用）("未认证，拒绝访问媒体文件")|错误文案硬编码中文，前端无国际化能力，多语言/文案调整需发版|改用 MessageSource.getMessage 从 messages*.properties 取文案|open|batch-4|
R4-01594|d:\6\恋爱小程序\apps\api\src\main\java\com\campuslove\api\media\MediaAccessService.java|98|H|P3|中文 throw 消息未走 i18n（有 I18nConfig/messages.properties 未用）("未认证，拒绝访问媒体文件")|错误文案硬编码中文，前端无国际化能力，多语言/文案调整需发版|改用 MessageSource.getMessage 从 messages*.properties 取文案|open|batch-4|
R4-01595|d:\6\恋爱小程序\apps\api\src\main\java\com\campuslove\api\media\MediaAccessService.java|106|H|P3|中文 throw 消息未走 i18n（有 I18nConfig/messages.properties 未用）("无权访问该用户的媒体文件")|错误文案硬编码中文，前端无国际化能力，多语言/文案调整需发版|改用 MessageSource.getMessage 从 messages*.properties 取文案|open|batch-4|
R4-01596|d:\6\恋爱小程序\apps\api\src\main\java\com\campuslove\api\report\ReportController.java|77|H|P3|中文 throw 消息未走 i18n（有 I18nConfig/messages.properties 未用）("举报")|错误文案硬编码中文，前端无国际化能力，多语言/文案调整需发版|改用 MessageSource.getMessage 从 messages*.properties 取文案|open|batch-4|
R4-01597|d:\6\恋爱小程序\apps\api\src\main\java\com\campuslove\api\media\LocalMediaStorageService.java|216|H|P3|中文 throw 消息未走 i18n（有 I18nConfig/messages.properties 未用）("userId 不能为空")|错误文案硬编码中文，前端无国际化能力，多语言/文案调整需发版|改用 MessageSource.getMessage 从 messages*.properties 取文案|open|batch-4|
R4-01598|d:\6\恋爱小程序\apps\api\src\main\java\com\campuslove\api\media\LocalMediaStorageService.java|219|H|P3|中文 throw 消息未走 i18n（有 I18nConfig/messages.properties 未用）("上传文件不能为空")|错误文案硬编码中文，前端无国际化能力，多语言/文案调整需发版|改用 MessageSource.getMessage 从 messages*.properties 取文案|open|batch-4|
R4-01599|d:\6\恋爱小程序\apps\api\src\main\java\com\campuslove\api\media\LocalMediaStorageService.java|261|H|P3|中文 throw 消息未走 i18n（有 I18nConfig/messages.properties 未用）("上传路径异常，已拒绝")|错误文案硬编码中文，前端无国际化能力，多语言/文案调整需发版|改用 MessageSource.getMessage 从 messages*.properties 取文案|open|batch-4|
R4-01600|d:\6\恋爱小程序\apps\api\src\main\java\com\campuslove\api\media\LocalMediaStorageService.java|270|H|P3|中文 throw 消息未走 i18n（有 I18nConfig/messages.properties 未用）("创建存储目录失败: ")|错误文案硬编码中文，前端无国际化能力，多语言/文案调整需发版|改用 MessageSource.getMessage 从 messages*.properties 取文案|open|batch-4|
R4-01601|d:\6\恋爱小程序\apps\api\src\main\java\com\campuslove\api\media\LocalMediaStorageService.java|278|H|P3|中文 throw 消息未走 i18n（有 I18nConfig/messages.properties 未用）("写入上传文件失败: ")|错误文案硬编码中文，前端无国际化能力，多语言/文案调整需发版|改用 MessageSource.getMessage 从 messages*.properties 取文案|open|batch-4|
R4-01602|d:\6\恋爱小程序\apps\api\src\main\java\com\campuslove\api\media\LocalMediaStorageService.java|378|H|P3|中文 throw 消息未走 i18n（有 I18nConfig/messages.properties 未用）("删除媒体文件失败: ")|错误文案硬编码中文，前端无国际化能力，多语言/文案调整需发版|改用 MessageSource.getMessage 从 messages*.properties 取文案|open|batch-4|
R4-01603|d:\6\恋爱小程序\apps\api\src\main\java\com\campuslove\api\media\LocalMediaStorageService.java|392|H|P3|中文 throw 消息未走 i18n（有 I18nConfig/messages.properties 未用）("媒体类型 type 不能为空")|错误文案硬编码中文，前端无国际化能力，多语言/文案调整需发版|改用 MessageSource.getMessage 从 messages*.properties 取文案|open|batch-4|
R4-01604|d:\6\恋爱小程序\apps\api\src\main\java\com\campuslove\api\media\LocalMediaStorageService.java|404|H|P3|中文 throw 消息未走 i18n（有 I18nConfig/messages.properties 未用）("不支持的媒体类型: ")|错误文案硬编码中文，前端无国际化能力，多语言/文案调整需发版|改用 MessageSource.getMessage 从 messages*.properties 取文案|open|batch-4|
R4-01605|d:\6\恋爱小程序\apps\api\src\main\java\com\campuslove\api\media\LocalMediaStorageService.java|416|H|P3|中文 throw 消息未走 i18n（有 I18nConfig/messages.properties 未用）("文件名无效")|错误文案硬编码中文，前端无国际化能力，多语言/文案调整需发版|改用 MessageSource.getMessage 从 messages*.properties 取文案|open|batch-4|
R4-01606|d:\6\恋爱小程序\apps\api\src\main\java\com\campuslove\api\media\LocalMediaStorageService.java|420|H|P3|中文 throw 消息未走 i18n（有 I18nConfig/messages.properties 未用）("文件缺少扩展名: ")|错误文案硬编码中文，前端无国际化能力，多语言/文案调整需发版|改用 MessageSource.getMessage 从 messages*.properties 取文案|open|batch-4|
R4-01607|d:\6\恋爱小程序\apps\api\src\main\java\com\campuslove\api\media\LocalMediaStorageService.java|548|H|P3|中文 throw 消息未走 i18n（有 I18nConfig/messages.properties 未用）("读取文件内容失败: ")|错误文案硬编码中文，前端无国际化能力，多语言/文案调整需发版|改用 MessageSource.getMessage 从 messages*.properties 取文案|open|batch-4|
R4-01608|d:\6\恋爱小程序\apps\api\src\main\java\com\campuslove\api\media\LocalMediaStorageService.java|552|H|P3|中文 throw 消息未走 i18n（有 I18nConfig/messages.properties 未用）("文件内容为空，无法校验 magic bytes")|错误文案硬编码中文，前端无国际化能力，多语言/文案调整需发版|改用 MessageSource.getMessage 从 messages*.properties 取文案|open|batch-4|
R4-01609|d:\6\恋爱小程序\apps\api\src\main\java\com\campuslove\api\village\VillageQueryService.java|174|H|P3|中文 throw 消息未走 i18n（有 I18nConfig/messages.properties 未用）("不支持的帖子分类: ")|错误文案硬编码中文，前端无国际化能力，多语言/文案调整需发版|改用 MessageSource.getMessage 从 messages*.properties 取文案|open|batch-4|
R4-01610|d:\6\恋爱小程序\apps\api\src\main\java\com\campuslove\api\village\VillageQueryService.java|475|H|P3|中文 throw 消息未走 i18n（有 I18nConfig/messages.properties 未用）("userId 不能为空")|错误文案硬编码中文，前端无国际化能力，多语言/文案调整需发版|改用 MessageSource.getMessage 从 messages*.properties 取文案|open|batch-4|
R4-01611|d:\6\恋爱小程序\apps\api\src\main\java\com\campuslove\api\village\VillagePostService.java|96|H|P3|中文 throw 消息未走 i18n（有 I18nConfig/messages.properties 未用）("帖子标题必填，长度需为 5-30 字")|错误文案硬编码中文，前端无国际化能力，多语言/文案调整需发版|改用 MessageSource.getMessage 从 messages*.properties 取文案|open|batch-4|
R4-01612|d:\6\恋爱小程序\apps\api\src\main\java\com\campuslove\api\village\VillagePostService.java|118|H|P3|中文 throw 消息未走 i18n（有 I18nConfig/messages.properties 未用）("不支持的帖子分类: ")|错误文案硬编码中文，前端无国际化能力，多语言/文案调整需发版|改用 MessageSource.getMessage 从 messages*.properties 取文案|open|batch-4|
R4-01613|d:\6\恋爱小程序\apps\api\src\main\java\com\campuslove\api\village\VillageInteractionService.java|375|H|P3|中文 throw 消息未走 i18n（有 I18nConfig/messages.properties 未用）("父评论不属于该帖子，无法回复")|错误文案硬编码中文，前端无国际化能力，多语言/文案调整需发版|改用 MessageSource.getMessage 从 messages*.properties 取文案|open|batch-4|
R4-01614|d:\6\恋爱小程序\apps\api\src\main\java\com\campuslove\api\mock\MockCampusCertificationService.java|73|H|P3|中文 throw 消息未走 i18n（有 I18nConfig/messages.properties 未用）("您的校园认证正在审核中，请耐心等待")|错误文案硬编码中文，前端无国际化能力，多语言/文案调整需发版|改用 MessageSource.getMessage 从 messages*.properties 取文案|open|batch-4|
R4-01615|d:\6\恋爱小程序\apps\api\src\main\java\com\campuslove\api\mock\MockCampusCertificationService.java|76|H|P3|中文 throw 消息未走 i18n（有 I18nConfig/messages.properties 未用）("您已完成校园认证，无需重复提交")|错误文案硬编码中文，前端无国际化能力，多语言/文案调整需发版|改用 MessageSource.getMessage 从 messages*.properties 取文案|open|batch-4|
R4-01616|d:\6\恋爱小程序\apps\api\src\main\java\com\campuslove\api\mock\MockCampusCertificationService.java|123|H|P3|中文 throw 消息未走 i18n（有 I18nConfig/messages.properties 未用）("审核结果无效，仅支持 APPROVED 或 REJECTED")|错误文案硬编码中文，前端无国际化能力，多语言/文案调整需发版|改用 MessageSource.getMessage 从 messages*.properties 取文案|open|batch-4|
R4-01617|d:\6\恋爱小程序\apps\api\src\main\java\com\campuslove\api\mock\MockCampusCertificationService.java|145|H|P3|中文 throw 消息未走 i18n（有 I18nConfig/messages.properties 未用）("认证记录不存在: ")|错误文案硬编码中文，前端无国际化能力，多语言/文案调整需发版|改用 MessageSource.getMessage 从 messages*.properties 取文案|open|batch-4|
R4-01618|d:\6\恋爱小程序\apps\api\src\main\java\com\campuslove\api\profile\ProfileVisitorController.java|189|H|P3|中文 throw 消息未走 i18n（有 I18nConfig/messages.properties 未用）("目标用户 ID 不能为空")|错误文案硬编码中文，前端无国际化能力，多语言/文案调整需发版|改用 MessageSource.getMessage 从 messages*.properties 取文案|open|batch-4|
R4-01619|d:\6\恋爱小程序\apps\api\src\main\java\com\campuslove\api\profile\ProfileVisitorController.java|201|H|P3|中文 throw 消息未走 i18n（有 I18nConfig/messages.properties 未用）("目标用户不存在")|错误文案硬编码中文，前端无国际化能力，多语言/文案调整需发版|改用 MessageSource.getMessage 从 messages*.properties 取文案|open|batch-4|
R4-01620|d:\6\恋爱小程序\apps\api\src\main\java\com\campuslove\api\village\PostReportController.java|87|H|P3|中文 throw 消息未走 i18n（有 I18nConfig/messages.properties 未用）("帖子 ID 非法")|错误文案硬编码中文，前端无国际化能力，多语言/文案调整需发版|改用 MessageSource.getMessage 从 messages*.properties 取文案|open|batch-4|
R4-01621|d:\6\恋爱小程序\apps\api\src\main\java\com\campuslove\api\village\PostReportController.java|90|H|P3|中文 throw 消息未走 i18n（有 I18nConfig/messages.properties 未用）("帖子不存在或已删除")|错误文案硬编码中文，前端无国际化能力，多语言/文案调整需发版|改用 MessageSource.getMessage 从 messages*.properties 取文案|open|batch-4|
R4-01622|d:\6\恋爱小程序\apps\api\src\main\java\com\campuslove\api\village\PostReportController.java|118|H|P3|中文 throw 消息未走 i18n（有 I18nConfig/messages.properties 未用）("举报提交失败，请稍后重试")|错误文案硬编码中文，前端无国际化能力，多语言/文案调整需发版|改用 MessageSource.getMessage 从 messages*.properties 取文案|open|batch-4|
R4-01623|d:\6\恋爱小程序\apps\api\src\main\java\com\campuslove\api\profile\MockProfileService.java|125|H|P3|中文 throw 消息未走 i18n（有 I18nConfig/messages.properties 未用）("指定索引无照片可删除: ")|错误文案硬编码中文，前端无国际化能力，多语言/文案调整需发版|改用 MessageSource.getMessage 从 messages*.properties 取文案|open|batch-4|
R4-01624|d:\6\恋爱小程序\apps\api\src\main\java\com\campuslove\api\profile\MockProfileService.java|268|H|P3|中文 throw 消息未走 i18n（有 I18nConfig/messages.properties 未用）("上传文件不能为空")|错误文案硬编码中文，前端无国际化能力，多语言/文案调整需发版|改用 MessageSource.getMessage 从 messages*.properties 取文案|open|batch-4|
R4-01625|d:\6\恋爱小程序\apps\api\src\main\java\com\campuslove\api\profile\FollowService.java|61|H|P3|中文 throw 消息未走 i18n（有 I18nConfig/messages.properties 未用）("userId 和 targetUserId 不能为空")|错误文案硬编码中文，前端无国际化能力，多语言/文案调整需发版|改用 MessageSource.getMessage 从 messages*.properties 取文案|open|batch-4|
R4-01626|d:\6\恋爱小程序\apps\api\src\main\java\com\campuslove\api\profile\FollowService.java|64|H|P3|中文 throw 消息未走 i18n（有 I18nConfig/messages.properties 未用）("不能关注自己")|错误文案硬编码中文，前端无国际化能力，多语言/文案调整需发版|改用 MessageSource.getMessage 从 messages*.properties 取文案|open|batch-4|
R4-01627|d:\6\恋爱小程序\apps\api\src\main\java\com\campuslove\api\profile\FollowService.java|73|H|P3|中文 throw 消息未走 i18n（有 I18nConfig/messages.properties 未用）("已经关注了该用户")|错误文案硬编码中文，前端无国际化能力，多语言/文案调整需发版|改用 MessageSource.getMessage 从 messages*.properties 取文案|open|batch-4|
R4-01628|d:\6\恋爱小程序\apps\api\src\main\java\com\campuslove\api\profile\FollowService.java|115|H|P3|中文 throw 消息未走 i18n（有 I18nConfig/messages.properties 未用）("userId 和 targetUserId 不能为空")|错误文案硬编码中文，前端无国际化能力，多语言/文案调整需发版|改用 MessageSource.getMessage 从 messages*.properties 取文案|open|batch-4|
R4-01629|d:\6\恋爱小程序\apps\api\src\main\java\com\campuslove\api\profile\FollowService.java|118|H|P3|中文 throw 消息未走 i18n（有 I18nConfig/messages.properties 未用）("不能取消关注自己")|错误文案硬编码中文，前端无国际化能力，多语言/文案调整需发版|改用 MessageSource.getMessage 从 messages*.properties 取文案|open|batch-4|
R4-01630|d:\6\恋爱小程序\apps\api\src\main\java\com\campuslove\api\profile\FollowService.java|122|H|P3|中文 throw 消息未走 i18n（有 I18nConfig/messages.properties 未用）("未关注该用户，无法取关")|错误文案硬编码中文，前端无国际化能力，多语言/文案调整需发版|改用 MessageSource.getMessage 从 messages*.properties 取文案|open|batch-4|
R4-01631|d:\6\恋爱小程序\apps\api\src\main\java\com\campuslove\api\profile\ProfileQueryService.java|204|H|P3|中文 throw 消息未走 i18n（有 I18nConfig/messages.properties 未用）("userId 不能为空")|错误文案硬编码中文，前端无国际化能力，多语言/文案调整需发版|改用 MessageSource.getMessage 从 messages*.properties 取文案|open|batch-4|
R4-01632|d:\6\恋爱小程序\apps\api\src\main\java\com\campuslove\api\profile\ProfileQueryService.java|229|H|P3|中文 throw 消息未走 i18n（有 I18nConfig/messages.properties 未用）("userId 不能为空")|错误文案硬编码中文，前端无国际化能力，多语言/文案调整需发版|改用 MessageSource.getMessage 从 messages*.properties 取文案|open|batch-4|
R4-01633|d:\6\恋爱小程序\apps\api\src\main\java\com\campuslove\api\utils\SensitiveDataMasker.java|51|H|P3|中文 throw 消息未走 i18n（有 I18nConfig/messages.properties 未用）("SensitiveDataMasker 是工具类，禁止实例化")|错误文案硬编码中文，前端无国际化能力，多语言/文案调整需发版|改用 MessageSource.getMessage 从 messages*.properties 取文案|open|batch-4|
R4-01634|d:\6\恋爱小程序\apps\api\src\main\java\com\campuslove\api\admin\AdminWalletController.java|95|H|P3|中文 throw 消息未走 i18n（有 I18nConfig/messages.properties 未用）("余额下限不能大于上限")|错误文案硬编码中文，前端无国际化能力，多语言/文案调整需发版|改用 MessageSource.getMessage 从 messages*.properties 取文案|open|batch-4|
R4-01635|d:\6\恋爱小程序\apps\api\src\main\java\com\campuslove\api\admin\AdminWalletController.java|190|H|P3|中文 throw 消息未走 i18n（有 I18nConfig/messages.properties 未用）("调整金额不能为空且不能为 0（正数充值、负数扣减）")|错误文案硬编码中文，前端无国际化能力，多语言/文案调整需发版|改用 MessageSource.getMessage 从 messages*.properties 取文案|open|batch-4|
R4-01636|d:\6\恋爱小程序\apps\api\src\main\java\com\campuslove\api\admin\AdminWalletController.java|195|H|P3|中文 throw 消息未走 i18n（有 I18nConfig/messages.properties 未用）("用户不存在: userId=")|错误文案硬编码中文，前端无国际化能力，多语言/文案调整需发版|改用 MessageSource.getMessage 从 messages*.properties 取文案|open|batch-4|
R4-01637|d:\6\恋爱小程序\apps\api\src\main\java\com\campuslove\api\admin\AdminWalletController.java|265|H|P3|中文 throw 消息未走 i18n（有 I18nConfig/messages.properties 未用）("非法交易类型参数: ")|错误文案硬编码中文，前端无国际化能力，多语言/文案调整需发版|改用 MessageSource.getMessage 从 messages*.properties 取文案|open|batch-4|
R4-01638|d:\6\恋爱小程序\apps\api\src\main\java\com\campuslove\api\admin\AdminUserController.java|108|H|P3|中文 throw 消息未走 i18n（有 I18nConfig/messages.properties 未用）("手机号格式不正确")|错误文案硬编码中文，前端无国际化能力，多语言/文案调整需发版|改用 MessageSource.getMessage 从 messages*.properties 取文案|open|batch-4|
R4-01639|d:\6\恋爱小程序\apps\api\src\main\java\com\campuslove\api\admin\AdminUserController.java|111|H|P3|中文 throw 消息未走 i18n（有 I18nConfig/messages.properties 未用）("密码长度须为 6-64 位")|错误文案硬编码中文，前端无国际化能力，多语言/文案调整需发版|改用 MessageSource.getMessage 从 messages*.properties 取文案|open|batch-4|
R4-01640|d:\6\恋爱小程序\apps\api\src\main\java\com\campuslove\api\admin\AdminUserController.java|114|H|P3|中文 throw 消息未走 i18n（有 I18nConfig/messages.properties 未用）("昵称长度须为 1-20 字")|错误文案硬编码中文，前端无国际化能力，多语言/文案调整需发版|改用 MessageSource.getMessage 从 messages*.properties 取文案|open|batch-4|
R4-01641|d:\6\恋爱小程序\apps\api\src\main\java\com\campuslove\api\admin\AdminUserController.java|120|H|P3|中文 throw 消息未走 i18n（有 I18nConfig/messages.properties 未用）("该手机号已注册")|错误文案硬编码中文，前端无国际化能力，多语言/文案调整需发版|改用 MessageSource.getMessage 从 messages*.properties 取文案|open|batch-4|
R4-01642|d:\6\恋爱小程序\apps\api\src\main\java\com\campuslove\api\admin\AdminUserController.java|171|H|P3|中文 throw 消息未走 i18n（有 I18nConfig/messages.properties 未用）("手机号格式不正确")|错误文案硬编码中文，前端无国际化能力，多语言/文案调整需发版|改用 MessageSource.getMessage 从 messages*.properties 取文案|open|batch-4|
R4-01643|d:\6\恋爱小程序\apps\api\src\main\java\com\campuslove\api\admin\AdminUserController.java|174|H|P3|中文 throw 消息未走 i18n（有 I18nConfig/messages.properties 未用）("密码长度须为 6-64 位")|错误文案硬编码中文，前端无国际化能力，多语言/文案调整需发版|改用 MessageSource.getMessage 从 messages*.properties 取文案|open|batch-4|
R4-01644|d:\6\恋爱小程序\apps\api\src\main\java\com\campuslove\api\admin\AdminUserController.java|177|H|P3|中文 throw 消息未走 i18n（有 I18nConfig/messages.properties 未用）("昵称长度须为 1-20 字")|错误文案硬编码中文，前端无国际化能力，多语言/文案调整需发版|改用 MessageSource.getMessage 从 messages*.properties 取文案|open|batch-4|
R4-01645|d:\6\恋爱小程序\apps\api\src\main\java\com\campuslove\api\admin\AdminUserController.java|183|H|P3|中文 throw 消息未走 i18n（有 I18nConfig/messages.properties 未用）("该手机号已注册")|错误文案硬编码中文，前端无国际化能力，多语言/文案调整需发版|改用 MessageSource.getMessage 从 messages*.properties 取文案|open|batch-4|
R4-01646|d:\6\恋爱小程序\apps\api\src\main\java\com\campuslove\api\admin\AdminUserController.java|188|H|P3|中文 throw 消息未走 i18n（有 I18nConfig/messages.properties 未用）("校区管理员（ADMIN）必须指定 campusName")|错误文案硬编码中文，前端无国际化能力，多语言/文案调整需发版|改用 MessageSource.getMessage 从 messages*.properties 取文案|open|batch-4|
R4-01647|d:\6\恋爱小程序\apps\api\src\main\java\com\campuslove\api\admin\AdminUserController.java|191|H|P3|中文 throw 消息未走 i18n（有 I18nConfig/messages.properties 未用）("全局管理员（SUPER_ADMIN）不能指定 campusName")|错误文案硬编码中文，前端无国际化能力，多语言/文案调整需发版|改用 MessageSource.getMessage 从 messages*.properties 取文案|open|batch-4|
R4-01648|d:\6\恋爱小程序\apps\api\src\main\java\com\campuslove\api\admin\RealAdminConfigService.java|108|H|P3|中文 throw 消息未走 i18n（有 I18nConfig/messages.properties 未用）("配置键不能为空")|错误文案硬编码中文，前端无国际化能力，多语言/文案调整需发版|改用 MessageSource.getMessage 从 messages*.properties 取文案|open|batch-4|
R4-01649|d:\6\恋爱小程序\apps\api\src\main\java\com\campuslove\api\admin\RealAdminConfigService.java|111|H|P3|中文 throw 消息未走 i18n（有 I18nConfig/messages.properties 未用）("配置值不能为空")|错误文案硬编码中文，前端无国际化能力，多语言/文案调整需发版|改用 MessageSource.getMessage 从 messages*.properties 取文案|open|batch-4|
R4-01650|d:\6\恋爱小程序\apps\api\src\main\java\com\campuslove\api\admin\RealAdminConfigService.java|115|H|P3|中文 throw 消息未走 i18n（有 I18nConfig/messages.properties 未用）("配置值长度不能超过 ")|错误文案硬编码中文，前端无国际化能力，多语言/文案调整需发版|改用 MessageSource.getMessage 从 messages*.properties 取文案|open|batch-4|
R4-01651|d:\6\恋爱小程序\apps\api\src\main\java\com\campuslove\api\admin\RealAdminConfigService.java|167|H|P3|中文 throw 消息未走 i18n（有 I18nConfig/messages.properties 未用）("规则 ID 不能为空")|错误文案硬编码中文，前端无国际化能力，多语言/文案调整需发版|改用 MessageSource.getMessage 从 messages*.properties 取文案|open|batch-4|
R4-01652|d:\6\恋爱小程序\apps\api\src\main\java\com\campuslove\api\admin\RealAdminConfigService.java|201|H|P3|中文 throw 消息未走 i18n（有 I18nConfig/messages.properties 未用）("开关键不能为空")|错误文案硬编码中文，前端无国际化能力，多语言/文案调整需发版|改用 MessageSource.getMessage 从 messages*.properties 取文案|open|batch-4|
R4-01653|d:\6\恋爱小程序\apps\api\src\main\java\com\campuslove\api\admin\RealAdminConfigService.java|204|H|P3|中文 throw 消息未走 i18n（有 I18nConfig/messages.properties 未用）("开关状态不能为空")|错误文案硬编码中文，前端无国际化能力，多语言/文案调整需发版|改用 MessageSource.getMessage 从 messages*.properties 取文案|open|batch-4|
R4-01654|d:\6\恋爱小程序\apps\api\src\main\java\com\campuslove\api\admin\AdminVillagePostController.java|592|H|P3|中文 throw 消息未走 i18n（有 I18nConfig/messages.properties 未用）("非法审核状态参数: ")|错误文案硬编码中文，前端无国际化能力，多语言/文案调整需发版|改用 MessageSource.getMessage 从 messages*.properties 取文案|open|batch-4|
R4-01655|d:\6\恋爱小程序\apps\api\src\main\java\com\campuslove\api\admin\AdminVillagePostController.java|606|H|P3|中文 throw 消息未走 i18n（有 I18nConfig/messages.properties 未用）("非法帖子状态参数: ")|错误文案硬编码中文，前端无国际化能力，多语言/文案调整需发版|改用 MessageSource.getMessage 从 messages*.properties 取文案|open|batch-4|
R4-01656|d:\6\恋爱小程序\apps\api\src\main\java\com\campuslove\api\admin\OnlineUserAdminController.java|131|H|P3|中文 throw 消息未走 i18n（有 I18nConfig/messages.properties 未用）("该用户当前不在线")|错误文案硬编码中文，前端无国际化能力，多语言/文案调整需发版|改用 MessageSource.getMessage 从 messages*.properties 取文案|open|batch-4|
R4-01657|d:\6\恋爱小程序\apps\api\src\main\java\com\campuslove\api\profile\ProfileUpdateService.java|271|H|P3|中文 throw 消息未走 i18n（有 I18nConfig/messages.properties 未用）("指定索引无照片可删除: ")|错误文案硬编码中文，前端无国际化能力，多语言/文案调整需发版|改用 MessageSource.getMessage 从 messages*.properties 取文案|open|batch-4|
R4-01658|d:\6\恋爱小程序\apps\api\src\main\java\com\campuslove\api\user\RealOnlineStatusService.java|50|H|P3|中文 throw 消息未走 i18n（有 I18nConfig/messages.properties 未用）("userId 不能为空")|错误文案硬编码中文，前端无国际化能力，多语言/文案调整需发版|改用 MessageSource.getMessage 从 messages*.properties 取文案|open|batch-4|
R4-01659|d:\6\恋爱小程序\apps\api\src\main\java\com\campuslove\api\user\RealOnlineStatusService.java|90|H|P3|中文 throw 消息未走 i18n（有 I18nConfig/messages.properties 未用）("userId 不能为空")|错误文案硬编码中文，前端无国际化能力，多语言/文案调整需发版|改用 MessageSource.getMessage 从 messages*.properties 取文案|open|batch-4|
R4-01660|d:\6\恋爱小程序\apps\api\src\main\java\com\campuslove\api\growth\DoNotDisturbRequest.java|30|H|P3|Bean Validation message 中文硬编码未走 i18n (message = 开始时间格式必须为 HH:mm)|校验失败文案不可国际化，多语言环境直接暴露中文|改用 MessageSource / messages.properties|open|batch-4|
R4-01661|d:\6\恋爱小程序\apps\api\src\main\java\com\campuslove\api\growth\DoNotDisturbRequest.java|32|H|P3|Bean Validation message 中文硬编码未走 i18n (message = 结束时间格式必须为 HH:mm)|校验失败文案不可国际化，多语言环境直接暴露中文|改用 MessageSource / messages.properties|open|batch-4|
R4-01662|d:\6\恋爱小程序\apps\api\src\main\java\com\campuslove\api\growth\DoNotDisturbRequest.java|34|H|P3|Bean Validation message 中文硬编码未走 i18n (message = 重复方式必须为 EVERYDAY/WEEKDAYS/WEEKENDS)|校验失败文案不可国际化，多语言环境直接暴露中文|改用 MessageSource / messages.properties|open|batch-4|
R4-01663|d:\6\恋爱小程序\apps\api\src\main\java\com\campuslove\api\growth\DoNotDisturbRequest.java|35|H|P3|Bean Validation message 中文硬编码未走 i18n (message = 自定义星期长度不能超过 16)|校验失败文案不可国际化，多语言环境直接暴露中文|改用 MessageSource / messages.properties|open|batch-4|
R4-01664|d:\6\恋爱小程序\apps\api\src\main\java\com\campuslove\api\chat\VideoCallController.java|118|H|P3|Bean Validation message 中文硬编码未走 i18n (message = endReason 必须为 CALLER_HANGUP/CALLEE)|校验失败文案不可国际化，多语言环境直接暴露中文|改用 MessageSource / messages.properties|open|batch-4|
R4-01665|d:\6\恋爱小程序\apps\api\src\main\java\com\campuslove\api\wallet\WalletController.java|320|H|P3|Bean Validation message 中文硬编码未走 i18n (message = 扣减金额不能为空)|校验失败文案不可国际化，多语言环境直接暴露中文|改用 MessageSource / messages.properties|open|batch-4|
R4-01666|d:\6\恋爱小程序\apps\api\src\main\java\com\campuslove\api\wallet\WalletController.java|321|H|P3|Bean Validation message 中文硬编码未走 i18n (message = 扣减金额必须大于 0)|校验失败文案不可国际化，多语言环境直接暴露中文|改用 MessageSource / messages.properties|open|batch-4|
R4-01667|d:\6\恋爱小程序\apps\api\src\main\java\com\campuslove\api\wallet\WalletController.java|322|H|P3|Bean Validation message 中文硬编码未走 i18n (message = 单次扣减金额超出上限)|校验失败文案不可国际化，多语言环境直接暴露中文|改用 MessageSource / messages.properties|open|batch-4|
R4-01668|d:\6\恋爱小程序\apps\api\src\main\java\com\campuslove\api\wallet\WalletController.java|325|H|P3|Bean Validation message 中文硬编码未走 i18n (message = 关联业务类型不能为空)|校验失败文案不可国际化，多语言环境直接暴露中文|改用 MessageSource / messages.properties|open|batch-4|
R4-01669|d:\6\恋爱小程序\apps\api\src\main\java\com\campuslove\api\wallet\WalletController.java|366|H|P3|Bean Validation message 中文硬编码未走 i18n (message = 充值金额不能为空)|校验失败文案不可国际化，多语言环境直接暴露中文|改用 MessageSource / messages.properties|open|batch-4|
R4-01670|d:\6\恋爱小程序\apps\api\src\main\java\com\campuslove\api\wallet\WalletController.java|367|H|P3|Bean Validation message 中文硬编码未走 i18n (message = 充值金额必须大于 0)|校验失败文案不可国际化，多语言环境直接暴露中文|改用 MessageSource / messages.properties|open|batch-4|
R4-01671|d:\6\恋爱小程序\apps\api\src\main\java\com\campuslove\api\wallet\WalletController.java|368|H|P3|Bean Validation message 中文硬编码未走 i18n (message = 单次充值金额超出上限)|校验失败文案不可国际化，多语言环境直接暴露中文|改用 MessageSource / messages.properties|open|batch-4|
R4-01672|d:\6\恋爱小程序\apps\api\src\main\java\com\campuslove\api\wallet\WalletController.java|379|H|P3|Bean Validation message 中文硬编码未走 i18n (message = 解锁类型不能为空)|校验失败文案不可国际化，多语言环境直接暴露中文|改用 MessageSource / messages.properties|open|batch-4|
R4-01673|d:\6\恋爱小程序\apps\api\src\main\java\com\campuslove\api\wallet\WalletController.java|381|H|P3|Bean Validation message 中文硬编码未走 i18n (message = 解锁目标 ID 不能为空)|校验失败文案不可国际化，多语言环境直接暴露中文|改用 MessageSource / messages.properties|open|batch-4|
R4-01674|d:\6\恋爱小程序\apps\api\src\main\java\com\campuslove\api\wallet\WalletController.java|382|H|P3|Bean Validation message 中文硬编码未走 i18n (message = 解锁目标 ID 必须为正数)|校验失败文案不可国际化，多语言环境直接暴露中文|改用 MessageSource / messages.properties|open|batch-4|
R4-01675|d:\6\恋爱小程序\apps\api\src\main\java\com\campuslove\api\chat\TempChatController.java|146|H|P3|Bean Validation message 中文硬编码未走 i18n (message = kind 必须为 text/voice/emoji/system)|校验失败文案不可国际化，多语言环境直接暴露中文|改用 MessageSource / messages.properties|open|batch-4|
R4-01676|d:\6\恋爱小程序\apps\api\src\main\java\com\campuslove\api\chat\TempChatController.java|163|H|P3|Bean Validation message 中文硬编码未走 i18n (message = decision 必须为 accept/reject/revoke)|校验失败文案不可国际化，多语言环境直接暴露中文|改用 MessageSource / messages.properties|open|batch-4|
R4-01677|d:\6\恋爱小程序\apps\api\src\main\java\com\campuslove\api\growth\MakeUpCheckInRequest.java|15|H|P3|Bean Validation message 中文硬编码未走 i18n (message = 补签日期不能为空)|校验失败文案不可国际化，多语言环境直接暴露中文|改用 MessageSource / messages.properties|open|batch-4|
R4-01678|d:\6\恋爱小程序\apps\api\src\main\java\com\campuslove\api\growth\MakeUpCheckInRequest.java|16|H|P3|Bean Validation message 中文硬编码未走 i18n (message = 日期格式必须为 yyyy-MM-dd)|校验失败文案不可国际化，多语言环境直接暴露中文|改用 MessageSource / messages.properties|open|batch-4|
R4-01679|d:\6\恋爱小程序\apps\api\src\main\java\com\campuslove\api\chat\PrivateMessageController.java|170|H|P3|Bean Validation message 中文硬编码未走 i18n (message = content 不能为空)|校验失败文案不可国际化，多语言环境直接暴露中文|改用 MessageSource / messages.properties|open|batch-4|
R4-01680|d:\6\恋爱小程序\apps\api\src\main\java\com\campuslove\api\chat\PrivateMessageController.java|172|H|P3|Bean Validation message 中文硬编码未走 i18n (message = kind 必须为 TEXT/IMAGE/VOICE/VIDEO/SY)|校验失败文案不可国际化，多语言环境直接暴露中文|改用 MessageSource / messages.properties|open|batch-4|
R4-01681|d:\6\恋爱小程序\apps\api\src\main\java\com\campuslove\api\vip\BillingController.java|49|H|P3|Bean Validation message 中文硬编码未走 i18n (message = 页码不能小于 0)|校验失败文案不可国际化，多语言环境直接暴露中文|改用 MessageSource / messages.properties|open|batch-4|
R4-01682|d:\6\恋爱小程序\apps\api\src\main\java\com\campuslove\api\vip\BillingController.java|51|H|P3|Bean Validation message 中文硬编码未走 i18n (message = 每页大小不能小于 1)|校验失败文案不可国际化，多语言环境直接暴露中文|改用 MessageSource / messages.properties|open|batch-4|
R4-01683|d:\6\恋爱小程序\apps\api\src\main\java\com\campuslove\api\vip\BillingController.java|52|H|P3|Bean Validation message 中文硬编码未走 i18n (message = 每页大小不能超过 100)|校验失败文案不可国际化，多语言环境直接暴露中文|改用 MessageSource / messages.properties|open|batch-4|
R4-01684|d:\6\恋爱小程序\apps\api\src\main\java\com\campuslove\api\discover\RecommendationController.java|328|H|P3|Bean Validation message 中文硬编码未走 i18n (message = dailyNotifyTime 不能为空)|校验失败文案不可国际化，多语言环境直接暴露中文|改用 MessageSource / messages.properties|open|batch-4|
R4-01685|d:\6\恋爱小程序\apps\api\src\main\java\com\campuslove\api\discover\RecommendationController.java|329|H|P3|Bean Validation message 中文硬编码未走 i18n (message = scope 不能为空)|校验失败文案不可国际化，多语言环境直接暴露中文|改用 MessageSource / messages.properties|open|batch-4|
R4-01686|d:\6\恋爱小程序\apps\api\src\main\java\com\campuslove\api\discover\ActivityController.java|53|H|P3|Bean Validation message 中文硬编码未走 i18n (message = campusName 长度不能超过 50)|校验失败文案不可国际化，多语言环境直接暴露中文|改用 MessageSource / messages.properties|open|batch-4|
R4-01687|d:\6\恋爱小程序\apps\api\src\main\java\com\campuslove\api\discover\DailyQuestionController.java|98|H|P3|Bean Validation message 中文硬编码未走 i18n (message = isAnonymous 不能为空)|校验失败文案不可国际化，多语言环境直接暴露中文|改用 MessageSource / messages.properties|open|batch-4|
R4-01688|d:\6\恋爱小程序\apps\api\src\main\java\com\campuslove\api\profile\ProfileController.java|303|H|P3|Bean Validation message 中文硬编码未走 i18n (message = educationLevel 必须为 high_school/bac)|校验失败文案不可国际化，多语言环境直接暴露中文|改用 MessageSource / messages.properties|open|batch-4|
R4-01689|d:\6\恋爱小程序\apps\api\src\main\java\com\campuslove\api\profile\ProfileController.java|306|H|P3|Bean Validation message 中文硬编码未走 i18n (message = relationshipStatus 必须为 never/marri)|校验失败文案不可国际化，多语言环境直接暴露中文|改用 MessageSource / messages.properties|open|batch-4|
R4-01690|d:\6\恋爱小程序\apps\api\src\main\java\com\campuslove\api\village\PostTagController.java|69|H|P3|Bean Validation message 中文硬编码未走 i18n (message = tagName 不能为空 且 tagName 长度不能超过 32)|校验失败文案不可国际化，多语言环境直接暴露中文|改用 MessageSource / messages.properties|open|batch-4|
R4-01691|d:\6\恋爱小程序\apps\api\src\main\java\com\campuslove\api\official\OfficialAccountController.java|57|H|P3|Bean Validation message 中文硬编码未走 i18n (message = code 不能为空)|校验失败文案不可国际化，多语言环境直接暴露中文|改用 MessageSource / messages.properties|open|batch-4|
R4-01692|d:\6\恋爱小程序\apps\api\src\main\java\com\campuslove\api\official\OfficialAccountController.java|58|H|P3|Bean Validation message 中文硬编码未走 i18n (message = code 长度不能超过 32)|校验失败文案不可国际化，多语言环境直接暴露中文|改用 MessageSource / messages.properties|open|batch-4|
R4-01693|d:\6\恋爱小程序\apps\api\src\main\java\com\campuslove\api\admin\AdminUserUpdateRequest.java|24|H|P3|Bean Validation message 中文硬编码未走 i18n (message = status 必须为 active 或 disabled)|校验失败文案不可国际化，多语言环境直接暴露中文|改用 MessageSource / messages.properties|open|batch-4|
R4-01694|d:\6\恋爱小程序\apps\api\src\main\java\com\campuslove\api\admin\AdminUserController.java|561|H|P3|Bean Validation message 中文硬编码未走 i18n (message = 手机号不能为空)|校验失败文案不可国际化，多语言环境直接暴露中文|改用 MessageSource / messages.properties|open|batch-4|
R4-01695|d:\6\恋爱小程序\apps\api\src\main\java\com\campuslove\api\admin\AdminUserController.java|562|H|P3|Bean Validation message 中文硬编码未走 i18n (message = 手机号格式不正确)|校验失败文案不可国际化，多语言环境直接暴露中文|改用 MessageSource / messages.properties|open|batch-4|
R4-01696|d:\6\恋爱小程序\apps\api\src\main\java\com\campuslove\api\admin\AdminUserController.java|563|H|P3|Bean Validation message 中文硬编码未走 i18n (message = 密码不能为空)|校验失败文案不可国际化，多语言环境直接暴露中文|改用 MessageSource / messages.properties|open|batch-4|
R4-01697|d:\6\恋爱小程序\apps\api\src\main\java\com\campuslove\api\admin\AdminUserController.java|564|H|P3|Bean Validation message 中文硬编码未走 i18n (message = 密码长度须为 6-64 位)|校验失败文案不可国际化，多语言环境直接暴露中文|改用 MessageSource / messages.properties|open|batch-4|
R4-01698|d:\6\恋爱小程序\apps\api\src\main\java\com\campuslove\api\admin\AdminUserController.java|565|H|P3|Bean Validation message 中文硬编码未走 i18n (message = 昵称不能为空)|校验失败文案不可国际化，多语言环境直接暴露中文|改用 MessageSource / messages.properties|open|batch-4|
R4-01699|d:\6\恋爱小程序\apps\api\src\main\java\com\campuslove\api\admin\AdminUserController.java|566|H|P3|Bean Validation message 中文硬编码未走 i18n (message = 昵称长度须为 1-20 字)|校验失败文案不可国际化，多语言环境直接暴露中文|改用 MessageSource / messages.properties|open|batch-4|
R4-01700|d:\6\恋爱小程序\apps\api\src\main\java\com\campuslove\api\admin\AdminShopController.java|320|H|P3|Bean Validation message 中文硬编码未走 i18n (message = 商品标题不能为空)|校验失败文案不可国际化，多语言环境直接暴露中文|改用 MessageSource / messages.properties|open|batch-4|
R4-01701|d:\6\恋爱小程序\apps\api\src\main\java\com\campuslove\api\admin\AdminShopController.java|321|H|P3|Bean Validation message 中文硬编码未走 i18n (message = 商品标题长度须为 1-128 字)|校验失败文案不可国际化，多语言环境直接暴露中文|改用 MessageSource / messages.properties|open|batch-4|
R4-01702|d:\6\恋爱小程序\apps\api\src\main\java\com\campuslove\api\admin\AdminSensitiveWordController.java|230|H|P3|Bean Validation message 中文硬编码未走 i18n (message = category 必须为 POLITICS/PORN/ABUSE/A)|校验失败文案不可国际化，多语言环境直接暴露中文|改用 MessageSource / messages.properties|open|batch-4|
R4-01703|d:\6\恋爱小程序\apps\api\src\main\java\com\campuslove\api\admin\AdminSensitiveWordController.java|242|H|P3|Bean Validation message 中文硬编码未走 i18n (message = words 列表不能超过 10000 条)|校验失败文案不可国际化，多语言环境直接暴露中文|改用 MessageSource / messages.properties|open|batch-4|
R4-01704|d:\6\恋爱小程序\apps\api\src\main\java\com\campuslove\api\admin\AdminSensitiveWordController.java|245|H|P3|Bean Validation message 中文硬编码未走 i18n (message = category 必须为 POLITICS/PORN/ABUSE/A)|校验失败文案不可国际化，多语言环境直接暴露中文|改用 MessageSource / messages.properties|open|batch-4|
R4-01705|d:\6\恋爱小程序\apps\api\src\main\java\com\campuslove\api\admin\AdminSchoolController.java|295|H|P3|Bean Validation message 中文硬编码未走 i18n (message = 高校名称不能为空)|校验失败文案不可国际化，多语言环境直接暴露中文|改用 MessageSource / messages.properties|open|batch-4|
R4-01706|d:\6\恋爱小程序\apps\api\src\main\java\com\campuslove\api\admin\AdminSchoolController.java|296|H|P3|Bean Validation message 中文硬编码未走 i18n (message = 高校名称长度须为 1-128 字)|校验失败文案不可国际化，多语言环境直接暴露中文|改用 MessageSource / messages.properties|open|batch-4|
R4-01707|d:\6\恋爱小程序\apps\api\src\main\java\com\campuslove\api\admin\AdminSchoolController.java|297|H|P3|Bean Validation message 中文硬编码未走 i18n (message = 高校编码不能为空)|校验失败文案不可国际化，多语言环境直接暴露中文|改用 MessageSource / messages.properties|open|batch-4|
R4-01708|d:\6\恋爱小程序\apps\api\src\main\java\com\campuslove\api\admin\AdminSchoolController.java|298|H|P3|Bean Validation message 中文硬编码未走 i18n (message = 高校编码须为 1-32 位字母数字)|校验失败文案不可国际化，多语言环境直接暴露中文|改用 MessageSource / messages.properties|open|batch-4|
R4-01709|d:\6\恋爱小程序\apps\api\src\main\java\com\campuslove\api\admin\AdminRoleController.java|275|H|P3|Bean Validation message 中文硬编码未走 i18n (message = 角色名称不能为空)|校验失败文案不可国际化，多语言环境直接暴露中文|改用 MessageSource / messages.properties|open|batch-4|
R4-01710|d:\6\恋爱小程序\apps\api\src\main\java\com\campuslove\api\admin\AdminRoleController.java|276|H|P3|Bean Validation message 中文硬编码未走 i18n (message = 角色名称长度须为 1-64 字)|校验失败文案不可国际化，多语言环境直接暴露中文|改用 MessageSource / messages.properties|open|batch-4|
R4-01711|d:\6\恋爱小程序\apps\api\src\main\java\com\campuslove\api\admin\AdminRoleController.java|277|H|P3|Bean Validation message 中文硬编码未走 i18n (message = 角色编码不能为空)|校验失败文案不可国际化，多语言环境直接暴露中文|改用 MessageSource / messages.properties|open|batch-4|
R4-01712|d:\6\恋爱小程序\apps\api\src\main\java\com\campuslove\api\admin\AdminRoleController.java|278|H|P3|Bean Validation message 中文硬编码未走 i18n (message = 角色编码长度须为 1-32 字)|校验失败文案不可国际化，多语言环境直接暴露中文|改用 MessageSource / messages.properties|open|batch-4|
R4-01713|d:\6\恋爱小程序\apps\api\src\main\java\com\campuslove\api\admin\AdminReportHandleRequest.java|18|H|P3|Bean Validation message 中文硬编码未走 i18n (message = result 必须为 HANDLE 或 REJECT)|校验失败文案不可国际化，多语言环境直接暴露中文|改用 MessageSource / messages.properties|open|batch-4|
R4-01714|d:\6\恋爱小程序\apps\api\src\main\java\com\campuslove\api\admin\AdminPostAuditRequest.java|16|H|P3|Bean Validation message 中文硬编码未走 i18n (message = decision 必须为 approved 或 rejected)|校验失败文案不可国际化，多语言环境直接暴露中文|改用 MessageSource / messages.properties|open|batch-4|
R4-01715|d:\6\恋爱小程序\apps\api\src\main\java\com\campuslove\api\admin\AdminOfficialAccountController.java|60|H|P3|Bean Validation message 中文硬编码未走 i18n (message = code 不能为空)|校验失败文案不可国际化，多语言环境直接暴露中文|改用 MessageSource / messages.properties|open|batch-4|
R4-01716|d:\6\恋爱小程序\apps\api\src\main\java\com\campuslove\api\admin\AdminOfficialAccountController.java|61|H|P3|Bean Validation message 中文硬编码未走 i18n (message = code 长度不能超过 32)|校验失败文案不可国际化，多语言环境直接暴露中文|改用 MessageSource / messages.properties|open|batch-4|
R4-01717|d:\6\恋爱小程序\apps\api\src\main\java\com\campuslove\api\admin\AdminNotifyConfigController.java|149|H|P3|Bean Validation message 中文硬编码未走 i18n (message = configs 列表不能为空)|校验失败文案不可国际化，多语言环境直接暴露中文|改用 MessageSource / messages.properties|open|batch-4|
R4-01718|d:\6\恋爱小程序\apps\api\src\main\java\com\campuslove\api\user\UserController.java|151|H|P3|Bean Validation message 中文硬编码未走 i18n (message = userIds 列表不能为空)|校验失败文案不可国际化，多语言环境直接暴露中文|改用 MessageSource / messages.properties|open|batch-4|
R4-01719|d:\6\恋爱小程序\apps\api\src\main\java\com\campuslove\api\user\UserController.java|152|H|P3|Bean Validation message 中文硬编码未走 i18n (message = userIds 列表不能超过 500 条)|校验失败文案不可国际化，多语言环境直接暴露中文|改用 MessageSource / messages.properties|open|batch-4|
R4-01720|d:\6\恋爱小程序\apps\api\src\main\java\com\campuslove\api\admin\AdminMenuController.java|439|H|P3|Bean Validation message 中文硬编码未走 i18n (message = 菜单标题不能为空)|校验失败文案不可国际化，多语言环境直接暴露中文|改用 MessageSource / messages.properties|open|batch-4|
R4-01721|d:\6\恋爱小程序\apps\api\src\main\java\com\campuslove\api\admin\AdminMenuController.java|440|H|P3|Bean Validation message 中文硬编码未走 i18n (message = 菜单标题长度须为 1-64 字)|校验失败文案不可国际化，多语言环境直接暴露中文|改用 MessageSource / messages.properties|open|batch-4|
R4-01722|d:\6\恋爱小程序\apps\api\src\main\java\com\campuslove\api\admin\AdminMenuController.java|441|H|P3|Bean Validation message 中文硬编码未走 i18n (message = 路由 name 不能为空)|校验失败文案不可国际化，多语言环境直接暴露中文|改用 MessageSource / messages.properties|open|batch-4|
R4-01723|d:\6\恋爱小程序\apps\api\src\main\java\com\campuslove\api\admin\AdminMenuController.java|442|H|P3|Bean Validation message 中文硬编码未走 i18n (message = 路由 name 长度须为 1-64 字)|校验失败文案不可国际化，多语言环境直接暴露中文|改用 MessageSource / messages.properties|open|batch-4|
R4-01724|d:\6\恋爱小程序\apps\api\src\main\java\com\campuslove\api\admin\AdminMenuController.java|443|H|P3|Bean Validation message 中文硬编码未走 i18n (message = 路由路径不能为空)|校验失败文案不可国际化，多语言环境直接暴露中文|改用 MessageSource / messages.properties|open|batch-4|
R4-01725|d:\6\恋爱小程序\apps\api\src\main\java\com\campuslove\api\admin\AdminMenuController.java|444|H|P3|Bean Validation message 中文硬编码未走 i18n (message = 路由路径长度须为 1-128 字)|校验失败文案不可国际化，多语言环境直接暴露中文|改用 MessageSource / messages.properties|open|batch-4|
R4-01726|d:\6\恋爱小程序\apps\api\src\main\java\com\campuslove\api\report\ReportController.java|115|H|P3|Bean Validation message 中文硬编码未走 i18n (message = targetType 必须为 POST/COMMENT/USER/T)|校验失败文案不可国际化，多语言环境直接暴露中文|改用 MessageSource / messages.properties|open|batch-4|
R4-01727|d:\6\恋爱小程序\apps\api\src\main\java\com\campuslove\api\admin\AdminCircleController.java|461|H|P3|Bean Validation message 中文硬编码未走 i18n (message = 圈名长度不能超过 64 字)|校验失败文案不可国际化，多语言环境直接暴露中文|改用 MessageSource / messages.properties|open|batch-4|
R4-01728|d:\6\恋爱小程序\apps\api\src\main\java\com\campuslove\api\admin\AdminCircleController.java|463|H|P3|Bean Validation message 中文硬编码未走 i18n (message = 图标长度不能超过 16 字符)|校验失败文案不可国际化，多语言环境直接暴露中文|改用 MessageSource / messages.properties|open|batch-4|
R4-01729|d:\6\恋爱小程序\apps\api\src\main\java\com\campuslove\api\admin\AdminCircleController.java|465|H|P3|Bean Validation message 中文硬编码未走 i18n (message = 圈子描述长度不能超过 256 字)|校验失败文案不可国际化，多语言环境直接暴露中文|改用 MessageSource / messages.properties|open|batch-4|
R4-01730|d:\6\恋爱小程序\apps\api\src\main\java\com\campuslove\api\admin\AdminDictController.java|325|H|P3|Bean Validation message 中文硬编码未走 i18n (message = 字典名称不能为空)|校验失败文案不可国际化，多语言环境直接暴露中文|改用 MessageSource / messages.properties|open|batch-4|
R4-01731|d:\6\恋爱小程序\apps\api\src\main\java\com\campuslove\api\admin\AdminDictController.java|326|H|P3|Bean Validation message 中文硬编码未走 i18n (message = 字典名称长度须为 1-64 字)|校验失败文案不可国际化，多语言环境直接暴露中文|改用 MessageSource / messages.properties|open|batch-4|
R4-01732|d:\6\恋爱小程序\apps\api\src\main\java\com\campuslove\api\admin\AdminDictController.java|327|H|P3|Bean Validation message 中文硬编码未走 i18n (message = 字典编码不能为空)|校验失败文案不可国际化，多语言环境直接暴露中文|改用 MessageSource / messages.properties|open|batch-4|
R4-01733|d:\6\恋爱小程序\apps\api\src\main\java\com\campuslove\api\admin\AdminDictController.java|328|H|P3|Bean Validation message 中文硬编码未走 i18n (message = 字典编码长度须为 1-64 字)|校验失败文案不可国际化，多语言环境直接暴露中文|改用 MessageSource / messages.properties|open|batch-4|
R4-01734|d:\6\恋爱小程序\apps\api\src\main\java\com\campuslove\api\admin\AdminDictController.java|341|H|P3|Bean Validation message 中文硬编码未走 i18n (message = 条目显示名不能为空)|校验失败文案不可国际化，多语言环境直接暴露中文|改用 MessageSource / messages.properties|open|batch-4|
R4-01735|d:\6\恋爱小程序\apps\api\src\main\java\com\campuslove\api\admin\AdminDictController.java|342|H|P3|Bean Validation message 中文硬编码未走 i18n (message = 条目显示名长度须为 1-64 字)|校验失败文案不可国际化，多语言环境直接暴露中文|改用 MessageSource / messages.properties|open|batch-4|
R4-01736|d:\6\恋爱小程序\apps\api\src\main\java\com\campuslove\api\admin\AdminDictController.java|343|H|P3|Bean Validation message 中文硬编码未走 i18n (message = 条目值不能为空)|校验失败文案不可国际化，多语言环境直接暴露中文|改用 MessageSource / messages.properties|open|batch-4|
R4-01737|d:\6\恋爱小程序\apps\api\src\main\java\com\campuslove\api\admin\AdminDictController.java|344|H|P3|Bean Validation message 中文硬编码未走 i18n (message = 条目值长度须为 1-64 字)|校验失败文案不可国际化，多语言环境直接暴露中文|改用 MessageSource / messages.properties|open|batch-4|
R4-01738|d:\6\恋爱小程序\apps\api\src\main\java\com\campuslove\api\admin\AdminCertificationController.java|173|H|P3|Bean Validation message 中文硬编码未走 i18n (message = status 必须为 APPROVED/REJECTED/PENDI)|校验失败文案不可国际化，多语言环境直接暴露中文|改用 MessageSource / messages.properties|open|batch-4|
R4-01739|d:\6\恋爱小程序\apps\api\src\main\java\com\campuslove\api\admin\AdminCreateAdminRequest.java|21|H|P3|Bean Validation message 中文硬编码未走 i18n (message = 手机号不能为空)|校验失败文案不可国际化，多语言环境直接暴露中文|改用 MessageSource / messages.properties|open|batch-4|
R4-01740|d:\6\恋爱小程序\apps\api\src\main\java\com\campuslove\api\admin\AdminCreateAdminRequest.java|22|H|P3|Bean Validation message 中文硬编码未走 i18n (message = 手机号格式不正确)|校验失败文案不可国际化，多语言环境直接暴露中文|改用 MessageSource / messages.properties|open|batch-4|
R4-01741|d:\6\恋爱小程序\apps\api\src\main\java\com\campuslove\api\admin\AdminCreateAdminRequest.java|23|H|P3|Bean Validation message 中文硬编码未走 i18n (message = 密码不能为空)|校验失败文案不可国际化，多语言环境直接暴露中文|改用 MessageSource / messages.properties|open|batch-4|
R4-01742|d:\6\恋爱小程序\apps\api\src\main\java\com\campuslove\api\admin\AdminCreateAdminRequest.java|24|H|P3|Bean Validation message 中文硬编码未走 i18n (message = 密码长度须为 6-64 位)|校验失败文案不可国际化，多语言环境直接暴露中文|改用 MessageSource / messages.properties|open|batch-4|
R4-01743|d:\6\恋爱小程序\apps\api\src\main\java\com\campuslove\api\admin\AdminCreateAdminRequest.java|25|H|P3|Bean Validation message 中文硬编码未走 i18n (message = 昵称不能为空)|校验失败文案不可国际化，多语言环境直接暴露中文|改用 MessageSource / messages.properties|open|batch-4|
R4-01744|d:\6\恋爱小程序\apps\api\src\main\java\com\campuslove\api\admin\AdminCreateAdminRequest.java|26|H|P3|Bean Validation message 中文硬编码未走 i18n (message = 昵称长度须为 1-20 字)|校验失败文案不可国际化，多语言环境直接暴露中文|改用 MessageSource / messages.properties|open|batch-4|
R4-01745|d:\6\恋爱小程序\apps\api\src\main\java\com\campuslove\api\admin\AdminCreateAdminRequest.java|27|H|P3|Bean Validation message 中文硬编码未走 i18n (message = role 必须为 ADMIN 或 SUPER_ADMIN)|校验失败文案不可国际化，多语言环境直接暴露中文|改用 MessageSource / messages.properties|open|batch-4|
R4-01746|d:\6\恋爱小程序\apps\api\src\main\java\com\campuslove\api\admin\AdminCreateAdminRequest.java|28|H|P3|Bean Validation message 中文硬编码未走 i18n (message = 校区名长度不能超过 128 字)|校验失败文案不可国际化，多语言环境直接暴露中文|改用 MessageSource / messages.properties|open|batch-4|
R4-01747|d:\6\恋爱小程序\apps\api\src\main\java\com\campuslove\api\admin\AdminAccountController.java|132|H|P3|Bean Validation message 中文硬编码未走 i18n (message = 旧密码不能为空)|校验失败文案不可国际化，多语言环境直接暴露中文|改用 MessageSource / messages.properties|open|batch-4|
R4-01748|d:\6\恋爱小程序\apps\api\src\main\java\com\campuslove\api\admin\AdminAccountController.java|133|H|P3|Bean Validation message 中文硬编码未走 i18n (message = oldPassword 长度不能超过 128)|校验失败文案不可国际化，多语言环境直接暴露中文|改用 MessageSource / messages.properties|open|batch-4|
R4-01749|d:\6\恋爱小程序\apps\api\src\main\java\com\campuslove\api\admin\AdminAccountController.java|134|H|P3|Bean Validation message 中文硬编码未走 i18n (message = 新密码不能为空)|校验失败文案不可国际化，多语言环境直接暴露中文|改用 MessageSource / messages.properties|open|batch-4|
R4-01750|d:\6\恋爱小程序\apps\api\src\main\java\com\campuslove\api\admin\AdminAccountController.java|135|H|P3|Bean Validation message 中文硬编码未走 i18n (message = 新密码长度须为 6-64 位)|校验失败文案不可国际化，多语言环境直接暴露中文|改用 MessageSource / messages.properties|open|batch-4|
R4-01751|d:\6\恋爱小程序\apps\api\src\main\java\com\campuslove\api\admin\AdminActivityController.java|619|H|P3|Bean Validation message 中文硬编码未走 i18n (message = 活动标题不能为空)|校验失败文案不可国际化，多语言环境直接暴露中文|改用 MessageSource / messages.properties|open|batch-4|
R4-01752|d:\6\恋爱小程序\apps\api\src\main\java\com\campuslove\api\admin\AdminActivityController.java|620|H|P3|Bean Validation message 中文硬编码未走 i18n (message = 活动标题长度不能超过 128 字)|校验失败文案不可国际化，多语言环境直接暴露中文|改用 MessageSource / messages.properties|open|batch-4|
R4-01753|d:\6\恋爱小程序\apps\api\src\main\java\com\campuslove\api\admin\AdminActivityController.java|621|H|P3|Bean Validation message 中文硬编码未走 i18n (message = 活动地点不能为空)|校验失败文案不可国际化，多语言环境直接暴露中文|改用 MessageSource / messages.properties|open|batch-4|
R4-01754|d:\6\恋爱小程序\apps\api\src\main\java\com\campuslove\api\admin\AdminActivityController.java|622|H|P3|Bean Validation message 中文硬编码未走 i18n (message = 活动地点长度不能超过 256 字)|校验失败文案不可国际化，多语言环境直接暴露中文|改用 MessageSource / messages.properties|open|batch-4|
R4-01755|d:\6\恋爱小程序\apps\api\src\main\java\com\campuslove\api\admin\AdminActivityController.java|623|H|P3|Bean Validation message 中文硬编码未走 i18n (message = 活动时间描述不能为空)|校验失败文案不可国际化，多语言环境直接暴露中文|改用 MessageSource / messages.properties|open|batch-4|
R4-01756|d:\6\恋爱小程序\apps\api\src\main\java\com\campuslove\api\admin\AdminActivityController.java|624|H|P3|Bean Validation message 中文硬编码未走 i18n (message = 活动时间描述长度不能超过 128 字)|校验失败文案不可国际化，多语言环境直接暴露中文|改用 MessageSource / messages.properties|open|batch-4|
R4-01757|d:\6\恋爱小程序\apps\api\src\main\java\com\campuslove\api\admin\AdminActivityController.java|625|H|P3|Bean Validation message 中文硬编码未走 i18n (message = 活动描述不能为空)|校验失败文案不可国际化，多语言环境直接暴露中文|改用 MessageSource / messages.properties|open|batch-4|
R4-01758|d:\6\恋爱小程序\apps\api\src\main\java\com\campuslove\api\admin\AdminActivityController.java|626|H|P3|Bean Validation message 中文硬编码未走 i18n (message = 城市名称长度不能超过 64 字)|校验失败文案不可国际化，多语言环境直接暴露中文|改用 MessageSource / messages.properties|open|batch-4|
R4-01759|d:\6\恋爱小程序\apps\api\src\main\java\com\campuslove\api\admin\AdminActivityController.java|627|H|P3|Bean Validation message 中文硬编码未走 i18n (message = 校区名称长度不能超过 128 字)|校验失败文案不可国际化，多语言环境直接暴露中文|改用 MessageSource / messages.properties|open|batch-4|
R4-01760|d:\6\恋爱小程序\apps\api\src\main\java\com\campuslove\api\auth\AuthController.java|419|H|P3|Bean Validation message 中文硬编码未走 i18n (message = username 长度不能超过 128)|校验失败文案不可国际化，多语言环境直接暴露中文|改用 MessageSource / messages.properties|open|batch-4|
R4-01761|d:\6\恋爱小程序\apps\api\src\main\java\com\campuslove\api\auth\AuthController.java|421|H|P3|Bean Validation message 中文硬编码未走 i18n (message = password 长度不能超过 128)|校验失败文案不可国际化，多语言环境直接暴露中文|改用 MessageSource / messages.properties|open|batch-4|
R4-01762|d:\6\恋爱小程序\apps\api\src\main\java\com\campuslove\api\auth\AuthController.java|432|H|P3|Bean Validation message 中文硬编码未走 i18n (message = 手机号格式不正确)|校验失败文案不可国际化，多语言环境直接暴露中文|改用 MessageSource / messages.properties|open|batch-4|
R4-01763|d:\6\恋爱小程序\apps\api\src\main\java\com\campuslove\api\auth\AuthController.java|433|H|P3|Bean Validation message 中文硬编码未走 i18n (message = 密码长度须为 6-64 位)|校验失败文案不可国际化，多语言环境直接暴露中文|改用 MessageSource / messages.properties|open|batch-4|
R4-01764|d:\6\恋爱小程序\apps\api\src\main\java\com\campuslove\api\auth\AuthController.java|434|H|P3|Bean Validation message 中文硬编码未走 i18n (message = 昵称长度须为 1-20 字)|校验失败文案不可国际化，多语言环境直接暴露中文|改用 MessageSource / messages.properties|open|batch-4|
R4-01765|d:\6\恋爱小程序\apps\api\src\main\java\com\campuslove\api\auth\AuthController.java|444|H|P3|Bean Validation message 中文硬编码未走 i18n (message = 手机号长度不合法)|校验失败文案不可国际化，多语言环境直接暴露中文|改用 MessageSource / messages.properties|open|batch-4|
R4-01766|d:\6\恋爱小程序\apps\api\src\main\java\com\campuslove\api\auth\AuthController.java|445|H|P3|Bean Validation message 中文硬编码未走 i18n (message = 密码长度不合法)|校验失败文案不可国际化，多语言环境直接暴露中文|改用 MessageSource / messages.properties|open|batch-4|
R4-01767|d:\6\恋爱小程序\apps\api\src\main\java\com\campuslove\api\chat\VoiceMessageService.java|118|H|P3|中文 throw 消息未走 i18n (语音文件超过 2MB 限制)|错误文案硬编码中文，前端无国际化能力，文案调整需发版|改用 MessageSource.getMessage 从 messages*.properties 取文案|open|batch-4|
R4-01768|d:\6\恋爱小程序\apps\api\src\main\java\com\campuslove\api\match\MatchPolicy.java|79|H|P3|中文 throw 消息未走 i18n (今日反悔次数已用完（上限 N 次），请明日再来)|错误文案硬编码中文，前端无国际化能力，文案调整需发版|改用 MessageSource.getMessage 从 messages*.properties 取文案|open|batch-4|
R4-01769|d:\6\恋爱小程序\apps\api\src\main\java\com\campuslove\api\report\ReportController.java|78|H|P3|中文 throw 消息未走 i18n (DailyLimitExceededException 举报 每日上限)|错误文案硬编码中文，前端无国际化能力，文案调整需发版|改用 MessageSource.getMessage 从 messages*.properties 取文案|open|batch-4|
R4-01770|d:\6\恋爱小程序\apps\api\src\main\java\com\campuslove\api\wallet\RealWalletUnlockService.java|129|H|P3|中文 throw 消息未走 i18n (不支持的解锁类型: )|错误文案硬编码中文，前端无国际化能力，文案调整需发版|改用 MessageSource.getMessage 从 messages*.properties 取文案|open|batch-4|
R4-01771|d:\6\恋爱小程序\apps\api\src\main\java\com\campuslove\api\village\VillageQueryService.java|175|H|P3|中文 throw 消息未走 i18n (不支持的帖子分类: )|错误文案硬编码中文，前端无国际化能力，文案调整需发版|改用 MessageSource.getMessage 从 messages*.properties 取文案|open|batch-4|
R4-01772|d:\6\恋爱小程序\apps\api\src\main\java\com\campuslove\api\village\VillagePostService.java|119|H|P3|中文 throw 消息未走 i18n (不支持的帖子分类: )|错误文案硬编码中文，前端无国际化能力，文案调整需发版|改用 MessageSource.getMessage 从 messages*.properties 取文案|open|batch-4|
R4-01773|d:\6\恋爱小程序\apps\api\src\main\java\com\campuslove\api\chat\TempChatSessionService.java|143|H|P3|中文 throw 消息未走 i18n (无法解析推荐人信息: recommendedPersonId=)|错误文案硬编码中文，前端无国际化能力，文案调整需发版|改用 MessageSource.getMessage 从 messages*.properties 取文案|open|batch-4|
R4-01774|d:\6\恋爱小程序\apps\api\src\main\java\com\campuslove\api\media\LocalMediaStorageService.java|438|H|P3|中文 throw 消息未走 i18n (图片大小超过限制（10MB）)|错误文案硬编码中文，前端无国际化能力，文案调整需发版|改用 MessageSource.getMessage 从 messages*.properties 取文案|open|batch-4|
