R4-00001|d:\6\恋爱小程序\apps\client\src\pages\login\index.vue|418-420|F|P1|Apple 登录假成功：uni.login(apple) 成功后直接 toast"登录成功"并跳转 discover，注释明示"省略与后端 /api/auth/third-party/apple 的 token 交换"，实际未建立会话（模拟登录）|用户以为 Apple 登录成功，实际未登录，跳转后被守卫踢回登录页，信任受损|接入后端 Apple token 交换，未实现前移除入口|open|batch-2|
R4-00004|d:\6\恋爱小程序\apps\client\src\pages\home\index.vue|257-271|F|P1|空闲时段 ActionSheet 三选项（添加课程/活动/自定义）选中后仅 toast"编辑中"（courseEditing 等）无任何后续，功能未闭环|用户无法在首页添加课表安排，入口为假按钮|接入 schedule 编辑链路或移除入口|open|batch-2|
R4-00012|d:\6\恋爱小程序\apps\client\src\pages\discover\history.vue|60-77|F|P1|历史列表对已滑过卡片回退到占位数据：viewedCards 仅存 cardId/userId，getCardDetail 兜底返回"默认昵称"+空头像/签名（模板 L177/184 展示）|历史记录页核心内容不可识别，用户无法回看已滑用户，功能价值缺失|历史记录持久化昵称/头像字段|open|batch-2|
R4-00026|d:\6\恋爱小程序\apps\client\src\pages\verification\index.vue|149-163|F|P1|认证提交为本地模拟：注释明确"无恋爱认证提交接口"，1s 后本地置 pending；学生证图片仅本地临时路径（chooseImage 未上传）|恋爱认证功能未落地，用户上传的学生证永不达审核方，认证信任体系断裂|接入后端提交/图片上传端点|open|batch-2|
R4-00027|d:\6\恋爱小程序\apps\client\src\pages\verification\index.vue|22|B|P1|认证状态无任何加载逻辑：status 恒为初始 unverified（无 onLoad/onMounted 拉取），已认证用户进入页面显示"未认证"+表单|认证状态展示错误，用户困惑；注释 L5"mock 默认已认证"亦与实现矛盾|onLoad 拉取真实认证状态|open|batch-2|
R4-00028|d:\6\恋爱小程序\apps\client\src\pages\verification\index.vue|191-226|F|P2|resetVerification/removeVerification 仅本地翻转 status，无后端解除认证调用|"解除认证"实际未解除，会话/后端状态不一致|接入后端接口|open|batch-2|
R4-00031|d:\6\恋爱小程序\apps\client\src\pages\love-center\consulting.vue|41-44|F|P1|课程报名按钮仅 toast"报名成功"（signupSuccess），无报名/支付链路（注释"真实报名/支付链路接入后端"）|商业化付费链路为假按钮，用户付费期望落空|接入真实报名/支付|open|batch-2|
R4-00033|d:\6\恋爱小程序\apps\client\src\pages\love-center\mbti.vue|87-91|F|P2|MBTI 测试结果仅 toast 展示（2.5s 消失），无结果页/记录/保存|测试结果无法回看，无留存价值|结果落地页或存储|open|batch-2|
R4-00036|d:\6\恋爱小程序\apps\client\src\pages\daily-question\index.vue|200|B|P2|回答作者字段契约失配：openapi DailyAnswerView.author.displayName vs 前端 answer.authorName；非匿名时 L200 `answer.authorName[0]` 对 undefined 直接抛 TypeError 页面崩溃|后端按契约返回时回答列表作者名空白甚至崩溃|字段映射对齐（author.displayName）|open|batch-2|
R4-00037|d:\6\恋爱小程序\apps\client\src\pages\shop\index.vue|99-112|F|P1|商品详情页未注册（注释明确断链），全部商品点击仅 toast"开发中"（detailDeveloping），商城无详情/购买链路|逛逛页商业化链路断裂，积分余额无消费场景|注册详情页或隐藏商品入口|open|batch-2|
R4-00045|d:\6\恋爱小程序\apps\client\src\subpackages\setup\schedule\index.vue|18-24|H|P1|注册流程表单预填示例值："图书馆和北草坪"/["今晚","本周"]/courseBlocks 设计课课表，新用户直接保存即提交示例假数据入库|注册用户资料被示例数据污染，课表/偏好失真|默认值置空|open|batch-2|
R4-00046|d:\6\恋爱小程序\apps\client\src\subpackages\setup\schedule\index.vue|21-23|B|P1|courseBlocks 示例课表未在模板渲染（用户不可见、无法编辑，review #66 仅修了 timeWindows）却随 {...form}（L45）提交后端|不可见假课表入库或课表功能整体缺失|渲染课表字段或从提交中剔除|open|batch-2|
R4-00048|d:\6\恋爱小程序\apps\client\src\subpackages\setup\recommend-pref\index.vue|85-87|B|P2|接口契约失配：前端 GET/PUT /recommendations/preferences/me（L126-135 PUT body 用 preferredTime 字段），而 docs/openapi/recommendations.yaml 为 /recommendations/preferences 且字段 dailyNotifyTime|契约漂移，后端调整时前端 404 或字段丢失|对齐 openapi 契约（路径与字段名）|open|batch-2|
R4-00055|d:\6\恋爱小程序\apps\client\src\pages\village\index.vue|212-227|S|P1|“模拟认证一键通过（演示）”按钮无环境门控（SchoolCircleGate 组件无条件渲染 simulate 按钮，与注释“仅在非纯前端 mock 模式显示”矛盾），真实模式任意用户可一键绕过校园认证|认证形同虚设，校园频道/同校推荐数据可信度崩塌，合规风险|simulate 按钮收敛到 mock/演示包，生产移除或加权限守卫|open|batch-2|
R4-00056|d:\6\恋爱小程序\apps\client\src\pages\campus\certification.vue|113-117|B|P1|学生证照片未先上传：submitCertification 将 chooseImage 本地临时路径（tempFilePath）作为 studentIdCardUrl 直接 POST，real 模式后端无法访问该地址|审核人员无法查看学生证，认证流程功能性失效|先调 uploadFileViaUni 上传换取 URL 再提交|open|batch-2|
R4-00057|d:\6\恋爱小程序\apps\client\src\pages\profile\album.vue|237-254|F|P1|“设为头像”为纯本地数组重排（splice/unshift 仅改 photoGallery），注释称更新 sessionStore 但代码无任何调用，刷新页面后恢复原状|用户以为已换头像，实际未生效，交互闭环造假|接入 avatar 上传/置换接口或移除入口|open|batch-2|
R4-00058|d:\6\恋爱小程序\apps\client\src\pages\profile\tasks.vue|118-122|F|P1|任务中心“每日签到”点击即本地置 done=true（“本地立即完成（演示态）”），未调用真实 GET/POST /check-in 接口，积分/连签不发|任务奖励体系虚假，用户签到数据不落库|接入 clientApi.checkIn/getCheckInStatus 真实链路|open|batch-2|
R4-00060|d:\6\恋爱小程序\apps\client\src\pages\security\index.vue|79-93|F|P1|“修改密码”仅本地校验 6-20 位+两次一致后 toast 成功，无任何后端调用，密码从未被修改|安全中心核心功能是假的，用户修改密码后旧密码仍有效|接入真实改密接口（含旧密码校验）|open|batch-2|
R4-00061|d:\6\恋爱小程序\apps\client\src\pages\security\index.vue|138-150|F|P1|“注销账号”为演示态：仅弹窗提示客服协助（注释“真实链路调用后端注销接口”未实现）|用户无法注销账号，隐私合规风险|接入 account/deactivate 后端接口|open|batch-2|
R4-00067|d:\6\恋爱小程序\apps\client\src\pages\wallet\index.vue|43-66|F|P1|“演示充值”按钮：无支付流程直接 POST /wallet/recharge 入账 10000 分（订单号 RECHARGE-DEMO-{ts} 仅作幂等键），真实模式用户可无限刷余额|资金风险：等于免费印钞，账单与收入对不上|移除演示充值或接入真实支付回调|open|batch-2|
R4-00068|d:\6\恋爱小程序\apps\client\src\pages\vip\index.vue|155-177|F|P1|“立即开通”真实模式仅 toast “功能建设中”（支付未接入），mock 模式 setTimeout 假支付成功弹“开通成功”但未真正开通 VIP|VIP 商业化链路断裂，mock 下用户被虚假成功误导|接入微信支付/后端订单闭环|open|batch-2|
R4-00069|d:\6\恋爱小程序\apps\client\src\pages\chat\video-call.vue|139-159,383-403|F|P1|视频通话无真实推拉流：pusherUrl/playerUrl 恒为空字符串（“真实环境填入信令服务器返回的推流地址”），live-pusher/live-player v-if 永不渲染，通话全程无视频|核心功能假实现，用户进入通话黑屏|接入信令/RTC 推拉流|open|batch-2|
R4-00071|d:\6\恋爱小程序\apps\client\src\pages\circles\post-topic.vue|324-329|F|P1|话题图片真实模式未上传：仅 console.warn 提示（“等待上传接口接入”），本地临时路径随 createTopic 提交，后端无法访问|话题配图在 real 模式全部裂图|先调 uploadPostImage 上传再提交|open|batch-2|
R4-00121|d:\6\恋爱小程序\apps\client\src\stores\session.ts|25|H|P1|硬编码 mock 用户会话 userId "1"（mockUserSession.userId）|真实模式切换残留或误用 mock 身份时，用户数据隔离失效（likes/私信按 userId 归属错乱）|移入 mock 数据源（fixtures）并加 apiMode 守卫|open|batch-2|
R4-00128|d:\6\恋爱小程序\apps\client\src\stores\likes.ts|1461-1474|B|P2|批量「跳过」real 分支为纯本地 filter 无后端调用（try/catch 内无 API 且 failed 永不为空）|real 模式批量跳过不持久化，刷新后「喜欢我」用户全部回弹，功能形同虚设|接入后端批量 skip 端点或逐条调用|open|batch-2|
R4-00129|d:\6\恋爱小程序\apps\client\src\stores\likes.ts|1115-1147|B|P2|createHeartSignalForMutualLike 在客户端本地构造心动信号（real 模式同样执行），仅按本地 fromUserId+pending 去重|real 模式下与后端信号（/matches/heart-signals）并存，同一匹配可能产生幽灵/重复信号并重复 toast|real 模式移除本地造信号逻辑，依赖后端|open|batch-2|
R4-00146|d:\6\恋爱小程序\apps\client\src\components\discover\CardDetailOverlay.vue|226|F|P2|兴趣圈成员数用 hash 伪造：members = 60 + (userId.charCodeAt(0) + idx*31) % 240|详情页展示的圈子人数为随机伪造值，与真实圈子数据脱节，误导用户|由后端圈子接口下发真实成员数|open|batch-2|
R4-00147|d:\6\恋爱小程序\apps\client\src\components\discover\CardDetailOverlay.vue|249-252|F|P2|匹配度分数前端伪造：Math.min(98, 80 + commonCircleCount*5)|匹配度非后端计算值，UI 展示的数字与推荐排序依据不一致|后端下发 matchScore 字段|open|batch-2|
R4-00152|d:\6\恋爱小程序\apps\client\src\services\api.ts|358-364|T|P2|getIcebreakers real 分支无对端端点可用，固定返回 { items: [] } 空列表|私信场景破冰话题在 real 模式永久为空（注释承认是 P0-06 妥协），功能降级无提示|后端补按 peerUserId 的破冰端点|open|batch-2|
R4-00164|d:\6\恋爱小程序\apps\client\src\stores\messages.ts|1193|B|P1|loadInteractionEvents 默认 page=1，后端 InteractionEventController 分页为 0 基（page=0 首页），url 拼 page=1&size=20|互动事件列表首屏跳过最新 20 条（展示第 21~40 条），新事件永不显示|改为 page=0 起始或 page-1 换算|open|batch-2|
R4-00167|d:\6\恋爱小程序\apps\client\src\stores\session.ts|641-666|B|P1|bindSchool real 分支调用 saveCampusProfile 时 city/department 传空串，后端 CampusProfileRequest 标注 @NotBlank → 恒 400|真实模式学校绑定必然失败（返回 false），任务 C「学校一次性绑定」real 下不可用|city/department 取用户真实资料或改后端为可空|open|batch-2|
R4-00168|d:\6\恋爱小程序\apps\client\src\services\http.ts|232-245|B|P2|幂等键拦截器每次请求生成全新 key（idem-${Date.now()}-${random}），注释自称「按 key 去重」|双击/重试产生的不同幂等键无法被后端 @Idempotent 去重，写操作重复提交防护失效（仅满足头存在性）|按业务语义生成稳定 key（如按钮级）或由调用方显式传 key|open|batch-2|
R4-00172|d:\6\恋爱小程序\apps\client\src\stores\coins.ts|43-48|H|P2|解锁定价 UNLOCK_COST_YUAN 硬编码前端（MESSAGE 5/VISITORS 3/LIKES 3/WHISPER 2 元）|调价需发版；且与后端无契约绑定（见 spend 条目）|后端下发定价配置|open|batch-2|
R4-00174|d:\6\恋爱小程序\apps\client\src\stores\vip.ts|106-132|H|P2|VIP 套餐与价格硬编码（18/28、48/84、128/336 元）且无支付流程（enableAutoRenew 仅 POST 状态）|定价无运营配置源；「购买」无真实支付闭环，商业化资金链路断裂|接支付 SDK 并后端下发套餐|open|batch-2|
R4-00175|d:\6\恋爱小程序\apps\client\src\services\websocket\index.ts|793-823|B|P1|setupUserSubscriptions 仅订阅 /user/queue/{messages,signals,notifications}，后端实际推送 6 类队列（另含 queue/matches、queue/temp、queue/checkin，见 MatchRecorder/TempChatSessionService/CheckInEventConsumer）|匹配成功、临时会话新消息、签到事件实时推送全部丢失，用户必须手动刷新才能看到匹配与匿名会话消息|补订 /user/queue/matches 与 /user/queue/temp（dispatchToStore 同步扩展）|open|batch-2|
R4-00178|d:\6\恋爱小程序\apps\client\src\stores\campus.ts|781-793|B|P2|createCampusTopic real 分支请求体仅 {category,title,content}，UI 的 isAnonymous 匿名选项未透传（后端 CreateCampusTopicRequest 亦无该字段）|real 模式「匿名发布」静默失效——用户勾选匿名仍以真名发布，隐私承诺落空|后端补 isAnonymous 字段并透传|open|batch-2|
R4-00179|d:\6\恋爱小程序\apps\client\src\stores\campus.ts|853-859|B|P2|replyToCampusTopic real 分支请求体仅 {content}，isAnonymous 未透传（后端 CreateCampusReplyRequest 亦无该字段）|匿名回复在 real 模式静默失效|后端补字段并透传|open|batch-2|
R4-00180|d:\6\恋爱小程序\apps\client\src\stores\circle.ts|692-700|B|P2|createTopic real 分支请求体仅 {title,content,images}，Task B5 的 tags/favorite 参数被静默丢弃（mock 分支有）|发帖附带的标签/喜爱标记在 real 模式丢失，功能前后端不一致|后端 CreateTopicRequest 补 tags/favorite 并透传|open|batch-2|
R4-00183|d:\6\恋爱小程序\apps\client\src\stores\profile.ts|680-709|B|P2|setAllowSameSchoolRecommend/setReceiveSameSchoolInfo 仅本地 storage 持久化，注释声称「真实环境同步后端接口」但 real 无任何 API 调用|隐私开关在 real 模式不落库：换设备/重装后丢失，且后端推荐逻辑不感知该偏好|接入后端偏好接口|open|batch-2|
R4-00187|d:\6\恋爱小程序\apps\client\src\stores\schedule.ts|52-116|F|P2|课表 store 全部为本地 mock（3 课程+2 活动+1 自定义），无任何后端读取/写入（/profile/schedule 契约未接入本 store）|「我的课表」功能为假功能：保存的 ScheduleProfile 与课表页数据互不相通，real 模式展示的永远是演示课表|接入 /profile/schedule 读写|open|batch-2|
R4-00188|d:\6\恋爱小程序\apps\client\src\stores\campus-wall.ts|25-80|F|P2|校园墙 store 纯本地 mock 数组（无任何 API 调用），loading 从未置 true|校园墙发帖/点赞/关注全部内存态，刷新即失，real 模式无数据源|接入村口 posts 或独立墙接口|open|batch-2|
R4-00201|d:\6\恋爱小程序\apps\client\.env.real|4|H|P1|real 模式 VITE_API_BASE_URL=https://api.campuslove.example.com/api（build:h5:real 与 build:mp-weixin:real 均加载本文件）|真实模式构建（含小程序 real 版）指向示例域名，联调/发布即失败|替换为真实域名；缺失时构建失败而非静默出包|open|batch-2|
R4-00202|d:\6\恋爱小程序\apps\client\src\config\env.ts|156|T|P1|注释称"不再回退到 http://localhost"但实现 return "https://localhost:8080/api"（注释与实现矛盾，且生产路径仍静默回退 localhost）|生产缺配置时线上请求全部打向本机 localhost，且错误被 console.error 后继续以坏地址运行|删除回退改为显式抛错/终止启动|open|batch-2|
R4-00203|d:\6\恋爱小程序\apps\client\src\manifest.json|36-49|B|P1|mp-weixin appid=wxc67cd233d72388d0 处于"待运营/产品向微信开放平台核对是否正式注册"状态（注释自述），且需三处文件手动同步|appid 非正式注册时提审被拒或线上小程序身份错误，合规风险|核对并固化 appid 到单一来源，更新三处文件|open|batch-2|
R4-00249|d:\6\恋爱小程序\apps\api\src\main\java\com\campuslove\api\auth\RealAuthService.java|456-457|H|P1|注册用户 phone 明文存储，且 openid 字段写入 "phone:"+phone 明文（setOpenid("phone:" + phone); setPhone(phone)）|数据库泄露即暴露全部真实手机号，违反个人信息保护合规|phone 经 AesEncryptor 加密存储或使用不可逆派生键|open|batch-2|
R4-00251|d:\6\恋爱小程序\apps\api\src\main\java\com\campuslove\api\auth\RealAuthService.java|533-567|D|P1|loginAsGuest 全体验用户共用一个固定账号（13900000000，昵称体验用户），会话身份无隔离|体验用户私信/匹配/点赞数据互相污染；商业化误开该入口即数据隔离失效|按会话生成独立临时账号，或体验数据限内存/独立库|open|batch-2|
R4-00259|d:\6\恋爱小程序\apps\api\src\main\java\com\campuslove\api\auth\ThirdPartyAuthService.java|139-163|B|P1|doLogin 命中既有绑定记录路径未检查 user.isDisabled()，禁用用户仍可经微信/Apple 第三方登录签发 JWT|管理员封禁可被第三方登录路径绕过，账号管控失效|doLogin 增加 isDisabled 校验（对齐 RealAuthService.loginWithWechat）|open|batch-2|
R4-00263|d:\6\恋爱小程序\apps\api\src\main\java\com\campuslove\api\auth\AuthController.java|123-126|B|P1|phoneLogin 公开端点无 @RateLimit（对比 wechat-login/admin/login 均有 10/0.1 限流）|手机号+密码可无限次爆破尝试，撞库/枚举风险|补 @RateLimit(capacity=10, refillTokens=0.1, key=IP)|open|batch-2|
R4-00270|d:\6\恋爱小程序\apps\api\src\main\java\com\campuslove\api\auth\WeChatClient.java|92-99|B|P1|devFallbackEnabled 开启时任意 code 派生固定 openid（"dev-wechat-"+code）直接走真实登录/注册链路|生产误开 WECHAT_DEV_FALLBACK_ENABLED 即可无凭据伪造微信身份登录任意新账号|生产 profile 启动强校验该开关必须为 false|open|batch-2|
R4-00279|d:\6\恋爱小程序\apps\api\src\main\java\com\campuslove\api\config\MockSecurityConfig.java|181-191|B|P1|mock 模式 /api/v1/admin/** 自动注入 ROLE_ADMIN+ROLE_USER，principal 固定 1L|mock profile 一旦被误带生产，所有管理端点匿名可用，鉴权整体失效|mock profile 启动强校验环境隔离；principal 使用可配置 mock 用户|open|batch-2|
R4-00293|d:\6\恋爱小程序\apps\api\src\main\java\com\campuslove\api\dto\DtoMapper.java|259-264|B|P1|toInstant 使用 ZoneId.systemDefault() 将 LocalDateTime 转 UTC Instant（DTO 声称 UTC 无歧义）|JVM 时区与 DB（Asia/Shanghai）不一致时全部时间戳偏移 8 小时|显式指定 Asia/Shanghai 时区转换|open|batch-2|
R4-00313|d:\6\恋爱小程序\apps\api\src\main\java\com\campuslove\api\match\RealMatchService.java|349-356|B|P1|喜欢我/访客列表未解锁条目仍返回完整昵称/头像（unlocked 仅前端打码）|付费解锁墙无服务端保护，不付费即可拿到全部列表信息，解锁商业化链路失效|服务端按解锁集合截断昵称/头像/校区字段，未解锁只返回占位|open|batch-2|
R4-00314|d:\6\恋爱小程序\apps\api\src\main\java\com\campuslove\api\discover\RecommendationRanker.java|397|B|P1|悄悄话（付费可见语义）明文随推荐列表下发，无任何解锁校验（whisper=WHISPER_POOL.get(...)）|付费内容免费泄露，悄悄话扣费链路无消费方|列表不下发 whisper，由解锁接口单独返回|open|batch-2|
R4-00315|d:\6\恋爱小程序\apps\api\src\main\java\com\campuslove\api\discover\RecommendationRanker.java|406|F|P1|allowMessage 恒为 Boolean.FALSE，MESSAGE_UNLOCK/WHISPER_UNLOCK 扣费无任何消费方|用户付费解锁私信后服务端不授予任何能力，钱包扣费白扣|实现解锁校验并据实返回 allowMessage|open|batch-2|
R4-00316|d:\6\恋爱小程序\apps\api\src\main\java\com\campuslove\api\vip\AutoRenewService.java|239|F|P1|renewVip 无任何调用方（全仓 grep 无调度任务/Controller 入口）|自动续费开关可开启但永远不会扣费续费，功能闭环断裂|补 @Scheduled 定时任务 + 手动触发端点|open|batch-2|
R4-00317|d:\6\恋爱小程序\apps\api\src\main\java\com\campuslove\api\vip\AutoRenewService.java|252-337|B|P1|Redisson 锁在事务提交前释放（finally unlock 早于代理层 commit），且 orderNo 每次 UUID 不同|并发二次续费可读到未提交数据再次扣款+再次顺延 VIP（双扣费）|锁生命周期包住事务提交（TransactionSynchronization 或锁外事务）|open|batch-2|
R4-00318|d:\6\恋爱小程序\apps\api\src\main\java\com\campuslove\api\vip\BillingService.java|207|F|P1|handlePaymentCallback 无任何 HTTP/Controller 调用方（支付回调未接入）|微信支付-权益开通闭环断裂，BillingService 回调逻辑为死代码|接入支付回调端点（验签+验单）|open|batch-2|
R4-00319|d:\6\恋爱小程序\apps\api\src\main\java\com\campuslove\api\vip\BillingService.java|225-236|B|P1|支付回调幂等仅按 notification_id；同 orderNo 不同 notificationId 重复回调绕过检查无限顺延 VIP（注释自认）|重复回调可无限免费延长 VIP，幂等无保证|增加 orderNo 维度幂等 + transaction_id 唯一约束|open|batch-2|
R4-00320|d:\6\恋爱小程序\apps\api\src\main\java\com\campuslove\api\vip\PromoCodeService.java|113|F|P1|redeem 折扣结果无消费方：全仓无任何 VIP 购买/支付下单流程使用折扣金额|优惠码兑换后折扣不生效（兑换成功但购买时无人读取），营销链路断裂|在支付/下单链路上消费折扣|open|batch-2|
R4-00321|d:\6\恋爱小程序\apps\api\src\main\java\com\campuslove\api\chat\MessageWebSocketHandler.java|216-224|B|P1|私信 WS 路径校验通过后仅推送不落库（payload 直发 /queue/messages）|WS 发送的私信不入库：历史消息、未读计数、会话预览均缺失，双通道数据不一致|WS 私信复用 RealPrivateMessageService 落库|open|batch-2|
R4-00322|d:\6\恋爱小程序\apps\api\src\main\java\com\campuslove\api\chat\TempChatSessionService.java|459-462|B|P1|matchId 兜底把任意数字解析为 userId 建立会话（代码 TODO 自认）|任意用户可借 matchId 与任意用户建立临时会话并推送通知，越权骚扰|校验 matchId 归属当前用户（MatchService 查询支持）|open|batch-2|
R4-00323|d:\6\恋爱小程序\apps\api\src\main\java\com\campuslove\api\chat\VideoCallService.java|179-186|B|P1|startedAt 全仓无任何赋值（grep setStartedAt 仅实体 setter），endCall 时长恒 0|通话时长恒为 0、记录状态恒 MISSED，CONNECTED 不可达，通话记录失真|接通信令时设置 startedAt/ONGOING|open|batch-2|
R4-00324|d:\6\恋爱小程序\apps\api\src\main\java\com\campuslove\api\chat\VideoCallController.java|59-95|F|P1|视频通话无接听/拒绝端点（仅 start/end/records），RINGING 无法流转 ONGOING|呼叫方只能发起与挂断，被叫方无任何操作入口，视频通话功能不可用|补接听/拒绝信令端点|open|batch-2|
R4-00325|d:\6\恋爱小程序\apps\api\src\main\java\com\campuslove\api\discover\RealRecommendationService.java|388-390|B|P1|推荐配额在缓存命中前扣减，首页/聊天概览/发现页多个入口每次拉取均扣配额|用户浏览首页+聊天+发现即消耗 3 次配额，缓存期内翻页重复扣减，配额经济失真|配额扣减移入缓存 miss 路径并按入口去重|open|batch-2|
R4-00326|d:\6\恋爱小程序\apps\api\src\main\java\com\campuslove\api\growth\RealCheckInService.java|434-478|B|P1|补签 costPoints（首免后每次 50 积分）仅返回视图，从不调用 walletService.deduct 扣减|契约（check-in.yaml：subsequent ones cost 50 growth points）失配，月 3 次补签全部免费，积分经济断链|补签时真实扣减钱包并写 DEBIT 流水|open|batch-2|
R4-00327|d:\6\恋爱小程序\apps\api\src\main\java\com\campuslove\api\growth\RealSocialProgressService.java|84-211|F|P1|recordExposure/recordLike/recordMatch/recordChat 等 6 个方法全仓无调用方（grep 确认）|社交升温漏斗计数恒为 0，层级永卡 L1，漏斗功能是空壳|在 like/match/chat 主链路埋点调用|open|batch-2|
R4-00328|d:\6\恋爱小程序\apps\api\src\main\java\com\campuslove\api\village\RealPostTagService.java|84-142|F|P1|post_tag 表无任何写入方（全仓无 PostTag save；createPost 仅写 posts.tags JSON）|按标签查帖子/热门话题恒为空，标签功能断链|createPost 同步写 PostTag 或改为 JSON 内过滤|open|batch-2|
R4-00367|d:\6\恋爱小程序\apps\api\pom.xml|283-286|T|P1|maven-jar-plugin 的 mock 包排除被注释（"临时取消排除"），生产 jar 将包含 MockRuntimeState/MockVillageService 等 mock 类字节码|生产产物含假数据与 mock 实现，一旦 @Profile 守卫失效（如 profile 误配）将以假数据运行；镜像体积与攻击面增大|恢复 <exclude>com/campuslove/api/mock/**</exclude> 并加 CI 校验|open|batch-2|
R4-00371|d:\6\恋爱小程序\apps\api\src\main\java\com\campuslove\api\mq\NotificationConsumer.java|177-183|B|P1|站内通知持久化恒用 SYSTEM_SOURCE_USER_ID=0 且 referenceType 恒为 user（TODO FIN-00047），点赞/评论/关注通知无法跳转来源用户主页|"谁互动了我"语义缺失，通知中心互动链路断裂，前端跳转全部失效|NotificationMessage 增加 sourceUserId/referenceId/referenceType 字段并由生产者填充|open|batch-2|
R4-00377|d:\6\恋爱小程序\apps\api\src\main\java\com\campuslove\api\ratelimit\RateLimitBucketRegistry.java|21-35|B|P1|限流桶为本地内存实现（注释自述"适用于单实例"），多实例部署时每实例独立桶，N 实例限流阈值放大 N 倍|多实例生产环境下刷接口/爆破防护失效，登录爆破防护被稀释|改 Bucket4j+Redis 分布式桶|open|batch-2|
R4-00382|d:\6\恋爱小程序\apps\api\src\main\java\com\campuslove\api\admin\SensitiveWordImportService.java|46|F|P1|Javadoc 声明客户端可轮询 /api/v1/admin/sensitive-words/import/status/{taskId}，但该端点不存在（仅 batch-import 受理接口）|异步导入任务结果无法查询，前端只能盲等，任务状态黑盒|补 status 端点或移除文档承诺|open|batch-2|
R4-00385|d:\6\恋爱小程序\apps\api\src\main\java\com\campuslove\api\admin\AdminCampusTopicController.java|197-200|B|P1|注释自述：客户端 RealCampusService.getCampusTopics 未按 status 过滤，管理端软删/隐藏的话题在客户端校园圈列表仍可见|删除话题功能实际不生效，违规内容无法下架|客户端查询层补 status='active' 过滤|open|batch-2|
R4-00398|d:\6\恋爱小程序\apps\api\src\main\java\com\campuslove\api\mock\MockRuntimeState.java|17-47|H|P1|mock 会话/资料中文文案与 /uploads/mock/photo-1.jpg 等假头像路径硬编码在 Java 常量中（绕过 i18n）|mock 数据不可 i18n，且假头像路径在真实资源不存在时展示破图|文案抽 i18n 资源、头像走本地静态资源|open|batch-2|
R4-00411|d:\6\恋爱小程序\database\flyway\flyway.user.toml|12-15|H|P1|本地文件含真实 MySQL 凭据（FLYWAY_USER/FLYWAY_PASSWORD 引用环境变量但 url 指向 jdbc:mysql://127.0.0.1:3306/qihang_platform 另一项目库名）|虽被 .gitignore 排除，但文件实际存在于工作区；若被误提交（历史曾发生）则真实凭据+错误库名泄露|删除真实凭据文件，库名改为 campus_love|open|batch-2|
R4-00420|d:\6\恋爱小程序\database\flyway\sql\V2026.08.07.0021__seed_50_virtual_users.sql|多个|S|P1|50+ 虚拟用户种子（含固定 id 10001-10056、真实格式手机号 13700001xxx、Pexels 外链头像）在正式迁移链中执行，任何环境都会灌入虚拟用户|生产推荐池混入虚拟用户、手机号段被占用致真实用户注册冲突、头像依赖外部图床|种子迁移拆分为独立 demo 链或加环境守卫|open|batch-2|
R4-00422|d:\6\恋爱小程序\database\flyway\sql\V2026.08.07.0023__seed_messages_and_visitors.sql|3-37|S|P1|私信种子以 user_a_id=1（首管理员账号）与 8 个虚拟用户建立会话并注入中文消息|生产环境 id=1 真实账号的私信列表被灌入假对话，隐私与演示数据混淆|种子改用专用演示账号|open|batch-2|
R4-00423|d:\6\恋爱小程序\database\flyway\sql\V2026.08.08.0015__discover_card_profile_fields.sql|13-21|S|P1|UPDATE 按 ELT(MOD) 随机覆盖 user_id IN (1, 8, 47) 的 occupation/income_range/mbti/birth_year，其中 id=1 为超级管理员|真实账号资料被演示数据覆盖污染|仅限虚拟用户 ID 区间|open|batch-2|
R4-00435|d:\6\恋爱小程序\apps\admin\src\api\http.ts|12-18,89|B|P1|JWT 明文存于 localStorage（getToken 读 admin_v2_token），无 HttpOnly Cookie/刷新机制，任何 XSS 可窃取管理员令牌（注释自认"改进方向需后端协同"但未实施）|管理后台令牌泄露即全站运营权限沦陷，XSS 链一旦存在则无任何缓解|迁移 HttpOnly Cookie+CSRF 或短 token+refresh 双 token 机制|open|batch-2|
R4-00491|d:\6\恋爱小程序\docs\ADMIN-GUIDE.md|583-604,657-705|F|P1|运营手册声称存在灰度发布页（比例/白名单/黑名单配置）、营销活动、用户分群、日报周报月报自动生成等能力，管理后台实际无任何对应页面/入口|运营按手册操作找不到功能，文档商业化承诺失实|手册与实现对齐或补齐对应页面|open|batch-2|
R4-00492|d:\6\恋爱小程序\docs\ADMIN-GUIDE.md|252-270,417-452,508-546|F|P1|手册声称封禁时长(7天/30天/永久)+封禁原因、用户详情含匹配历史/聊天记录/登录记录 30 次、消息举报类型、敏感词批量导入/导出/命中统计、VIP 价格/红包活动配置等能力，实际 Users.vue 仅 disable/enable、敏感词仅增删、VipPlans 为占位页|运营与审核员按手册操作不可执行，内容治理流程与手册脱节|手册按现状重写或补齐功能|open|batch-2|
R4-00493|d:\6\恋爱小程序\docs\ADMIN-GUIDE.md|154-201|F|P1|手册声称 Dashboard 提供 DAU/新增/消息量/帖子数趋势图表、留存率/VIP 转化率、异常告警横幅、系统健康（API/DB/Redis/JVM/慢查询）等，实际 Dashboard 仅 4 张统计卡+匹配趋势列表|运营决策依赖的指标面板不存在，数据驱动运营落空|Dashboard 补齐核心指标或手册降级描述|open|batch-2|
R4-00495|d:\6\恋爱小程序\docs\WECHAT-MINI-PROGRAM-ACCEPTANCE.md|167-169|B|P1|验收文档声称"未成年人保护 ✅ 通过 18 岁以下无法注册""用户实名 ✅ 通过 微信实名+校园认证"，与同仓库 privacy-policy.md:189-192 代码审查结论（未实现 18 岁校验、未调用实名接口）直接矛盾|提审时审核员发现可注册未成年账号即驳回；合规声明失实有法律风险|按 privacy-policy 8.1 结论改判为"未实现/待整改"|open|batch-2|
R4-00496|d:\6\恋爱小程序\docs\privacy-policy.md|169-172,196-210|F|P1|隐私政策第 8 条承诺"未满 18 周岁用户无法注册"，但文档自身 8.1.2 审查记录确认代码未实现任何年龄校验（未调用实名接口、无生日字段），仅靠协议告知|面向未成年人提供服务违反《未成年人保护法》与微信提审要求，监管/审核风险|实现年龄校验或修改政策承诺（二选一）|open|batch-2|
R4-00498|d:\6\恋爱小程序\docs\wechat-submission-materials-checklist.md|278,300-303,521|B|P1|提审清单仍按 VIP 在线编排：提审备注模板声明"VIP 会员（微信支付，月卡 18 元…）"、vip_test 账号权益（红包功能/视频通话）、T-10 风险提示称"项目中存在两个不同的 appid"（与同文档 AppID 小节 P1.18"三个配置文件已统一"矛盾）|提审材料与当前功能不符，审核员按备注验证 VIP 流程将失败驳回；文档内部自相矛盾|按 VIP 下线后的现状修订清单并消除 appid 矛盾表述|open|batch-2|
R4-00521|d:\6\恋爱小程序\docs\privacy-policy.md|1-267|F|P1|隐私政策全文未披露 Agnes AI 视频/图片生成服务对用户输入内容的处理（用户协议 5.1 亦未提），但 compose/.env.example 已配置 AGNES_API_KEY 且 CHANGELOG 声称 AI 视频功能上线|用户生成内容经第三方 AI 处理未告知，违反 PIPL 告知同意原则，微信提审隐私指引填报缺项|隐私政策新增 AI 服务条款与 SDK/第三方处理披露|open|batch-2|
R4-00666|d:\6\恋爱小程序\apps\client\src\stores\likes.ts|220|H|P2|硬编码 mock 用户/会话 ID user-2001（mockLikes 数组 mock 用户对象（林夕））|mock 身份可能泄漏到真实数据流，与真实用户体系割裂|移入 mock 数据源并加 apiMode 守卫|open|batch-2|
R4-00667|d:\6\恋爱小程序\apps\client\src\stores\likes.ts|228|H|P2|硬编码 mock 用户/会话 ID user-2002（mockLikes 数组 mock 用户对象（陈默））|mock 身份可能泄漏到真实数据流，与真实用户体系割裂|移入 mock 数据源并加 apiMode 守卫|open|batch-2|
R4-00668|d:\6\恋爱小程序\apps\client\src\stores\likes.ts|239|H|P2|硬编码 mock 用户/会话 ID user-2003（mockLikedBy 数组 mock 用户对象（苏晴））|mock 身份可能泄漏到真实数据流，与真实用户体系割裂|移入 mock 数据源并加 apiMode 守卫|open|batch-2|
R4-00669|d:\6\恋爱小程序\apps\client\src\stores\likes.ts|248|H|P2|硬编码 mock 用户/会话 ID user-2004（mockLikedBy 数组 mock 用户对象（周然））|mock 身份可能泄漏到真实数据流，与真实用户体系割裂|移入 mock 数据源并加 apiMode 守卫|open|batch-2|
R4-00670|d:\6\恋爱小程序\apps\client\src\stores\likes.ts|257|H|P2|硬编码 mock 用户/会话 ID user-2006（mockLikedBy 数组 mock 用户对象（叶知秋））|mock 身份可能泄漏到真实数据流，与真实用户体系割裂|移入 mock 数据源并加 apiMode 守卫|open|batch-2|
R4-00671|d:\6\恋爱小程序\apps\client\src\stores\likes.ts|265|H|P2|硬编码 mock 用户/会话 ID user-2007（mockLikedBy 数组 mock 用户对象（沈星河））|mock 身份可能泄漏到真实数据流，与真实用户体系割裂|移入 mock 数据源并加 apiMode 守卫|open|batch-2|
R4-00672|d:\6\恋爱小程序\apps\client\src\stores\likes.ts|274|H|P2|硬编码 mock 用户/会话 ID user-2200（mockLikedBy 数组 mock 用户对象（like-7））|mock 身份可能泄漏到真实数据流，与真实用户体系割裂|移入 mock 数据源并加 apiMode 守卫|open|batch-2|
R4-00673|d:\6\恋爱小程序\apps\client\src\stores\likes.ts|283|H|P2|硬编码 mock 用户/会话 ID user-2201（mockLikedBy 数组 mock 用户对象（like-8））|mock 身份可能泄漏到真实数据流，与真实用户体系割裂|移入 mock 数据源并加 apiMode 守卫|open|batch-2|
R4-00674|d:\6\恋爱小程序\apps\client\src\stores\likes.ts|291|H|P2|硬编码 mock 用户/会话 ID user-2202（mockLikedBy 数组 mock 用户对象（like-9））|mock 身份可能泄漏到真实数据流，与真实用户体系割裂|移入 mock 数据源并加 apiMode 守卫|open|batch-2|
R4-00675|d:\6\恋爱小程序\apps\client\src\stores\likes.ts|299|H|P2|硬编码 mock 用户/会话 ID user-2203（mockLikedBy 数组 mock 用户对象（like-10））|mock 身份可能泄漏到真实数据流，与真实用户体系割裂|移入 mock 数据源并加 apiMode 守卫|open|batch-2|
R4-00676|d:\6\恋爱小程序\apps\client\src\stores\likes.ts|308|H|P2|硬编码 mock 用户/会话 ID user-2204（mockLikedBy 数组 mock 用户对象（like-11））|mock 身份可能泄漏到真实数据流，与真实用户体系割裂|移入 mock 数据源并加 apiMode 守卫|open|batch-2|
R4-00677|d:\6\恋爱小程序\apps\client\src\stores\likes.ts|316|H|P2|硬编码 mock 用户/会话 ID user-2205（mockLikedBy 数组 mock 用户对象（like-12））|mock 身份可能泄漏到真实数据流，与真实用户体系割裂|移入 mock 数据源并加 apiMode 守卫|open|batch-2|
R4-00678|d:\6\恋爱小程序\apps\client\src\stores\likes.ts|324|H|P2|硬编码 mock 用户/会话 ID user-2206（mockLikedBy 数组 mock 用户对象（like-13））|mock 身份可能泄漏到真实数据流，与真实用户体系割裂|移入 mock 数据源并加 apiMode 守卫|open|batch-2|
R4-00679|d:\6\恋爱小程序\apps\client\src\stores\likes.ts|333|H|P2|硬编码 mock 用户/会话 ID user-2207（mockLikedBy 数组 mock 用户对象（like-14））|mock 身份可能泄漏到真实数据流，与真实用户体系割裂|移入 mock 数据源并加 apiMode 守卫|open|batch-2|
R4-00680|d:\6\恋爱小程序\apps\client\src\stores\likes.ts|341|H|P2|硬编码 mock 用户/会话 ID user-2208（mockLikedBy 数组 mock 用户对象（like-15））|mock 身份可能泄漏到真实数据流，与真实用户体系割裂|移入 mock 数据源并加 apiMode 守卫|open|batch-2|
R4-00681|d:\6\恋爱小程序\apps\client\src\stores\likes.ts|349|H|P2|硬编码 mock 用户/会话 ID user-2209（mockLikedBy 数组 mock 用户对象（like-16））|mock 身份可能泄漏到真实数据流，与真实用户体系割裂|移入 mock 数据源并加 apiMode 守卫|open|batch-2|
R4-00682|d:\6\恋爱小程序\apps\client\src\stores\likes.ts|358|H|P2|硬编码 mock 用户/会话 ID user-2210（mockLikedBy 数组 mock 用户对象（like-17））|mock 身份可能泄漏到真实数据流，与真实用户体系割裂|移入 mock 数据源并加 apiMode 守卫|open|batch-2|
R4-00683|d:\6\恋爱小程序\apps\client\src\stores\likes.ts|366|H|P2|硬编码 mock 用户/会话 ID user-2211（mockLikedBy 数组 mock 用户对象（like-18））|mock 身份可能泄漏到真实数据流，与真实用户体系割裂|移入 mock 数据源并加 apiMode 守卫|open|batch-2|
R4-00684|d:\6\恋爱小程序\apps\client\src\stores\likes.ts|374|H|P2|硬编码 mock 用户/会话 ID user-2212（mockLikedBy 数组 mock 用户对象（like-19））|mock 身份可能泄漏到真实数据流，与真实用户体系割裂|移入 mock 数据源并加 apiMode 守卫|open|batch-2|
R4-00685|d:\6\恋爱小程序\apps\client\src\stores\likes.ts|383|H|P2|硬编码 mock 用户/会话 ID user-2213（mockLikedBy 数组 mock 用户对象（like-20））|mock 身份可能泄漏到真实数据流，与真实用户体系割裂|移入 mock 数据源并加 apiMode 守卫|open|batch-2|
R4-00686|d:\6\恋爱小程序\apps\client\src\stores\likes.ts|391|H|P2|硬编码 mock 用户/会话 ID user-2214（mockLikedBy 数组 mock 用户对象（like-21））|mock 身份可能泄漏到真实数据流，与真实用户体系割裂|移入 mock 数据源并加 apiMode 守卫|open|batch-2|
R4-00687|d:\6\恋爱小程序\apps\client\src\stores\likes.ts|399|H|P2|硬编码 mock 用户/会话 ID user-2215（mockLikedBy 数组 mock 用户对象（like-22））|mock 身份可能泄漏到真实数据流，与真实用户体系割裂|移入 mock 数据源并加 apiMode 守卫|open|batch-2|
R4-00688|d:\6\恋爱小程序\apps\client\src\stores\likes.ts|408|H|P2|硬编码 mock 用户/会话 ID user-2216（mockLikedBy 数组 mock 用户对象（like-23））|mock 身份可能泄漏到真实数据流，与真实用户体系割裂|移入 mock 数据源并加 apiMode 守卫|open|batch-2|
R4-00689|d:\6\恋爱小程序\apps\client\src\stores\likes.ts|416|H|P2|硬编码 mock 用户/会话 ID user-2217（mockLikedBy 数组 mock 用户对象（like-24））|mock 身份可能泄漏到真实数据流，与真实用户体系割裂|移入 mock 数据源并加 apiMode 守卫|open|batch-2|
R4-00690|d:\6\恋爱小程序\apps\client\src\stores\likes.ts|427|H|P2|硬编码 mock 用户/会话 ID user-2003（mockVisitors 访客对象 visit-1（苏晴））|mock 身份可能泄漏到真实数据流，与真实用户体系割裂|移入 mock 数据源并加 apiMode 守卫|open|batch-2|
R4-00691|d:\6\恋爱小程序\apps\client\src\stores\likes.ts|437|H|P2|硬编码 mock 用户/会话 ID user-2005（mockVisitors 访客对象 visit-2（顾言））|mock 身份可能泄漏到真实数据流，与真实用户体系割裂|移入 mock 数据源并加 apiMode 守卫|open|batch-2|
R4-00692|d:\6\恋爱小程序\apps\client\src\stores\likes.ts|446|H|P2|硬编码 mock 用户/会话 ID user-2008（mockVisitors 访客对象 visit-3（江晚吟））|mock 身份可能泄漏到真实数据流，与真实用户体系割裂|移入 mock 数据源并加 apiMode 守卫|open|batch-2|
R4-00693|d:\6\恋爱小程序\apps\client\src\stores\likes.ts|456|H|P2|硬编码 mock 用户/会话 ID user-2300（mock 用户对象（like-25））|mock 身份可能泄漏到真实数据流，与真实用户体系割裂|移入 mock 数据源并加 apiMode 守卫|open|batch-2|
R4-00694|d:\6\恋爱小程序\apps\client\src\stores\likes.ts|465|H|P2|硬编码 mock 用户/会话 ID user-2301（mock 用户对象（like-26））|mock 身份可能泄漏到真实数据流，与真实用户体系割裂|移入 mock 数据源并加 apiMode 守卫|open|batch-2|
R4-00695|d:\6\恋爱小程序\apps\client\src\stores\likes.ts|475|H|P2|硬编码 mock 用户/会话 ID user-2302（mock 用户对象（like-27））|mock 身份可能泄漏到真实数据流，与真实用户体系割裂|移入 mock 数据源并加 apiMode 守卫|open|batch-2|
R4-00696|d:\6\恋爱小程序\apps\client\src\stores\likes.ts|484|H|P2|硬编码 mock 用户/会话 ID user-2303（mock 用户对象（like-28））|mock 身份可能泄漏到真实数据流，与真实用户体系割裂|移入 mock 数据源并加 apiMode 守卫|open|batch-2|
R4-00697|d:\6\恋爱小程序\apps\client\src\stores\likes.ts|493|H|P2|硬编码 mock 用户/会话 ID user-2304（mock 用户对象（like-29））|mock 身份可能泄漏到真实数据流，与真实用户体系割裂|移入 mock 数据源并加 apiMode 守卫|open|batch-2|
R4-00698|d:\6\恋爱小程序\apps\client\src\stores\likes.ts|502|H|P2|硬编码 mock 用户/会话 ID user-2305（mock 用户对象（like-30））|mock 身份可能泄漏到真实数据流，与真实用户体系割裂|移入 mock 数据源并加 apiMode 守卫|open|batch-2|
R4-00699|d:\6\恋爱小程序\apps\client\src\stores\likes.ts|512|H|P2|硬编码 mock 用户/会话 ID user-2306（mock 用户对象（like-31））|mock 身份可能泄漏到真实数据流，与真实用户体系割裂|移入 mock 数据源并加 apiMode 守卫|open|batch-2|
R4-00700|d:\6\恋爱小程序\apps\client\src\stores\likes.ts|521|H|P2|硬编码 mock 用户/会话 ID user-2307（mock 用户对象（like-32））|mock 身份可能泄漏到真实数据流，与真实用户体系割裂|移入 mock 数据源并加 apiMode 守卫|open|batch-2|
R4-00701|d:\6\恋爱小程序\apps\client\src\stores\likes.ts|530|H|P2|硬编码 mock 用户/会话 ID user-2308（mock 用户对象（like-33））|mock 身份可能泄漏到真实数据流，与真实用户体系割裂|移入 mock 数据源并加 apiMode 守卫|open|batch-2|
R4-00702|d:\6\恋爱小程序\apps\client\src\stores\likes.ts|539|H|P2|硬编码 mock 用户/会话 ID user-2309（mock 用户对象（like-34））|mock 身份可能泄漏到真实数据流，与真实用户体系割裂|移入 mock 数据源并加 apiMode 守卫|open|batch-2|
R4-00703|d:\6\恋爱小程序\apps\client\src\stores\likes.ts|549|H|P2|硬编码 mock 用户/会话 ID user-2310（mock 用户对象（like-35））|mock 身份可能泄漏到真实数据流，与真实用户体系割裂|移入 mock 数据源并加 apiMode 守卫|open|batch-2|
R4-00704|d:\6\恋爱小程序\apps\client\src\stores\likes.ts|558|H|P2|硬编码 mock 用户/会话 ID user-2311（mock 用户对象（like-36））|mock 身份可能泄漏到真实数据流，与真实用户体系割裂|移入 mock 数据源并加 apiMode 守卫|open|batch-2|
R4-00705|d:\6\恋爱小程序\apps\client\src\stores\likes.ts|567|H|P2|硬编码 mock 用户/会话 ID user-2312（mock 用户对象（like-37））|mock 身份可能泄漏到真实数据流，与真实用户体系割裂|移入 mock 数据源并加 apiMode 守卫|open|batch-2|
R4-00706|d:\6\恋爱小程序\apps\client\src\stores\likes.ts|576|H|P2|硬编码 mock 用户/会话 ID user-2313（mock 用户对象（like-38））|mock 身份可能泄漏到真实数据流，与真实用户体系割裂|移入 mock 数据源并加 apiMode 守卫|open|batch-2|
R4-00707|d:\6\恋爱小程序\apps\client\src\stores\likes.ts|586|H|P2|硬编码 mock 用户/会话 ID user-2314（mock 用户对象（like-39））|mock 身份可能泄漏到真实数据流，与真实用户体系割裂|移入 mock 数据源并加 apiMode 守卫|open|batch-2|
R4-00708|d:\6\恋爱小程序\apps\client\src\stores\likes.ts|595|H|P2|硬编码 mock 用户/会话 ID user-2315（mock 用户对象（like-40））|mock 身份可能泄漏到真实数据流，与真实用户体系割裂|移入 mock 数据源并加 apiMode 守卫|open|batch-2|
R4-00709|d:\6\恋爱小程序\apps\client\src\stores\likes.ts|604|H|P2|硬编码 mock 用户/会话 ID user-2316（mock 用户对象（like-41））|mock 身份可能泄漏到真实数据流，与真实用户体系割裂|移入 mock 数据源并加 apiMode 守卫|open|batch-2|
R4-00710|d:\6\恋爱小程序\apps\client\src\stores\likes.ts|613|H|P2|硬编码 mock 用户/会话 ID user-2317（mock 用户对象（like-42））|mock 身份可能泄漏到真实数据流，与真实用户体系割裂|移入 mock 数据源并加 apiMode 守卫|open|batch-2|
R4-00711|d:\6\恋爱小程序\apps\client\src\stores\likes.ts|623|H|P2|硬编码 mock 用户/会话 ID user-2318（mock 用户对象（like-43））|mock 身份可能泄漏到真实数据流，与真实用户体系割裂|移入 mock 数据源并加 apiMode 守卫|open|batch-2|
R4-00712|d:\6\恋爱小程序\apps\client\src\stores\likes.ts|635|H|P2|硬编码 mock 用户/会话 ID user-2003（mockHeartSignals signal-1 fromUserId 硬编码 mock 用户 ID）|mock 身份可能泄漏到真实数据流，与真实用户体系割裂|移入 mock 数据源并加 apiMode 守卫|open|batch-2|
R4-00713|d:\6\恋爱小程序\apps\client\src\stores\likes.ts|645|H|P2|硬编码 mock 用户/会话 ID user-2006（mockHeartSignals signal-2 fromUserId 硬编码 mock 用户 ID）|mock 身份可能泄漏到真实数据流，与真实用户体系割裂|移入 mock 数据源并加 apiMode 守卫|open|batch-2|
R4-00714|d:\6\恋爱小程序\apps\client\src\stores\village\utils.ts|666|H|P2|硬编码 mock 用户/会话 ID user-3001（mockAuthors 数组 mock 用户对象（小鹿））|mock 身份可能泄漏到真实数据流，与真实用户体系割裂|移入 mock 数据源并加 apiMode 守卫|open|batch-2|
R4-00715|d:\6\恋爱小程序\apps\client\src\stores\village\utils.ts|674|H|P2|硬编码 mock 用户/会话 ID user-3002（mockAuthors 数组 mock 用户对象（阿泽））|mock 身份可能泄漏到真实数据流，与真实用户体系割裂|移入 mock 数据源并加 apiMode 守卫|open|batch-2|
R4-00716|d:\6\恋爱小程序\apps\client\src\stores\village\utils.ts|682|H|P2|硬编码 mock 用户/会话 ID user-3003（mockAuthors 数组 mock 用户对象（橙子））|mock 身份可能泄漏到真实数据流，与真实用户体系割裂|移入 mock 数据源并加 apiMode 守卫|open|batch-2|
R4-00717|d:\6\恋爱小程序\apps\client\src\stores\village\utils.ts|690|H|P2|硬编码 mock 用户/会话 ID user-3004（mockAuthors 数组 mock 用户对象（南风））|mock 身份可能泄漏到真实数据流，与真实用户体系割裂|移入 mock 数据源并加 apiMode 守卫|open|batch-2|
R4-00718|d:\6\恋爱小程序\apps\client\src\stores\village\utils.ts|698|H|P2|硬编码 mock 用户/会话 ID user-3005（mockAuthors 数组 mock 用户对象（北岛））|mock 身份可能泄漏到真实数据流，与真实用户体系割裂|移入 mock 数据源并加 apiMode 守卫|open|batch-2|
R4-00719|d:\6\恋爱小程序\apps\client\src\stores\village\utils.ts|706|H|P2|硬编码 mock 用户/会话 ID user-3006（mockAuthors 数组 mock 用户对象（苏晴））|mock 身份可能泄漏到真实数据流，与真实用户体系割裂|移入 mock 数据源并加 apiMode 守卫|open|batch-2|
R4-00720|d:\6\恋爱小程序\apps\client\src\stores\village\utils.ts|714|H|P2|硬编码 mock 用户/会话 ID user-3007（mockAuthors 数组 mock 用户对象（周沐））|mock 身份可能泄漏到真实数据流，与真实用户体系割裂|移入 mock 数据源并加 apiMode 守卫|open|batch-2|
R4-00721|d:\6\恋爱小程序\apps\client\src\stores\village\utils.ts|722|H|P2|硬编码 mock 用户/会话 ID user-3008（mockAuthors 数组 mock 用户对象（许诺））|mock 身份可能泄漏到真实数据流，与真实用户体系割裂|移入 mock 数据源并加 apiMode 守卫|open|batch-2|
R4-00722|d:\6\恋爱小程序\apps\client\src\stores\village\utils.ts|730|H|P2|硬编码 mock 用户/会话 ID user-3009（mockAuthors 数组 mock 用户对象（林安））|mock 身份可能泄漏到真实数据流，与真实用户体系割裂|移入 mock 数据源并加 apiMode 守卫|open|batch-2|
R4-00723|d:\6\恋爱小程序\apps\client\src\stores\village\utils.ts|738|H|P2|硬编码 mock 用户/会话 ID user-3010（mockAuthors 数组 mock 用户对象（叶青））|mock 身份可能泄漏到真实数据流，与真实用户体系割裂|移入 mock 数据源并加 apiMode 守卫|open|batch-2|
R4-00724|d:\6\恋爱小程序\apps\client\src\stores\village\utils.ts|746|H|P2|硬编码 mock 用户/会话 ID user-3011（mockAuthors 数组 mock 用户对象（夏言））|mock 身份可能泄漏到真实数据流，与真实用户体系割裂|移入 mock 数据源并加 apiMode 守卫|open|batch-2|
R4-00725|d:\6\恋爱小程序\apps\client\src\stores\village\utils.ts|754|H|P2|硬编码 mock 用户/会话 ID user-3012（mockAuthors 数组 mock 用户对象（顾北））|mock 身份可能泄漏到真实数据流，与真实用户体系割裂|移入 mock 数据源并加 apiMode 守卫|open|batch-2|
R4-00726|d:\6\恋爱小程序\apps\client\src\stores\village\utils.ts|762|H|P2|硬编码 mock 用户/会话 ID user-3013（mockAuthors 数组 mock 用户对象（沈念））|mock 身份可能泄漏到真实数据流，与真实用户体系割裂|移入 mock 数据源并加 apiMode 守卫|open|batch-2|
R4-00727|d:\6\恋爱小程序\apps\client\src\stores\village\utils.ts|770|H|P2|硬编码 mock 用户/会话 ID user-3014（mockAuthors 数组 mock 用户对象（白鹭））|mock 身份可能泄漏到真实数据流，与真实用户体系割裂|移入 mock 数据源并加 apiMode 守卫|open|batch-2|
R4-00728|d:\6\恋爱小程序\apps\client\src\stores\village\utils.ts|778|H|P2|硬编码 mock 用户/会话 ID user-3015（mockAuthors 数组 mock 用户对象（季风））|mock 身份可能泄漏到真实数据流，与真实用户体系割裂|移入 mock 数据源并加 apiMode 守卫|open|batch-2|
R4-00729|d:\6\恋爱小程序\apps\client\src\stores\circle.ts|320|H|P2|硬编码 mock 用户/会话 ID user-3011（mock 帖子作者对象（晨光））|mock 身份可能泄漏到真实数据流，与真实用户体系割裂|移入 mock 数据源并加 apiMode 守卫|open|batch-2|
R4-00730|d:\6\恋爱小程序\apps\client\src\stores\circle.ts|330|H|P2|硬编码 mock 用户/会话 ID user-3012（mock 帖子作者对象（晚风））|mock 身份可能泄漏到真实数据流，与真实用户体系割裂|移入 mock 数据源并加 apiMode 守卫|open|batch-2|
R4-00731|d:\6\恋爱小程序\apps\client\src\stores\circle.ts|340|H|P2|硬编码 mock 用户/会话 ID user-3013（mock 帖子作者对象（小北））|mock 身份可能泄漏到真实数据流，与真实用户体系割裂|移入 mock 数据源并加 apiMode 守卫|open|batch-2|
R4-00732|d:\6\恋爱小程序\apps\client\src\stores\circle.ts|352|H|P2|硬编码 mock 用户/会话 ID user-3001（mock 帖子作者对象（小鹿））|mock 身份可能泄漏到真实数据流，与真实用户体系割裂|移入 mock 数据源并加 apiMode 守卫|open|batch-2|
R4-00733|d:\6\恋爱小程序\apps\client\src\stores\circle.ts|362|H|P2|硬编码 mock 用户/会话 ID user-3002（mock 帖子作者对象（阿泽））|mock 身份可能泄漏到真实数据流，与真实用户体系割裂|移入 mock 数据源并加 apiMode 守卫|open|batch-2|
R4-00734|d:\6\恋爱小程序\apps\client\src\stores\circle.ts|372|H|P2|硬编码 mock 用户/会话 ID user-3003（mock 帖子作者对象（橙子））|mock 身份可能泄漏到真实数据流，与真实用户体系割裂|移入 mock 数据源并加 apiMode 守卫|open|batch-2|
R4-00735|d:\6\恋爱小程序\apps\client\src\stores\circle.ts|384|H|P2|硬编码 mock 用户/会话 ID user-3004（mock 帖子作者对象（南风））|mock 身份可能泄漏到真实数据流，与真实用户体系割裂|移入 mock 数据源并加 apiMode 守卫|open|batch-2|
R4-00736|d:\6\恋爱小程序\apps\client\src\stores\circle.ts|398|H|P2|硬编码 mock 用户/会话 ID user-3001（mock 帖子详情作者对象（小鹿））|mock 身份可能泄漏到真实数据流，与真实用户体系割裂|移入 mock 数据源并加 apiMode 守卫|open|batch-2|
R4-00737|d:\6\恋爱小程序\apps\client\src\stores\circle.ts|409|H|P2|硬编码 mock 用户/会话 ID user-3002（mock 帖子详情作者对象（阿泽））|mock 身份可能泄漏到真实数据流，与真实用户体系割裂|移入 mock 数据源并加 apiMode 守卫|open|batch-2|
R4-00738|d:\6\恋爱小程序\apps\client\src\stores\circle.ts|416|H|P2|硬编码 mock 用户/会话 ID user-3003（mock 帖子详情作者对象（橙子））|mock 身份可能泄漏到真实数据流，与真实用户体系割裂|移入 mock 数据源并加 apiMode 守卫|open|batch-2|
R4-00739|d:\6\恋爱小程序\apps\client\src\stores\circle.ts|423|H|P2|硬编码 mock 用户/会话 ID user-3004（mock 帖子详情作者对象（南风））|mock 身份可能泄漏到真实数据流，与真实用户体系割裂|移入 mock 数据源并加 apiMode 守卫|open|batch-2|
R4-00740|d:\6\恋爱小程序\apps\client\src\stores\village\index.ts|1036|H|P2|硬编码 mock 用户/会话 ID user-3004（similarAuthors mock 用户对象（南风））|mock 身份可能泄漏到真实数据流，与真实用户体系割裂|移入 mock 数据源并加 apiMode 守卫|open|batch-2|
R4-00741|d:\6\恋爱小程序\apps\client\src\stores\village\index.ts|1046|H|P2|硬编码 mock 用户/会话 ID user-3005（similarAuthors mock 用户对象（北岛））|mock 身份可能泄漏到真实数据流，与真实用户体系割裂|移入 mock 数据源并加 apiMode 守卫|open|batch-2|
R4-00742|d:\6\恋爱小程序\apps\client\src\pages\village\tag-posts.vue|207|H|P2|硬编码 mock 用户/会话 ID 1001（标签帖 mock 作者 userId（星野））|mock 身份可能泄漏到真实数据流，与真实用户体系割裂|移入 mock 数据源并加 apiMode 守卫|open|batch-2|
R4-00743|d:\6\恋爱小程序\apps\client\src\pages\village\tag-posts.vue|215|H|P2|硬编码 mock 用户/会话 ID 1002（标签帖 mock 作者 userId（阿泽））|mock 身份可能泄漏到真实数据流，与真实用户体系割裂|移入 mock 数据源并加 apiMode 守卫|open|batch-2|
R4-00744|d:\6\恋爱小程序\apps\client\src\pages\village\tag-posts.vue|223|H|P2|硬编码 mock 用户/会话 ID 1003（标签帖 mock 作者 userId（橙子））|mock 身份可能泄漏到真实数据流，与真实用户体系割裂|移入 mock 数据源并加 apiMode 守卫|open|batch-2|
R4-00745|d:\6\恋爱小程序\apps\client\src\pages\village\tag-posts.vue|231|H|P2|硬编码 mock 用户/会话 ID 1004（标签帖 mock 作者 userId（北岛））|mock 身份可能泄漏到真实数据流，与真实用户体系割裂|移入 mock 数据源并加 apiMode 守卫|open|batch-2|
R4-00746|d:\6\恋爱小程序\apps\client\src\pages\village\tag-posts.vue|239|H|P2|硬编码 mock 用户/会话 ID 1005（标签帖 mock 作者 userId（南风））|mock 身份可能泄漏到真实数据流，与真实用户体系割裂|移入 mock 数据源并加 apiMode 守卫|open|batch-2|
R4-00747|d:\6\恋爱小程序\apps\client\src\pages\village\tag-posts.vue|247|H|P2|硬编码 mock 用户/会话 ID 1006（标签帖 mock 作者 userId（小鹿））|mock 身份可能泄漏到真实数据流，与真实用户体系割裂|移入 mock 数据源并加 apiMode 守卫|open|batch-2|
R4-00748|d:\6\恋爱小程序\apps\client\src\stores\messages.ts|345|H|P2|硬编码 mock 用户/会话 ID user-2001（mockSessions 会话 session-private-1 partnerId）|mock 身份可能泄漏到真实数据流，与真实用户体系割裂|移入 mock 数据源并加 apiMode 守卫|open|batch-2|
R4-00749|d:\6\恋爱小程序\apps\client\src\stores\messages.ts|351|H|P2|硬编码 mock 用户/会话 ID user-2002（mockSessions 会话 session-private-2 partnerId）|mock 身份可能泄漏到真实数据流，与真实用户体系割裂|移入 mock 数据源并加 apiMode 守卫|open|batch-2|
R4-00750|d:\6\恋爱小程序\apps\client\src\stores\messages.ts|365|H|P2|硬编码 mock 用户/会话 ID user-2006（mockSessions 会话 session-private-4 partnerId）|mock 身份可能泄漏到真实数据流，与真实用户体系割裂|移入 mock 数据源并加 apiMode 守卫|open|batch-2|
R4-00751|d:\6\恋爱小程序\apps\client\src\stores\messages.ts|371|H|P2|硬编码 mock 用户/会话 ID user-2004（mockSessions 临时匿名会话 session-temp-1 partnerId）|mock 身份可能泄漏到真实数据流，与真实用户体系割裂|移入 mock 数据源并加 apiMode 守卫|open|batch-2|
R4-00752|d:\6\恋爱小程序\apps\client\src\stores\messages.ts|377|H|P2|硬编码 mock 用户/会话 ID user-2005（mockSessions 会话 session-private-3 partnerId）|mock 身份可能泄漏到真实数据流，与真实用户体系割裂|移入 mock 数据源并加 apiMode 守卫|open|batch-2|
R4-00753|d:\6\恋爱小程序\apps\client\src\stores\messages.ts|419|H|P2|硬编码 mock 用户/会话 ID user-2003（mockHeartSignals signal-1 fromUserId）|mock 身份可能泄漏到真实数据流，与真实用户体系割裂|移入 mock 数据源并加 apiMode 守卫|open|batch-2|
R4-00754|d:\6\恋爱小程序\apps\client\src\stores\messages.ts|454|H|P2|硬编码 mock 用户/会话 ID user-2003（mock 通知 notif-4 triggerUserId（苏晴关注了你））|mock 身份可能泄漏到真实数据流，与真实用户体系割裂|移入 mock 数据源并加 apiMode 守卫|open|batch-2|
R4-00755|d:\6\恋爱小程序\apps\client\src\stores\messages.ts|455|H|P2|硬编码 mock 用户/会话 ID user-2003（mock 通知 actionUrl 内嵌 userId=user-2003）|mock 身份可能泄漏到真实数据流，与真实用户体系割裂|移入 mock 数据源并加 apiMode 守卫|open|batch-2|
R4-00756|d:\6\恋爱小程序\apps\client\src\stores\messages.ts|461|H|P2|硬编码 mock 用户/会话 ID user-2001（mock 通知 notif-6 triggerUserId（林夕评论））|mock 身份可能泄漏到真实数据流，与真实用户体系割裂|移入 mock 数据源并加 apiMode 守卫|open|batch-2|
R4-00757|d:\6\恋爱小程序\apps\client\src\stores\messages.ts|468|H|P2|硬编码 mock 用户/会话 ID user-2002（mock 通知 notif-7 triggerUserId（顾北访问））|mock 身份可能泄漏到真实数据流，与真实用户体系割裂|移入 mock 数据源并加 apiMode 守卫|open|batch-2|
R4-00758|d:\6\恋爱小程序\apps\client\src\stores\messages.ts|469|H|P2|硬编码 mock 用户/会话 ID user-2002（mock 通知 actionUrl 内嵌 userId=user-2002）|mock 身份可能泄漏到真实数据流，与真实用户体系割裂|移入 mock 数据源并加 apiMode 守卫|open|batch-2|
R4-00759|d:\6\恋爱小程序\apps\client\src\stores\messages.ts|475|H|P2|硬编码 mock 用户/会话 ID user-4001（mock 通知 notif-8 triggerUserId（双向喜欢））|mock 身份可能泄漏到真实数据流，与真实用户体系割裂|移入 mock 数据源并加 apiMode 守卫|open|batch-2|
R4-00760|d:\6\恋爱小程序\apps\client\src\stores\messages.ts|482|H|P2|硬编码 mock 用户/会话 ID user-4004（mock 通知 notif-9 triggerUserId（新的赞））|mock 身份可能泄漏到真实数据流，与真实用户体系割裂|移入 mock 数据源并加 apiMode 守卫|open|batch-2|
R4-00761|d:\6\恋爱小程序\apps\client\src\services\mocks\fixtures.ts|121|H|P2|硬编码 mock 用户/会话 ID user-1001（mock session 未登录会话 userId）|mock 身份可能泄漏到真实数据流，与真实用户体系割裂|移入 mock 数据源并加 apiMode 守卫|open|batch-2|
R4-00762|d:\6\恋爱小程序\apps\client\src\services\mocks\fixtures.ts|550|H|P2|硬编码 mock 用户/会话 ID user-1001（mockLoggedInSession 登录会话 userId）|mock 身份可能泄漏到真实数据流，与真实用户体系割裂|移入 mock 数据源并加 apiMode 守卫|open|batch-2|
R4-00763|d:\6\恋爱小程序\apps\client\src\services\mocks\fixtures.ts|162|H|P2|硬编码 mock 用户/会话 ID 4001（推荐人 mock 数据 id（数字体系））|mock 身份可能泄漏到真实数据流，与真实用户体系割裂|移入 mock 数据源并加 apiMode 守卫|open|batch-2|
R4-00764|d:\6\恋爱小程序\apps\client\src\services\mocks\fixtures.ts|218|H|P2|硬编码 mock 用户/会话 ID 4002（推荐人 mock 数据 id）|mock 身份可能泄漏到真实数据流，与真实用户体系割裂|移入 mock 数据源并加 apiMode 守卫|open|batch-2|
R4-00765|d:\6\恋爱小程序\apps\client\src\services\mocks\fixtures.ts|273|H|P2|硬编码 mock 用户/会话 ID 4003（推荐人 mock 数据 id）|mock 身份可能泄漏到真实数据流，与真实用户体系割裂|移入 mock 数据源并加 apiMode 守卫|open|batch-2|
R4-00766|d:\6\恋爱小程序\apps\client\src\services\mocks\fixtures.ts|328|H|P2|硬编码 mock 用户/会话 ID 4004（推荐人 mock 数据 id）|mock 身份可能泄漏到真实数据流，与真实用户体系割裂|移入 mock 数据源并加 apiMode 守卫|open|batch-2|
R4-00767|d:\6\恋爱小程序\apps\client\src\stores\chat\mock-data.ts|25|H|P2|硬编码 mock 用户/会话 ID mock-session-1（mockSession1 会话 id（recommendedPersonId=4001 见 26 行））|mock 身份可能泄漏到真实数据流，与真实用户体系割裂|移入 mock 数据源并加 apiMode 守卫|open|batch-2|
R4-00768|d:\6\恋爱小程序\apps\client\src\stores\chat\mock-data.ts|26|H|P2|硬编码 mock 用户/会话 ID 4001（mockSession1 recommendedPersonId 数字体系 mock 用户 ID）|mock 身份可能泄漏到真实数据流，与真实用户体系割裂|移入 mock 数据源并加 apiMode 守卫|open|batch-2|
R4-00769|d:\6\恋爱小程序\apps\client\src\stores\chat\mock-data.ts|95|H|P2|硬编码 mock 用户/会话 ID mock-session-2（mockSession2 会话 id（recommendedPersonId=4002 见 96 行））|mock 身份可能泄漏到真实数据流，与真实用户体系割裂|移入 mock 数据源并加 apiMode 守卫|open|batch-2|
R4-00770|d:\6\恋爱小程序\apps\client\src\stores\chat\mock-data.ts|96|H|P2|硬编码 mock 用户/会话 ID 4002（mockSession2 recommendedPersonId 数字体系 mock 用户 ID）|mock 身份可能泄漏到真实数据流，与真实用户体系割裂|移入 mock 数据源并加 apiMode 守卫|open|batch-2|
R4-00771|d:\6\恋爱小程序\apps\client\src\stores\chat\mock-data.ts|184|H|P2|硬编码 mock 用户/会话 ID 4003（mock 推荐人 id 4003）|mock 身份可能泄漏到真实数据流，与真实用户体系割裂|移入 mock 数据源并加 apiMode 守卫|open|batch-2|
R4-00772|d:\6\恋爱小程序\apps\client\src\stores\chat\mock-data.ts|192|H|P2|硬编码 mock 用户/会话 ID 4004（mock 推荐人 id 4004）|mock 身份可能泄漏到真实数据流，与真实用户体系割裂|移入 mock 数据源并加 apiMode 守卫|open|batch-2|
R4-00773|d:\6\恋爱小程序\apps\client\src\stores\session.ts|25|H|P1|硬编码 mock 用户 ID 1（mockUserSession.userId 硬编码 '1'（mock 身份直通真实模式））|真实模式下仍可能读取 mock 身份，用户数据隔离失效|移入 mock 数据源并加 apiMode 守卫|open|batch-2|
R4-00774|d:\6\恋爱小程序\apps\client\src\stores\session.ts|333|H|P1|硬编码 mock 用户 ID 100000（isSuperTestAccount 硬编码超级账号 userId=100000（种子 V2026.08.07.0004））|真实模式下仍可能读取 mock 身份，用户数据隔离失效|移入 mock 数据源并加 apiMode 守卫|open|batch-2|
R4-00775|d:\6\恋爱小程序\apps\client\src\stores\campus.ts|767|H|P1|硬编码 mock 用户 ID user-1001（发帖/评论 userId 回退硬编码 'user-1001'）|真实模式下仍可能读取 mock 身份，用户数据隔离失效|移入 mock 数据源并加 apiMode 守卫|open|batch-2|
R4-00776|d:\6\恋爱小程序\apps\client\src\stores\campus.ts|830|H|P1|硬编码 mock 用户 ID user-1001（帖子作者 userId 回退硬编码 'user-1001'）|真实模式下仍可能读取 mock 身份，用户数据隔离失效|移入 mock 数据源并加 apiMode 守卫|open|batch-2|
R4-00777|d:\6\恋爱小程序\apps\client\src\stores\circle.ts|676|H|P1|硬编码 mock 用户 ID user-1001（话题作者 userId 回退硬编码 'user-1001'）|真实模式下仍可能读取 mock 身份，用户数据隔离失效|移入 mock 数据源并加 apiMode 守卫|open|batch-2|
R4-00778|d:\6\恋爱小程序\apps\client\src\stores\circle.ts|828|H|P1|硬编码 mock 用户 ID user-1001（话题作者 userId 回退硬编码 'user-1001'）|真实模式下仍可能读取 mock 身份，用户数据隔离失效|移入 mock 数据源并加 apiMode 守卫|open|batch-2|
R4-00779|d:\6\恋爱小程序\apps\client\src\stores\village\index.ts|352|H|P1|硬编码 mock 用户 ID user-1001（发帖作者 userId 回退硬编码 'user-1001'）|真实模式下仍可能读取 mock 身份，用户数据隔离失效|移入 mock 数据源并加 apiMode 守卫|open|batch-2|
R4-00780|d:\6\恋爱小程序\apps\client\src\stores\village\index.ts|691|H|P1|硬编码 mock 用户 ID user-1001（帖子作者 userId 回退硬编码 'user-1001'）|真实模式下仍可能读取 mock 身份，用户数据隔离失效|移入 mock 数据源并加 apiMode 守卫|open|batch-2|
R4-00781|d:\6\恋爱小程序\apps\client\src\stores\likes.ts|638|H|P1|硬编码 mock 用户 ID user-1001（signal-1 toUserId=user-1001（模拟当前用户身份））|真实模式下仍可能读取 mock 身份，用户数据隔离失效|移入 mock 数据源并加 apiMode 守卫|open|batch-2|
R4-00782|d:\6\恋爱小程序\apps\client\src\stores\likes.ts|648|H|P1|硬编码 mock 用户 ID user-1001（signal-2 toUserId=user-1001（模拟当前用户身份））|真实模式下仍可能读取 mock 身份，用户数据隔离失效|移入 mock 数据源并加 apiMode 守卫|open|batch-2|
R4-00783|d:\6\恋爱小程序\apps\client\src\components\common\HeartParticles.vue|159|H|P2|用户可见中文文案未走 i18n（aria-label 内联中文 '暂停/恢复粒子动画'，未走 i18n）|多语言/换肤场景文案无法翻译，en-US 下仍显示中文|抽为 i18n key（t() 渲染）|open|batch-2|
R4-00784|d:\6\恋爱小程序\apps\client\src\components\common\SafeImage.vue|6|H|P2|用户可见中文文案未走 i18n（aria-label 回退中文 '图片'，未走 i18n）|多语言/换肤场景文案无法翻译，en-US 下仍显示中文|抽为 i18n key（t() 渲染）|open|batch-2|
R4-00785|d:\6\恋爱小程序\apps\client\src\pages\dev\index.vue|170|H|P2|用户可见中文文案未走 i18n（template 中文文案 'DEV 开发者导航'）|多语言/换肤场景文案无法翻译，en-US 下仍显示中文|抽为 i18n key（t() 渲染）|open|batch-2|
R4-00786|d:\6\恋爱小程序\apps\client\src\pages\dev\index.vue|180|H|P2|用户可见中文文案未走 i18n（template 中文文案 '开发者模式 - 仅用于测试，上线前删除'）|多语言/换肤场景文案无法翻译，en-US 下仍显示中文|抽为 i18n key（t() 渲染）|open|batch-2|
R4-00787|d:\6\恋爱小程序\apps\client\src\pages\dev\index.vue|186|H|P2|用户可见中文文案未走 i18n（template 中文文案 '超级测试账号'）|多语言/换肤场景文案无法翻译，en-US 下仍显示中文|抽为 i18n key（t() 渲染）|open|batch-2|
R4-00788|d:\6\恋爱小程序\apps\client\src\pages\dev\index.vue|194|H|P2|用户可见中文文案未走 i18n（template 内联中文 '已登录超级账号/一键登录超级测试账号'）|多语言/换肤场景文案无法翻译，en-US 下仍显示中文|抽为 i18n key（t() 渲染）|open|batch-2|
R4-00789|d:\6\恋爱小程序\apps\client\src\pages\dev\index.vue|205|H|P2|用户可见中文文案未走 i18n（template 内联中文 '当前：会员身份（解锁全开）/普通用户身份'）|多语言/换肤场景文案无法翻译，en-US 下仍显示中文|抽为 i18n key（t() 渲染）|open|batch-2|
R4-00790|d:\6\恋爱小程序\apps\client\src\pages\dev\index.vue|206|H|P2|用户可见中文文案未走 i18n（template 中文文案 '点击切换 会员/普通 身份（模拟前端展示效果）'）|多语言/换肤场景文案无法翻译，en-US 下仍显示中文|抽为 i18n key（t() 渲染）|open|batch-2|
R4-00791|d:\6\恋爱小程序\apps\client\src\pages\login\index.vue|588|H|P2|用户可见中文文案未走 i18n（template 中文文案 '以演示者身份进入展示版'）|多语言/换肤场景文案无法翻译，en-US 下仍显示中文|抽为 i18n key（t() 渲染）|open|batch-2|
R4-00792|d:\6\恋爱小程序\apps\client\src\pages\login\index.vue|589|H|P2|用户可见中文文案未走 i18n（template 中文文案 '超级管理员模式 · 一键体验全部功能'）|多语言/换肤场景文案无法翻译，en-US 下仍显示中文|抽为 i18n key（t() 渲染）|open|batch-2|
R4-00793|d:\6\恋爱小程序\apps\client\src\pages\showcase\index.vue|202|H|P2|用户可见中文文案未走 i18n（template 中文文案 '全功能展示'）|多语言/换肤场景文案无法翻译，en-US 下仍显示中文|抽为 i18n key（t() 渲染）|open|batch-2|
R4-00794|d:\6\恋爱小程序\apps\client\src\pages\showcase\index.vue|203|H|P2|用户可见中文文案未走 i18n（template 中文文案 '超级管理员模式 · 所有功能已解锁'）|多语言/换肤场景文案无法翻译，en-US 下仍显示中文|抽为 i18n key（t() 渲染）|open|batch-2|
R4-00795|d:\6\恋爱小程序\apps\client\src\pages\showcase\index.vue|214|H|P2|用户可见中文文案未走 i18n（template 中文文案 '欢迎使用展示版'）|多语言/换肤场景文案无法翻译，en-US 下仍显示中文|抽为 i18n key（t() 渲染）|open|batch-2|
R4-00796|d:\6\恋爱小程序\apps\client\src\pages\showcase\index.vue|216|H|P2|用户可见中文文案未走 i18n（template 中文长文案（展示版说明段落））|多语言/换肤场景文案无法翻译，en-US 下仍显示中文|抽为 i18n key（t() 渲染）|open|batch-2|
R4-00797|d:\6\恋爱小程序\apps\client\src\pages\showcase\index.vue|231|H|P2|用户可见中文文案未走 i18n（template 中文文案 '{{ group.items.length }} 项'）|多语言/换肤场景文案无法翻译，en-US 下仍显示中文|抽为 i18n key（t() 渲染）|open|batch-2|
R4-00798|d:\6\恋爱小程序\apps\client\src\pages\village\detail.vue|812|H|P2|用户可见中文文案未走 i18n（template 中文文案 '回复 @{{ reply.replyTo }}：'）|多语言/换肤场景文案无法翻译，en-US 下仍显示中文|抽为 i18n key（t() 渲染）|open|batch-2|
R4-00799|d:\6\恋爱小程序\apps\client\src\pages\village\history.vue|179|H|P2|用户可见中文文案未走 i18n（template 中文文案 '赞 {{ item.post.likes }}'）|多语言/换肤场景文案无法翻译，en-US 下仍显示中文|抽为 i18n key（t() 渲染）|open|batch-2|
R4-00800|d:\6\恋爱小程序\apps\client\src\pages\village\history.vue|180|H|P2|用户可见中文文案未走 i18n（template 中文文案 '藏 {{ item.post.favorites }}'）|多语言/换肤场景文案无法翻译，en-US 下仍显示中文|抽为 i18n key（t() 渲染）|open|batch-2|
R4-00801|d:\6\恋爱小程序\apps\client\src\pages\village\history.vue|181|H|P2|用户可见中文文案未走 i18n（template 中文文案 '看 {{ item.post.views }}'）|多语言/换肤场景文案无法翻译，en-US 下仍显示中文|抽为 i18n key（t() 渲染）|open|batch-2|
R4-00802|d:\6\恋爱小程序\apps\client\src\pages\village\history.vue|182|H|P2|用户可见中文文案未走 i18n（template 中文文案 '评 {{ item.post.comments }}'）|多语言/换肤场景文案无法翻译，en-US 下仍显示中文|抽为 i18n key（t() 渲染）|open|batch-2|
R4-00803|d:\6\恋爱小程序\apps\client\src\subpackages\discover\activities\index.vue|304|H|P2|用户可见中文文案未走 i18n（template title 中文 '线下活动'）|多语言/换肤场景文案无法翻译，en-US 下仍显示中文|抽为 i18n key（t() 渲染）|open|batch-2|
R4-00804|d:\6\恋爱小程序\apps\client\src\subpackages\discover\activities\index.vue|305|H|P2|用户可见中文文案未走 i18n（template subtitle 中文（活动引导文案））|多语言/换肤场景文案无法翻译，en-US 下仍显示中文|抽为 i18n key（t() 渲染）|open|batch-2|
R4-00805|d:\6\恋爱小程序\apps\client\src\subpackages\discover\activities\index.vue|310|H|P2|用户可见中文文案未走 i18n（template 中文文案 '正在加载活动内容...'）|多语言/换肤场景文案无法翻译，en-US 下仍显示中文|抽为 i18n key（t() 渲染）|open|batch-2|
R4-00806|d:\6\恋爱小程序\apps\client\src\subpackages\discover\activities\index.vue|319|H|P2|用户可见中文文案未走 i18n（template 按钮中文 '重试'）|多语言/换肤场景文案无法翻译，en-US 下仍显示中文|抽为 i18n key（t() 渲染）|open|batch-2|
R4-00807|d:\6\恋爱小程序\apps\client\src\subpackages\discover\activities\index.vue|338|H|P2|用户可见中文文案未走 i18n（template 中文文案 '列表'）|多语言/换肤场景文案无法翻译，en-US 下仍显示中文|抽为 i18n key（t() 渲染）|open|batch-2|
R4-00808|d:\6\恋爱小程序\apps\client\src\subpackages\discover\activities\index.vue|345|H|P2|用户可见中文文案未走 i18n（template 中文文案 '日历'）|多语言/换肤场景文案无法翻译，en-US 下仍显示中文|抽为 i18n key（t() 渲染）|open|batch-2|
R4-00809|d:\6\恋爱小程序\apps\client\src\subpackages\discover\activities\index.vue|374|H|P2|用户可见中文文案未走 i18n（template 中文文案 '人已报名'）|多语言/换肤场景文案无法翻译，en-US 下仍显示中文|抽为 i18n key（t() 渲染）|open|batch-2|
R4-00810|d:\6\恋爱小程序\apps\client\src\subpackages\discover\activities\index.vue|399|H|P2|用户可见中文文案未走 i18n（template 内联中文 '已感兴趣/感兴趣'）|多语言/换肤场景文案无法翻译，en-US 下仍显示中文|抽为 i18n key（t() 渲染）|open|batch-2|
R4-00811|d:\6\恋爱小程序\apps\client\src\subpackages\discover\activities\index.vue|406|H|P2|用户可见中文文案未走 i18n（template 中文文案 '加载中...'）|多语言/换肤场景文案无法翻译，en-US 下仍显示中文|抽为 i18n key（t() 渲染）|open|batch-2|
R4-00812|d:\6\恋爱小程序\apps\client\src\subpackages\discover\activities\index.vue|409|H|P2|用户可见中文文案未走 i18n（template 中文文案 '没有更多活动了'）|多语言/换肤场景文案无法翻译，en-US 下仍显示中文|抽为 i18n key（t() 渲染）|open|batch-2|
R4-00813|d:\6\恋爱小程序\apps\client\src\subpackages\discover\activities\index.vue|413|H|P2|用户可见中文文案未走 i18n（template title 中文 '下一步'）|多语言/换肤场景文案无法翻译，en-US 下仍显示中文|抽为 i18n key（t() 渲染）|open|batch-2|
R4-00814|d:\6\恋爱小程序\apps\client\src\subpackages\discover\activities\index.vue|414|H|P2|用户可见中文文案未走 i18n（template subtitle 中文（活动引导文案））|多语言/换肤场景文案无法翻译，en-US 下仍显示中文|抽为 i18n key（t() 渲染）|open|batch-2|
R4-00815|d:\6\恋爱小程序\apps\client\src\subpackages\discover\activities\index.vue|417|H|P2|用户可见中文文案未走 i18n（template primary-label 中文 '去寻觅'）|多语言/换肤场景文案无法翻译，en-US 下仍显示中文|抽为 i18n key（t() 渲染）|open|batch-2|
R4-00816|d:\6\恋爱小程序\apps\client\src\subpackages\discover\activities\index.vue|418|H|P2|用户可见中文文案未走 i18n（template secondary-label 中文 '提交活动提案'）|多语言/换肤场景文案无法翻译，en-US 下仍显示中文|抽为 i18n key（t() 渲染）|open|batch-2|
R4-00817|d:\6\恋爱小程序\apps\client\src\subpackages\discover\activities\index.vue|492|H|P2|用户可见中文文案未走 i18n（template 中文文案 '{{ count }}人'）|多语言/换肤场景文案无法翻译，en-US 下仍显示中文|抽为 i18n key（t() 渲染）|open|batch-2|
R4-00818|d:\6\恋爱小程序\apps\client\src\subpackages\discover\activities\index.vue|505|H|P2|用户可见中文文案未走 i18n（template 中文文案 '{{ len }}个活动'）|多语言/换肤场景文案无法翻译，en-US 下仍显示中文|抽为 i18n key（t() 渲染）|open|batch-2|
R4-00819|d:\6\恋爱小程序\apps\client\src\subpackages\discover\activities\index.vue|520|H|P2|用户可见中文文案未走 i18n（template 中文文案 '人已报名'）|多语言/换肤场景文案无法翻译，en-US 下仍显示中文|抽为 i18n key（t() 渲染）|open|batch-2|
R4-00820|d:\6\恋爱小程序\apps\client\src\subpackages\discover\activities\index.vue|545|H|P2|用户可见中文文案未走 i18n（template 内联中文 '已感兴趣/感兴趣'）|多语言/换肤场景文案无法翻译，en-US 下仍显示中文|抽为 i18n key（t() 渲染）|open|batch-2|
R4-00821|d:\6\恋爱小程序\apps\client\src\subpackages\discover\activities\index.vue|557|H|P2|用户可见中文文案未走 i18n（template title 中文 '下一步'）|多语言/换肤场景文案无法翻译，en-US 下仍显示中文|抽为 i18n key（t() 渲染）|open|batch-2|
R4-00822|d:\6\恋爱小程序\apps\client\src\subpackages\discover\activities\index.vue|558|H|P2|用户可见中文文案未走 i18n（template subtitle 中文（活动引导文案））|多语言/换肤场景文案无法翻译，en-US 下仍显示中文|抽为 i18n key（t() 渲染）|open|batch-2|
R4-00823|d:\6\恋爱小程序\apps\client\src\subpackages\discover\activities\index.vue|561|H|P2|用户可见中文文案未走 i18n（template primary-label 中文 '去寻觅'）|多语言/换肤场景文案无法翻译，en-US 下仍显示中文|抽为 i18n key（t() 渲染）|open|batch-2|
R4-00824|d:\6\恋爱小程序\apps\client\src\subpackages\discover\activities\index.vue|562|H|P2|用户可见中文文案未走 i18n（template secondary-label 中文 '提交活动提案'）|多语言/换肤场景文案无法翻译，en-US 下仍显示中文|抽为 i18n key（t() 渲染）|open|batch-2|
R4-00825|d:\6\恋爱小程序\apps\client\src\subpackages\discover\discussions\index.vue|46|H|P2|用户可见中文文案未走 i18n（template title 中文 '讨论圈'）|多语言/换肤场景文案无法翻译，en-US 下仍显示中文|抽为 i18n key（t() 渲染）|open|batch-2|
R4-00826|d:\6\恋爱小程序\apps\client\src\subpackages\discover\discussions\index.vue|47|H|P2|用户可见中文文案未走 i18n（template subtitle 中文（讨论引导文案））|多语言/换肤场景文案无法翻译，en-US 下仍显示中文|抽为 i18n key（t() 渲染）|open|batch-2|
R4-00827|d:\6\恋爱小程序\apps\client\src\subpackages\discover\discussions\index.vue|50|H|P2|用户可见中文文案未走 i18n（template SectionCard title/subtitle 中文 '正在讨论'）|多语言/换肤场景文案无法翻译，en-US 下仍显示中文|抽为 i18n key（t() 渲染）|open|batch-2|
R4-00828|d:\6\恋爱小程序\apps\client\src\subpackages\discover\discussions\index.vue|51|H|P2|用户可见中文文案未走 i18n（template 中文文案 '正在加载讨论内容...'）|多语言/换肤场景文案无法翻译，en-US 下仍显示中文|抽为 i18n key（t() 渲染）|open|batch-2|
R4-00829|d:\6\恋爱小程序\apps\client\src\subpackages\discover\discussions\index.vue|54|H|P2|用户可见中文文案未走 i18n（template 中文文案 '点击重试'）|多语言/换肤场景文案无法翻译，en-US 下仍显示中文|抽为 i18n key（t() 渲染）|open|batch-2|
R4-00830|d:\6\恋爱小程序\apps\client\src\subpackages\discover\discussions\index.vue|58|H|P2|用户可见中文文案未走 i18n（template 内联中文 '暂时还没有新的讨论推荐'）|多语言/换肤场景文案无法翻译，en-US 下仍显示中文|抽为 i18n key（t() 渲染）|open|batch-2|
R4-00831|d:\6\恋爱小程序\apps\client\src\subpackages\discover\discussions\index.vue|70|H|P2|用户可见中文文案未走 i18n（template SectionCard title/subtitle 中文 '下一步'）|多语言/换肤场景文案无法翻译，en-US 下仍显示中文|抽为 i18n key（t() 渲染）|open|batch-2|
R4-00832|d:\6\恋爱小程序\apps\client\src\subpackages\discover\discussions\index.vue|72|H|P2|用户可见中文文案未走 i18n（template primary-label 中文 '去寻觅'）|多语言/换肤场景文案无法翻译，en-US 下仍显示中文|抽为 i18n key（t() 渲染）|open|batch-2|
R4-00833|d:\6\恋爱小程序\apps\client\src\subpackages\discover\discussions\index.vue|73|H|P2|用户可见中文文案未走 i18n（template secondary-label 中文 '反馈讨论建议'）|多语言/换肤场景文案无法翻译，en-US 下仍显示中文|抽为 i18n key（t() 渲染）|open|batch-2|
R4-00834|d:\6\恋爱小程序\apps\client\src\subpackages\legal\agreement\index.vue|148|H|P2|用户可见中文文案未走 i18n（template AppShell title 中文 '用户协议'）|多语言/换肤场景文案无法翻译，en-US 下仍显示中文|抽为 i18n key（t() 渲染）|open|batch-2|
R4-00835|d:\6\恋爱小程序\apps\client\src\subpackages\legal\privacy\index.vue|148|H|P2|用户可见中文文案未走 i18n（template AppShell title 中文 '隐私政策'）|多语言/换肤场景文案无法翻译，en-US 下仍显示中文|抽为 i18n key（t() 渲染）|open|batch-2|
R4-00836|d:\6\恋爱小程序\apps\client\src\subpackages\setup\schedule\index.vue|57|H|P2|用户可见中文文案未走 i18n（template AppShell title/subtitle 中文 '时间安排'）|多语言/换肤场景文案无法翻译，en-US 下仍显示中文|抽为 i18n key（t() 渲染）|open|batch-2|
R4-00837|d:\6\恋爱小程序\apps\client\src\subpackages\setup\schedule\index.vue|58|H|P2|用户可见中文文案未走 i18n（template SectionCard title 中文 '偏好设置'）|多语言/换肤场景文案无法翻译，en-US 下仍显示中文|抽为 i18n key（t() 渲染）|open|batch-2|
R4-00838|d:\6\恋爱小程序\apps\client\src\subpackages\setup\schedule\index.vue|59|H|P2|用户可见中文文案未走 i18n（template placeholder/aria-label 中文 '常去区域'）|多语言/换肤场景文案无法翻译，en-US 下仍显示中文|抽为 i18n key（t() 渲染）|open|batch-2|
R4-00839|d:\6\恋爱小程序\apps\client\src\subpackages\setup\schedule\index.vue|71|H|P2|用户可见中文文案未走 i18n（template placeholder 内联中文（空闲时段引导））|多语言/换肤场景文案无法翻译，en-US 下仍显示中文|抽为 i18n key（t() 渲染）|open|batch-2|
R4-00840|d:\6\恋爱小程序\apps\client\src\subpackages\setup\schedule\index.vue|72|H|P2|用户可见中文文案未走 i18n（template aria-label 内联中文（空闲时段引导））|多语言/换肤场景文案无法翻译，en-US 下仍显示中文|抽为 i18n key（t() 渲染）|open|batch-2|
R4-00841|d:\6\恋爱小程序\apps\client\src\subpackages\setup\schedule\index.vue|75|H|P2|用户可见中文文案未走 i18n（template primary-label 中文 '保存并进入应用'）|多语言/换肤场景文案无法翻译，en-US 下仍显示中文|抽为 i18n key（t() 渲染）|open|batch-2|
R4-00842|d:\6\恋爱小程序\apps\client\src\composables\useNetworkStatus.ts|43|H|P2|用户可见中文文案未走 i18n（showToast 中文 '网络已恢复'（i18n 缺失））|多语言/换肤场景文案无法翻译，en-US 下仍显示中文|抽为 i18n key（t() 渲染）|open|batch-2|
R4-00843|d:\6\恋爱小程序\apps\client\src\composables\useNetworkStatus.ts|50|H|P2|用户可见中文文案未走 i18n（showToast 中文 '网络已断开，请检查网络设置'）|多语言/换肤场景文案无法翻译，en-US 下仍显示中文|抽为 i18n key（t() 渲染）|open|batch-2|
R4-00844|d:\6\恋爱小程序\apps\client\src\composables\usePageAccess.ts|126|H|P2|用户可见中文文案未走 i18n（showToast 中文 '登录已过期，请重新登录'）|多语言/换肤场景文案无法翻译，en-US 下仍显示中文|抽为 i18n key（t() 渲染）|open|batch-2|
R4-00845|d:\6\恋爱小程序\apps\client\src\services\api-error.ts|72|H|P2|用户可见中文文案未走 i18n（错误 message 中文 '请求参数有误，请检查后重试'）|多语言/换肤场景文案无法翻译，en-US 下仍显示中文|抽为 i18n key（t() 渲染）|open|batch-2|
R4-00846|d:\6\恋爱小程序\apps\client\src\services\api-error.ts|80|H|P2|用户可见中文文案未走 i18n（错误 message 中文 '登录已过期，请重新登录'）|多语言/换肤场景文案无法翻译，en-US 下仍显示中文|抽为 i18n key（t() 渲染）|open|batch-2|
R4-00847|d:\6\恋爱小程序\apps\client\src\services\api-error.ts|88|H|P2|用户可见中文文案未走 i18n（错误 message 中文 '无权限执行此操作'）|多语言/换肤场景文案无法翻译，en-US 下仍显示中文|抽为 i18n key（t() 渲染）|open|batch-2|
R4-00848|d:\6\恋爱小程序\apps\client\src\services\api-error.ts|96|H|P2|用户可见中文文案未走 i18n（错误 message 中文 '请求的资源不存在'）|多语言/换肤场景文案无法翻译，en-US 下仍显示中文|抽为 i18n key（t() 渲染）|open|batch-2|
R4-00849|d:\6\恋爱小程序\apps\client\src\services\api-error.ts|104|H|P2|用户可见中文文案未走 i18n（错误 message 中文 '服务暂时不可用，请稍后重试'）|多语言/换肤场景文案无法翻译，en-US 下仍显示中文|抽为 i18n key（t() 渲染）|open|batch-2|
R4-00850|d:\6\恋爱小程序\apps\client\src\services\api-error.ts|111|H|P2|用户可见中文文案未走 i18n（错误 message 中文 '请求失败，请稍后重试'）|多语言/换肤场景文案无法翻译，en-US 下仍显示中文|抽为 i18n key（t() 渲染）|open|batch-2|
R4-00851|d:\6\恋爱小程序\apps\client\src\services\http.ts|442|H|P2|用户可见中文文案未走 i18n（showToast 中文 '登录已过期，请重新登录'）|多语言/换肤场景文案无法翻译，en-US 下仍显示中文|抽为 i18n key（t() 渲染）|open|batch-2|
R4-00852|d:\6\恋爱小程序\apps\client\src\services\http.ts|584|H|P2|用户可见中文文案未走 i18n（错误 message 中文 '网络请求失败'）|多语言/换肤场景文案无法翻译，en-US 下仍显示中文|抽为 i18n key（t() 渲染）|open|batch-2|
R4-00853|d:\6\恋爱小程序\apps\client\src\services\http.ts|656|H|P2|用户可见中文文案未走 i18n（buildError 401 message 中文 '登录已过期，请重新登录'）|多语言/换肤场景文案无法翻译，en-US 下仍显示中文|抽为 i18n key（t() 渲染）|open|batch-2|
R4-00854|d:\6\恋爱小程序\apps\client\src\services\http.ts|676|H|P2|用户可见中文文案未走 i18n（buildError 401 message 中文 '登录已过期，请重新登录'）|多语言/换肤场景文案无法翻译，en-US 下仍显示中文|抽为 i18n key（t() 渲染）|open|batch-2|
R4-00855|d:\6\恋爱小程序\apps\client\src\services\agnes-video.ts|132|H|P2|用户可见中文文案未走 i18n（AI 错误 message 中文 'AI 服务未授权，请联系管理员检查 API Key 配置'）|多语言/换肤场景文案无法翻译，en-US 下仍显示中文|抽为 i18n key（t() 渲染）|open|batch-2|
R4-00856|d:\6\恋爱小程序\apps\client\src\services\agnes-video.ts|140|H|P2|用户可见中文文案未走 i18n（AI 错误 message 中文 'AI 服务暂时不可用，请稍后重试'）|多语言/换肤场景文案无法翻译，en-US 下仍显示中文|抽为 i18n key（t() 渲染）|open|batch-2|
R4-00857|d:\6\恋爱小程序\apps\client\src\services\agnes-video.ts|149|H|P2|用户可见中文文案未走 i18n（AI 错误 message 中文 'AI 服务未授权...'）|多语言/换肤场景文案无法翻译，en-US 下仍显示中文|抽为 i18n key（t() 渲染）|open|batch-2|
R4-00858|d:\6\恋爱小程序\apps\client\src\services\agnes-video.ts|158|H|P2|用户可见中文文案未走 i18n（AI 错误 message 中文 'AI 服务暂时不可用，请稍后重试'）|多语言/换肤场景文案无法翻译，en-US 下仍显示中文|抽为 i18n key（t() 渲染）|open|batch-2|
R4-00859|d:\6\恋爱小程序\apps\client\src\services\agnes-video.ts|170|H|P2|用户可见中文文案未走 i18n（AI 错误 message 中文 'AI 服务暂时不可用，请稍后重试'）|多语言/换肤场景文案无法翻译，en-US 下仍显示中文|抽为 i18n key（t() 渲染）|open|batch-2|
R4-00860|d:\6\恋爱小程序\apps\client\src\subpackages\setup\schedule\index.vue|22|H|P2|用户可见中文文案未走 i18n（默认课表 mock 数据 weekday/label 中文（'周一/设计课'））|多语言/换肤场景文案无法翻译，en-US 下仍显示中文|抽为 i18n key（t() 渲染）|open|batch-2|
R4-00861|d:\6\恋爱小程序\apps\client\src\subpackages\setup\schedule\index.vue|34|H|P2|用户可见中文文案未走 i18n（showToast 中文 '请输入偏好地点'）|多语言/换肤场景文案无法翻译，en-US 下仍显示中文|抽为 i18n key（t() 渲染）|open|batch-2|
R4-00862|d:\6\恋爱小程序\apps\client\src\subpackages\setup\schedule\index.vue|40|H|P2|用户可见中文文案未走 i18n（showToast 中文 '请至少添加一个时间窗口'）|多语言/换肤场景文案无法翻译，en-US 下仍显示中文|抽为 i18n key（t() 渲染）|open|batch-2|
R4-00863|d:\6\恋爱小程序\apps\client\src\stores\social-progress.ts|60|H|P2|用户可见中文文案未走 i18n（TIER_META L1 label/desc 中文 '发现心动/浏览推荐卡片'）|多语言/换肤场景文案无法翻译，en-US 下仍显示中文|抽为 i18n key（t() 渲染）|open|batch-2|
R4-00864|d:\6\恋爱小程序\apps\client\src\stores\social-progress.ts|61|H|P2|用户可见中文文案未走 i18n（TIER_META L2 label/desc 中文 '表达喜欢'）|多语言/换肤场景文案无法翻译，en-US 下仍显示中文|抽为 i18n key（t() 渲染）|open|batch-2|
R4-00865|d:\6\恋爱小程序\apps\client\src\stores\social-progress.ts|62|H|P2|用户可见中文文案未走 i18n（TIER_META L3 label/desc 中文 '双向匹配'）|多语言/换肤场景文案无法翻译，en-US 下仍显示中文|抽为 i18n key（t() 渲染）|open|batch-2|
R4-00866|d:\6\恋爱小程序\apps\client\src\stores\social-progress.ts|63|H|P2|用户可见中文文案未走 i18n（TIER_META L4 label/desc 中文 '开启对话'）|多语言/换肤场景文案无法翻译，en-US 下仍显示中文|抽为 i18n key（t() 渲染）|open|batch-2|
R4-00867|d:\6\恋爱小程序\apps\client\src\stores\social-progress.ts|64|H|P2|用户可见中文文案未走 i18n（TIER_META L5 label/desc 中文 '参与社区'）|多语言/换肤场景文案无法翻译，en-US 下仍显示中文|抽为 i18n key（t() 渲染）|open|batch-2|
R4-00868|d:\6\恋爱小程序\apps\client\src\stores\social-progress.ts|65|H|P2|用户可见中文文案未走 i18n（TIER_META L6 label/desc 中文 '线下见面'）|多语言/换肤场景文案无法翻译，en-US 下仍显示中文|抽为 i18n key（t() 渲染）|open|batch-2|
R4-00869|d:\6\恋爱小程序\apps\client\src\stores\vip.ts|109|H|P2|用户可见中文文案未走 i18n（VIP 套餐 name 中文 '月度会员'（无 nameKey））|多语言/换肤场景文案无法翻译，en-US 下仍显示中文|抽为 i18n key（t() 渲染）|open|batch-2|
R4-00870|d:\6\恋爱小程序\apps\client\src\stores\vip.ts|117|H|P2|用户可见中文文案未走 i18n（VIP 套餐 name 中文 '季度会员'（无 nameKey））|多语言/换肤场景文案无法翻译，en-US 下仍显示中文|抽为 i18n key（t() 渲染）|open|batch-2|
R4-00871|d:\6\恋爱小程序\apps\client\src\stores\vip.ts|126|H|P2|用户可见中文文案未走 i18n（VIP 套餐 name 中文 '年度会员'（无 nameKey））|多语言/换肤场景文案无法翻译，en-US 下仍显示中文|抽为 i18n key（t() 渲染）|open|batch-2|
R4-00872|d:\6\恋爱小程序\apps\client\src\config\schools.ts|32|H|P2|用户可见中文文案未走 i18n（学校名中文 '中国人民大学'（无 nameKey，纯硬编码））|多语言/换肤场景文案无法翻译，en-US 下仍显示中文|抽为 i18n key（t() 渲染）|open|batch-2|
R4-00873|d:\6\恋爱小程序\apps\client\src\config\schools.ts|34|H|P2|用户可见中文文案未走 i18n（学校名中文 '上海交通大学'（无 nameKey））|多语言/换肤场景文案无法翻译，en-US 下仍显示中文|抽为 i18n key（t() 渲染）|open|batch-2|
R4-00874|d:\6\恋爱小程序\apps\client\src\config\schools.ts|35|H|P2|用户可见中文文案未走 i18n（学校名中文 '同济大学'（无 nameKey））|多语言/换肤场景文案无法翻译，en-US 下仍显示中文|抽为 i18n key（t() 渲染）|open|batch-2|
R4-00875|d:\6\恋爱小程序\apps\client\src\config\schools.ts|37|H|P2|用户可见中文文案未走 i18n（学校名中文 '南京大学'（无 nameKey））|多语言/换肤场景文案无法翻译，en-US 下仍显示中文|抽为 i18n key（t() 渲染）|open|batch-2|
R4-00876|d:\6\恋爱小程序\apps\client\src\config\schools.ts|38|H|P2|用户可见中文文案未走 i18n（学校名中文 '武汉大学'（无 nameKey））|多语言/换肤场景文案无法翻译，en-US 下仍显示中文|抽为 i18n key（t() 渲染）|open|batch-2|
R4-00877|d:\6\恋爱小程序\apps\client\src\config\schools.ts|39|H|P2|用户可见中文文案未走 i18n（学校名中文 '中山大学'（无 nameKey））|多语言/换肤场景文案无法翻译，en-US 下仍显示中文|抽为 i18n key（t() 渲染）|open|batch-2|
R4-00878|d:\6\恋爱小程序\apps\client\src\config\schools.ts|40|H|P2|用户可见中文文案未走 i18n（学校名中文 '深圳大学'（无 nameKey））|多语言/换肤场景文案无法翻译，en-US 下仍显示中文|抽为 i18n key（t() 渲染）|open|batch-2|
R4-00879|d:\6\恋爱小程序\apps\client\src\pages\dev\index.vue|34|H|P2|用户可见中文文案未走 i18n（showToast 中文 '超级账号登录成功'）|多语言/换肤场景文案无法翻译，en-US 下仍显示中文|抽为 i18n key（t() 渲染）|open|batch-2|
R4-00880|d:\6\恋爱小程序\apps\client\src\pages\dev\index.vue|116|H|P2|用户可见中文文案未走 i18n（dev 导航数据 title 中文 '登录页'）|多语言/换肤场景文案无法翻译，en-US 下仍显示中文|抽为 i18n key（t() 渲染）|open|batch-2|
R4-00881|d:\6\恋爱小程序\apps\client\src\pages\dev\index.vue|117|H|P2|用户可见中文文案未走 i18n（dev 导航数据 title 中文 '寻觅'）|多语言/换肤场景文案无法翻译，en-US 下仍显示中文|抽为 i18n key（t() 渲染）|open|batch-2|
R4-00882|d:\6\恋爱小程序\apps\client\src\pages\dev\index.vue|118|H|P2|用户可见中文文案未走 i18n（dev 导航数据 title 中文 '今日已看'）|多语言/换肤场景文案无法翻译，en-US 下仍显示中文|抽为 i18n key（t() 渲染）|open|batch-2|
R4-00883|d:\6\恋爱小程序\apps\client\src\pages\dev\index.vue|119|H|P2|用户可见中文文案未走 i18n（dev 导航数据 title 中文 '喜欢'）|多语言/换肤场景文案无法翻译，en-US 下仍显示中文|抽为 i18n key（t() 渲染）|open|batch-2|
R4-00884|d:\6\恋爱小程序\apps\client\src\pages\dev\index.vue|120|H|P2|用户可见中文文案未走 i18n（dev 导航数据 title 中文 '村口'）|多语言/换肤场景文案无法翻译，en-US 下仍显示中文|抽为 i18n key（t() 渲染）|open|batch-2|
R4-00885|d:\6\恋爱小程序\apps\client\src\pages\dev\index.vue|121|H|P2|用户可见中文文案未走 i18n（dev 导航数据 title 中文 '发布帖子'）|多语言/换肤场景文案无法翻译，en-US 下仍显示中文|抽为 i18n key（t() 渲染）|open|batch-2|
R4-00886|d:\6\恋爱小程序\apps\client\src\pages\dev\index.vue|122|H|P2|用户可见中文文案未走 i18n（dev 导航数据 title 中文 '帖子详情'）|多语言/换肤场景文案无法翻译，en-US 下仍显示中文|抽为 i18n key（t() 渲染）|open|batch-2|
R4-00887|d:\6\恋爱小程序\apps\client\src\pages\dev\index.vue|123|H|P2|用户可见中文文案未走 i18n（dev 导航数据 title 中文 '消息'）|多语言/换肤场景文案无法翻译，en-US 下仍显示中文|抽为 i18n key（t() 渲染）|open|batch-2|
R4-00888|d:\6\恋爱小程序\apps\client\src\pages\dev\index.vue|124|H|P2|用户可见中文文案未走 i18n（dev 导航数据 title 中文 '我的'）|多语言/换肤场景文案无法翻译，en-US 下仍显示中文|抽为 i18n key（t() 渲染）|open|batch-2|
R4-00889|d:\6\恋爱小程序\apps\client\src\pages\dev\index.vue|125|H|P2|用户可见中文文案未走 i18n（dev 导航数据 title 中文 '兴趣圈'）|多语言/换肤场景文案无法翻译，en-US 下仍显示中文|抽为 i18n key（t() 渲染）|open|batch-2|
R4-00890|d:\6\恋爱小程序\apps\client\src\pages\dev\index.vue|126|H|P2|用户可见中文文案未走 i18n（dev 导航数据 title 中文 '话题列表'）|多语言/换肤场景文案无法翻译，en-US 下仍显示中文|抽为 i18n key（t() 渲染）|open|batch-2|
R4-00891|d:\6\恋爱小程序\apps\client\src\pages\dev\index.vue|127|H|P2|用户可见中文文案未走 i18n（dev 导航数据 title 中文 '话题详情'）|多语言/换肤场景文案无法翻译，en-US 下仍显示中文|抽为 i18n key（t() 渲染）|open|batch-2|
R4-00892|d:\6\恋爱小程序\apps\client\src\pages\dev\index.vue|128|H|P2|用户可见中文文案未走 i18n（dev 导航数据 title 中文 '发布话题'）|多语言/换肤场景文案无法翻译，en-US 下仍显示中文|抽为 i18n key（t() 渲染）|open|batch-2|
R4-00893|d:\6\恋爱小程序\apps\client\src\pages\dev\index.vue|129|H|P2|用户可见中文文案未走 i18n（dev 导航数据 title 中文 '每日一问'）|多语言/换肤场景文案无法翻译，en-US 下仍显示中文|抽为 i18n key（t() 渲染）|open|batch-2|
R4-00894|d:\6\恋爱小程序\apps\client\src\pages\dev\index.vue|130|H|P2|用户可见中文文案未走 i18n（dev 导航数据 title 中文 '会话'）|多语言/换肤场景文案无法翻译，en-US 下仍显示中文|抽为 i18n key（t() 渲染）|open|batch-2|
R4-00895|d:\6\恋爱小程序\apps\client\src\pages\dev\index.vue|132|H|P2|用户可见中文文案未走 i18n（dev 导航数据 title 中文 '基础资料'）|多语言/换肤场景文案无法翻译，en-US 下仍显示中文|抽为 i18n key（t() 渲染）|open|batch-2|
R4-00896|d:\6\恋爱小程序\apps\client\src\pages\dev\index.vue|133|H|P2|用户可见中文文案未走 i18n（dev 导航数据 title 中文 '学校信息'）|多语言/换肤场景文案无法翻译，en-US 下仍显示中文|抽为 i18n key（t() 渲染）|open|batch-2|
R4-00897|d:\6\恋爱小程序\apps\client\src\pages\dev\index.vue|134|H|P2|用户可见中文文案未走 i18n（dev 导航数据 title 中文 '时间安排'）|多语言/换肤场景文案无法翻译，en-US 下仍显示中文|抽为 i18n key（t() 渲染）|open|batch-2|
R4-00898|d:\6\恋爱小程序\apps\client\src\pages\dev\index.vue|135|H|P2|用户可见中文文案未走 i18n（dev 导航数据 title 中文 '推荐计划'）|多语言/换肤场景文案无法翻译，en-US 下仍显示中文|抽为 i18n key（t() 渲染）|open|batch-2|
R4-00899|d:\6\恋爱小程序\apps\client\src\pages\dev\index.vue|136|H|P2|用户可见中文文案未走 i18n（dev 导航数据 title 中文 '反馈中心'）|多语言/换肤场景文案无法翻译，en-US 下仍显示中文|抽为 i18n key（t() 渲染）|open|batch-2|
R4-00900|d:\6\恋爱小程序\apps\client\src\pages\dev\index.vue|137|H|P2|用户可见中文文案未走 i18n（dev 导航数据 title 中文 '讨论圈'）|多语言/换肤场景文案无法翻译，en-US 下仍显示中文|抽为 i18n key（t() 渲染）|open|batch-2|
R4-00901|d:\6\恋爱小程序\apps\client\src\pages\dev\index.vue|138|H|P2|用户可见中文文案未走 i18n（dev 导航数据 title 中文 '活动'）|多语言/换肤场景文案无法翻译，en-US 下仍显示中文|抽为 i18n key（t() 渲染）|open|batch-2|
R4-00902|d:\6\恋爱小程序\apps\client\src\pages\showcase\index.vue|39|H|P2|用户可见中文文案未走 i18n（showcase 分组 title 中文 '核心旅程'）|多语言/换肤场景文案无法翻译，en-US 下仍显示中文|抽为 i18n key（t() 渲染）|open|batch-2|
R4-00903|d:\6\恋爱小程序\apps\client\src\pages\showcase\index.vue|40|H|P2|用户可见中文文案未走 i18n（showcase 分组 subtitle 中文 '登录 · 资料 · 认证'）|多语言/换肤场景文案无法翻译，en-US 下仍显示中文|抽为 i18n key（t() 渲染）|open|batch-2|
R4-00904|d:\6\恋爱小程序\apps\client\src\pages\showcase\index.vue|43|H|P2|用户可见中文文案未走 i18n（showcase 导航 title/desc 中文 '登录页'）|多语言/换肤场景文案无法翻译，en-US 下仍显示中文|抽为 i18n key（t() 渲染）|open|batch-2|
R4-00905|d:\6\恋爱小程序\apps\client\src\pages\showcase\index.vue|44|H|P2|用户可见中文文案未走 i18n（showcase 导航 title/desc 中文 '基础资料'）|多语言/换肤场景文案无法翻译，en-US 下仍显示中文|抽为 i18n key（t() 渲染）|open|batch-2|
R4-00906|d:\6\恋爱小程序\apps\client\src\pages\showcase\index.vue|45|H|P2|用户可见中文文案未走 i18n（showcase 导航 title/desc 中文 '学校信息'）|多语言/换肤场景文案无法翻译，en-US 下仍显示中文|抽为 i18n key（t() 渲染）|open|batch-2|
R4-00907|d:\6\恋爱小程序\apps\client\src\pages\showcase\index.vue|46|H|P2|用户可见中文文案未走 i18n（showcase 导航 title/desc 中文 '推荐计划'）|多语言/换肤场景文案无法翻译，en-US 下仍显示中文|抽为 i18n key（t() 渲染）|open|batch-2|
R4-00908|d:\6\恋爱小程序\apps\client\src\pages\showcase\index.vue|47|H|P2|用户可见中文文案未走 i18n（showcase 导航 title/desc 中文 '校园认证'）|多语言/换肤场景文案无法翻译，en-US 下仍显示中文|抽为 i18n key（t() 渲染）|open|batch-2|
R4-00909|d:\6\恋爱小程序\apps\client\src\pages\showcase\index.vue|48|H|P2|用户可见中文文案未走 i18n（showcase 导航 title/desc 中文 '恋爱认证'）|多语言/换肤场景文案无法翻译，en-US 下仍显示中文|抽为 i18n key（t() 渲染）|open|batch-2|
R4-00910|d:\6\恋爱小程序\apps\client\src\pages\showcase\index.vue|49|H|P2|用户可见中文文案未走 i18n（showcase 导航 title/desc 中文 '时间安排'）|多语言/换肤场景文案无法翻译，en-US 下仍显示中文|抽为 i18n key（t() 渲染）|open|batch-2|
R4-00911|d:\6\恋爱小程序\apps\client\src\pages\showcase\index.vue|54|H|P2|用户可见中文文案未走 i18n（showcase 分组 title 中文 '匹配'）|多语言/换肤场景文案无法翻译，en-US 下仍显示中文|抽为 i18n key（t() 渲染）|open|batch-2|
R4-00912|d:\6\恋爱小程序\apps\client\src\pages\showcase\index.vue|55|H|P2|用户可见中文文案未走 i18n（showcase 分组 subtitle 中文 '寻觅 · 喜欢 · 心动信号 · 附近'）|多语言/换肤场景文案无法翻译，en-US 下仍显示中文|抽为 i18n key（t() 渲染）|open|batch-2|
R4-00913|d:\6\恋爱小程序\apps\client\src\pages\showcase\index.vue|58|H|P2|用户可见中文文案未走 i18n（showcase 导航 title/desc 中文 '寻觅 · 匹配'）|多语言/换肤场景文案无法翻译，en-US 下仍显示中文|抽为 i18n key（t() 渲染）|open|batch-2|
R4-00914|d:\6\恋爱小程序\apps\client\src\pages\showcase\index.vue|59|H|P2|用户可见中文文案未走 i18n（showcase 导航 title/desc 中文 '今日已看'）|多语言/换肤场景文案无法翻译，en-US 下仍显示中文|抽为 i18n key（t() 渲染）|open|batch-2|
R4-00915|d:\6\恋爱小程序\apps\client\src\pages\showcase\index.vue|60|H|P2|用户可见中文文案未走 i18n（showcase 导航 title/desc 中文 '喜欢'）|多语言/换肤场景文案无法翻译，en-US 下仍显示中文|抽为 i18n key（t() 渲染）|open|batch-2|
R4-00916|d:\6\恋爱小程序\apps\client\src\pages\showcase\index.vue|61|H|P2|用户可见中文文案未走 i18n（showcase 导航 title/desc 中文 '心动信号 · 缘分速配'）|多语言/换肤场景文案无法翻译，en-US 下仍显示中文|抽为 i18n key（t() 渲染）|open|batch-2|
R4-00917|d:\6\恋爱小程序\apps\client\src\pages\showcase\index.vue|62|H|P2|用户可见中文文案未走 i18n（showcase 导航 title/desc 中文 '附近的人'）|多语言/换肤场景文案无法翻译，en-US 下仍显示中文|抽为 i18n key（t() 渲染）|open|batch-2|
R4-00918|d:\6\恋爱小程序\apps\client\src\pages\showcase\index.vue|67|H|P2|用户可见中文文案未走 i18n（showcase 分组 title 中文 '首页与成长'）|多语言/换肤场景文案无法翻译，en-US 下仍显示中文|抽为 i18n key（t() 渲染）|open|batch-2|
R4-00919|d:\6\恋爱小程序\apps\client\src\pages\showcase\index.vue|68|H|P2|用户可见中文文案未走 i18n（showcase 分组 subtitle 中文 '签到 · 恋爱中心 · 每日一问'）|多语言/换肤场景文案无法翻译，en-US 下仍显示中文|抽为 i18n key（t() 渲染）|open|batch-2|
R4-00920|d:\6\恋爱小程序\apps\client\src\pages\showcase\index.vue|71|H|P2|用户可见中文文案未走 i18n（showcase 导航 title/desc 中文 '首页'）|多语言/换肤场景文案无法翻译，en-US 下仍显示中文|抽为 i18n key（t() 渲染）|open|batch-2|
R4-00921|d:\6\恋爱小程序\apps\client\src\pages\showcase\index.vue|72|H|P2|用户可见中文文案未走 i18n（showcase 导航 title/desc 中文 '每日一问'）|多语言/换肤场景文案无法翻译，en-US 下仍显示中文|抽为 i18n key（t() 渲染）|open|batch-2|
R4-00922|d:\6\恋爱小程序\apps\client\src\pages\showcase\index.vue|73|H|P2|用户可见中文文案未走 i18n（showcase 导航 title/desc 中文 '恋爱中心'）|多语言/换肤场景文案无法翻译，en-US 下仍显示中文|抽为 i18n key（t() 渲染）|open|batch-2|
R4-00923|d:\6\恋爱小程序\apps\client\src\pages\showcase\index.vue|74|H|P2|用户可见中文文案未走 i18n（showcase 导航 title/desc 中文 '恋爱咨询'）|多语言/换肤场景文案无法翻译，en-US 下仍显示中文|抽为 i18n key（t() 渲染）|open|batch-2|
R4-00924|d:\6\恋爱小程序\apps\client\src\pages\showcase\index.vue|75|H|P2|用户可见中文文案未走 i18n（showcase 导航 title/desc 中文 'MBTI 测试'）|多语言/换肤场景文案无法翻译，en-US 下仍显示中文|抽为 i18n key（t() 渲染）|open|batch-2|
R4-00925|d:\6\恋爱小程序\apps\client\src\pages\showcase\index.vue|76|H|P2|用户可见中文文案未走 i18n（showcase 导航 title/desc 中文 '活动'）|多语言/换肤场景文案无法翻译，en-US 下仍显示中文|抽为 i18n key（t() 渲染）|open|batch-2|
R4-00926|d:\6\恋爱小程序\apps\client\src\pages\showcase\index.vue|77|H|P2|用户可见中文文案未走 i18n（showcase 导航 title/desc 中文 '活动详情'）|多语言/换肤场景文案无法翻译，en-US 下仍显示中文|抽为 i18n key（t() 渲染）|open|batch-2|
R4-00927|d:\6\恋爱小程序\apps\client\src\pages\showcase\index.vue|82|H|P2|用户可见中文文案未走 i18n（showcase 分组 title 中文 '聊天'）|多语言/换肤场景文案无法翻译，en-US 下仍显示中文|抽为 i18n key（t() 渲染）|open|batch-2|
R4-00928|d:\6\恋爱小程序\apps\client\src\pages\showcase\index.vue|83|H|P2|用户可见中文文案未走 i18n（showcase 分组 subtitle 中文 '会话 · 视频通话'）|多语言/换肤场景文案无法翻译，en-US 下仍显示中文|抽为 i18n key（t() 渲染）|open|batch-2|
R4-00929|d:\6\恋爱小程序\apps\client\src\pages\showcase\index.vue|86|H|P2|用户可见中文文案未走 i18n（showcase 导航 title/desc 中文 '消息'）|多语言/换肤场景文案无法翻译，en-US 下仍显示中文|抽为 i18n key（t() 渲染）|open|batch-2|
R4-00930|d:\6\恋爱小程序\apps\client\src\pages\showcase\index.vue|87|H|P2|用户可见中文文案未走 i18n（showcase 导航 title/desc 中文 '聊天会话'）|多语言/换肤场景文案无法翻译，en-US 下仍显示中文|抽为 i18n key（t() 渲染）|open|batch-2|
R4-00931|d:\6\恋爱小程序\apps\client\src\pages\showcase\index.vue|88|H|P2|用户可见中文文案未走 i18n（showcase 导航 title/desc 中文 '视频通话'）|多语言/换肤场景文案无法翻译，en-US 下仍显示中文|抽为 i18n key（t() 渲染）|open|batch-2|
R4-00932|d:\6\恋爱小程序\apps\client\src\pages\showcase\index.vue|93|H|P2|用户可见中文文案未走 i18n（showcase 分组 title 中文 '社区'）|多语言/换肤场景文案无法翻译，en-US 下仍显示中文|抽为 i18n key（t() 渲染）|open|batch-2|
R4-00933|d:\6\恋爱小程序\apps\client\src\pages\showcase\index.vue|94|H|P2|用户可见中文文案未走 i18n（showcase 分组 subtitle 中文 '村口 · 兴趣圈 · 校园'）|多语言/换肤场景文案无法翻译，en-US 下仍显示中文|抽为 i18n key（t() 渲染）|open|batch-2|
R4-00934|d:\6\恋爱小程序\apps\client\src\pages\showcase\index.vue|97|H|P2|用户可见中文文案未走 i18n（showcase 导航 title/desc 中文 '村口 · 圈子'）|多语言/换肤场景文案无法翻译，en-US 下仍显示中文|抽为 i18n key（t() 渲染）|open|batch-2|
R4-00935|d:\6\恋爱小程序\apps\client\src\pages\showcase\index.vue|98|H|P2|用户可见中文文案未走 i18n（showcase 导航 title/desc 中文 '发布帖子'）|多语言/换肤场景文案无法翻译，en-US 下仍显示中文|抽为 i18n key（t() 渲染）|open|batch-2|
R4-00936|d:\6\恋爱小程序\apps\client\src\pages\showcase\index.vue|99|H|P2|用户可见中文文案未走 i18n（showcase 导航 title/desc 中文 '帖子详情'）|多语言/换肤场景文案无法翻译，en-US 下仍显示中文|抽为 i18n key（t() 渲染）|open|batch-2|
R4-00937|d:\6\恋爱小程序\apps\client\src\pages\showcase\index.vue|100|H|P2|用户可见中文文案未走 i18n（showcase 导航 title/desc 中文 '标签帖子'）|多语言/换肤场景文案无法翻译，en-US 下仍显示中文|抽为 i18n key（t() 渲染）|open|batch-2|
R4-00938|d:\6\恋爱小程序\apps\client\src\pages\showcase\index.vue|101|H|P2|用户可见中文文案未走 i18n（showcase 导航 title/desc 中文 '兴趣圈'）|多语言/换肤场景文案无法翻译，en-US 下仍显示中文|抽为 i18n key（t() 渲染）|open|batch-2|
R4-00939|d:\6\恋爱小程序\apps\client\src\pages\showcase\index.vue|102|H|P2|用户可见中文文案未走 i18n（showcase 导航 title/desc 中文 '话题列表'）|多语言/换肤场景文案无法翻译，en-US 下仍显示中文|抽为 i18n key（t() 渲染）|open|batch-2|
R4-00940|d:\6\恋爱小程序\apps\client\src\pages\showcase\index.vue|103|H|P2|用户可见中文文案未走 i18n（showcase 导航 title/desc 中文 '话题详情'）|多语言/换肤场景文案无法翻译，en-US 下仍显示中文|抽为 i18n key（t() 渲染）|open|batch-2|
R4-00941|d:\6\恋爱小程序\apps\client\src\pages\showcase\index.vue|104|H|P2|用户可见中文文案未走 i18n（showcase 导航 title/desc 中文 '发布话题'）|多语言/换肤场景文案无法翻译，en-US 下仍显示中文|抽为 i18n key（t() 渲染）|open|batch-2|
R4-00942|d:\6\恋爱小程序\apps\client\src\pages\showcase\index.vue|105|H|P2|用户可见中文文案未走 i18n（showcase 导航 title/desc 中文 '校园'）|多语言/换肤场景文案无法翻译，en-US 下仍显示中文|抽为 i18n key（t() 渲染）|open|batch-2|
R4-00943|d:\6\恋爱小程序\apps\client\src\pages\showcase\index.vue|106|H|P2|用户可见中文文案未走 i18n（showcase 导航 title/desc 中文 '校园发帖'）|多语言/换肤场景文案无法翻译，en-US 下仍显示中文|抽为 i18n key（t() 渲染）|open|batch-2|
R4-00944|d:\6\恋爱小程序\apps\client\src\pages\showcase\index.vue|107|H|P2|用户可见中文文案未走 i18n（showcase 导航 title/desc 中文 '校园话题详情'）|多语言/换肤场景文案无法翻译，en-US 下仍显示中文|抽为 i18n key（t() 渲染）|open|batch-2|
R4-00945|d:\6\恋爱小程序\apps\client\src\pages\showcase\index.vue|108|H|P2|用户可见中文文案未走 i18n（showcase 导航 title/desc 中文 '讨论圈'）|多语言/换肤场景文案无法翻译，en-US 下仍显示中文|抽为 i18n key（t() 渲染）|open|batch-2|
R4-00946|d:\6\恋爱小程序\apps\client\src\pages\showcase\index.vue|109|H|P2|用户可见中文文案未走 i18n（showcase 导航 title/desc 中文 '反馈历史'）|多语言/换肤场景文案无法翻译，en-US 下仍显示中文|抽为 i18n key（t() 渲染）|open|batch-2|
R4-00947|d:\6\恋爱小程序\apps\client\src\pages\showcase\index.vue|114|H|P2|用户可见中文文案未走 i18n（showcase 分组 title 中文 '商业化'）|多语言/换肤场景文案无法翻译，en-US 下仍显示中文|抽为 i18n key（t() 渲染）|open|batch-2|
R4-00948|d:\6\恋爱小程序\apps\client\src\pages\showcase\index.vue|115|H|P2|用户可见中文文案未走 i18n（showcase 分组 subtitle 中文 'VIP · 优惠码 · 逛逛'）|多语言/换肤场景文案无法翻译，en-US 下仍显示中文|抽为 i18n key（t() 渲染）|open|batch-2|
R4-00949|d:\6\恋爱小程序\apps\client\src\pages\showcase\index.vue|118|H|P2|用户可见中文文案未走 i18n（showcase 导航 title/desc 中文 '开通 VIP'）|多语言/换肤场景文案无法翻译，en-US 下仍显示中文|抽为 i18n key（t() 渲染）|open|batch-2|
R4-00950|d:\6\恋爱小程序\apps\client\src\pages\showcase\index.vue|119|H|P2|用户可见中文文案未走 i18n（showcase 导航 title/desc 中文 '我的钱包'）|多语言/换肤场景文案无法翻译，en-US 下仍显示中文|抽为 i18n key（t() 渲染）|open|batch-2|
R4-00951|d:\6\恋爱小程序\apps\client\src\pages\showcase\index.vue|120|H|P2|用户可见中文文案未走 i18n（showcase 导航 title/desc 中文 '优惠码'）|多语言/换肤场景文案无法翻译，en-US 下仍显示中文|抽为 i18n key（t() 渲染）|open|batch-2|
R4-00952|d:\6\恋爱小程序\apps\client\src\pages\showcase\index.vue|121|H|P2|用户可见中文文案未走 i18n（showcase 导航 title/desc 中文 '账单记录'）|多语言/换肤场景文案无法翻译，en-US 下仍显示中文|抽为 i18n key（t() 渲染）|open|batch-2|
R4-00953|d:\6\恋爱小程序\apps\client\src\pages\showcase\index.vue|122|H|P2|用户可见中文文案未走 i18n（showcase 导航 title/desc 中文 '逛逛'）|多语言/换肤场景文案无法翻译，en-US 下仍显示中文|抽为 i18n key（t() 渲染）|open|batch-2|
R4-00954|d:\6\恋爱小程序\apps\client\src\pages\showcase\index.vue|127|H|P2|用户可见中文文案未走 i18n（showcase 分组 title 中文 '个人中心与设置'）|多语言/换肤场景文案无法翻译，en-US 下仍显示中文|抽为 i18n key（t() 渲染）|open|batch-2|
R4-00955|d:\6\恋爱小程序\apps\client\src\pages\showcase\index.vue|128|H|P2|用户可见中文文案未走 i18n（showcase 分组 subtitle 中文 '我的 · 安全 · 帮助'）|多语言/换肤场景文案无法翻译，en-US 下仍显示中文|抽为 i18n key（t() 渲染）|open|batch-2|
R4-00956|d:\6\恋爱小程序\apps\client\src\pages\showcase\index.vue|131|H|P2|用户可见中文文案未走 i18n（showcase 导航 title/desc 中文 '我的'）|多语言/换肤场景文案无法翻译，en-US 下仍显示中文|抽为 i18n key（t() 渲染）|open|batch-2|
R4-00957|d:\6\恋爱小程序\apps\client\src\pages\showcase\index.vue|132|H|P2|用户可见中文文案未走 i18n（showcase 导航 title/desc 中文 '谁看过我'）|多语言/换肤场景文案无法翻译，en-US 下仍显示中文|抽为 i18n key（t() 渲染）|open|batch-2|
R4-00958|d:\6\恋爱小程序\apps\client\src\pages\showcase\index.vue|133|H|P2|用户可见中文文案未走 i18n（showcase 导航 title/desc 中文 '我的相册'）|多语言/换肤场景文案无法翻译，en-US 下仍显示中文|抽为 i18n key（t() 渲染）|open|batch-2|
R4-00959|d:\6\恋爱小程序\apps\client\src\pages\showcase\index.vue|134|H|P2|用户可见中文文案未走 i18n（showcase 导航 title/desc 中文 '任务中心'）|多语言/换肤场景文案无法翻译，en-US 下仍显示中文|抽为 i18n key（t() 渲染）|open|batch-2|
R4-00960|d:\6\恋爱小程序\apps\client\src\pages\showcase\index.vue|135|H|P2|用户可见中文文案未走 i18n（showcase 导航 title/desc 中文 '权限设置'）|多语言/换肤场景文案无法翻译，en-US 下仍显示中文|抽为 i18n key（t() 渲染）|open|batch-2|
R4-00961|d:\6\恋爱小程序\apps\client\src\pages\showcase\index.vue|136|H|P2|用户可见中文文案未走 i18n（showcase 导航 title/desc 中文 '设置'）|多语言/换肤场景文案无法翻译，en-US 下仍显示中文|抽为 i18n key（t() 渲染）|open|batch-2|
R4-00962|d:\6\恋爱小程序\apps\client\src\pages\showcase\index.vue|137|H|P2|用户可见中文文案未走 i18n（showcase 导航 title/desc 中文 '免打扰'）|多语言/换肤场景文案无法翻译，en-US 下仍显示中文|抽为 i18n key（t() 渲染）|open|batch-2|
R4-00963|d:\6\恋爱小程序\apps\client\src\pages\showcase\index.vue|138|H|P2|用户可见中文文案未走 i18n（showcase 导航 title/desc 中文 '反馈中心'）|多语言/换肤场景文案无法翻译，en-US 下仍显示中文|抽为 i18n key（t() 渲染）|open|batch-2|
R4-00964|d:\6\恋爱小程序\apps\client\src\pages\showcase\index.vue|139|H|P2|用户可见中文文案未走 i18n（showcase 导航 title/desc 中文 '隐私政策'）|多语言/换肤场景文案无法翻译，en-US 下仍显示中文|抽为 i18n key（t() 渲染）|open|batch-2|
R4-00965|d:\6\恋爱小程序\apps\client\src\pages\showcase\index.vue|140|H|P2|用户可见中文文案未走 i18n（showcase 导航 title/desc 中文 '用户协议'）|多语言/换肤场景文案无法翻译，en-US 下仍显示中文|抽为 i18n key（t() 渲染）|open|batch-2|
R4-01010|d:\6\恋爱小程序\apps\api\src\main\java\com\campuslove\api\campus\RealCampusService.java|140|B|P2|LocalDateTime.now() 未显式指定 ZoneId（JVM 默认时区）(LocalDateTime now = LocalDateTime.now()|JVM 时区与 DB Asia/Shanghai 不一致时，时间戳/窗口判断错位|统一时钟源（Clock/ZoneId），或至少注释声明时区契约|open|batch-2|
R4-01011|d:\6\恋爱小程序\apps\api\src\main\java\com\campuslove\api\campus\RealCampusService.java|179|B|P2|LocalDateTime.now() 未显式指定 ZoneId（JVM 默认时区）(LocalDateTime now = LocalDateTime.now()|JVM 时区与 DB Asia/Shanghai 不一致时，时间戳/窗口判断错位|统一时钟源（Clock/ZoneId），或至少注释声明时区契约|open|batch-2|
R4-01012|d:\6\恋爱小程序\apps\api\src\main\java\com\campuslove\api\campus\RealCampusCertificationService.java|88|B|P2|LocalDateTime.now() 未显式指定 ZoneId（JVM 默认时区）(existing.setSubmittedAt(LocalDateTime.)|JVM 时区与 DB Asia/Shanghai 不一致时，时间戳/窗口判断错位|统一时钟源（Clock/ZoneId），或至少注释声明时区契约|open|batch-2|
R4-01013|d:\6\恋爱小程序\apps\api\src\main\java\com\campuslove\api\campus\RealCampusCertificationService.java|103|B|P2|LocalDateTime.now() 未显式指定 ZoneId（JVM 默认时区）(certification.setSubmittedAt(LocalDate)|JVM 时区与 DB Asia/Shanghai 不一致时，时间戳/窗口判断错位|统一时钟源（Clock/ZoneId），或至少注释声明时区契约|open|batch-2|
R4-01014|d:\6\恋爱小程序\apps\api\src\main\java\com\campuslove\api\campus\RealCampusCertificationService.java|161|B|P2|LocalDateTime.now() 未显式指定 ZoneId（JVM 默认时区）(certification.setReviewedAt(LocalDateT)|JVM 时区与 DB Asia/Shanghai 不一致时，时间戳/窗口判断错位|统一时钟源（Clock/ZoneId），或至少注释声明时区契约|open|batch-2|
R4-01015|d:\6\恋爱小程序\apps\api\src\main\java\com\campuslove\api\chat\MockTempChatService.java|66|B|P2|Instant.now() 未显式指定 ZoneId（JVM 默认时区）(SessionState state = new SessionState()|JVM 时区与 DB Asia/Shanghai 不一致时，时间戳/窗口判断错位|统一时钟源（Clock/ZoneId），或至少注释声明时区契约|open|batch-2|
R4-01016|d:\6\恋爱小程序\apps\api\src\main\java\com\campuslove\api\chat\MockTempChatService.java|76|B|P2|Instant.now() 未显式指定 ZoneId（JVM 默认时区）(return new SessionState(person, newSes)|JVM 时区与 DB Asia/Shanghai 不一致时，时间戳/窗口判断错位|统一时钟源（Clock/ZoneId），或至少注释声明时区契约|open|batch-2|
R4-01017|d:\6\恋爱小程序\apps\api\src\main\java\com\campuslove\api\chat\MockTempChatService.java|105|B|P2|Instant.now() 未显式指定 ZoneId（JVM 默认时区）("m-" + Instant.now().toEpochMilli(),)|JVM 时区与 DB Asia/Shanghai 不一致时，时间戳/窗口判断错位|统一时钟源（Clock/ZoneId），或至少注释声明时区契约|open|batch-2|
R4-01018|d:\6\恋爱小程序\apps\api\src\main\java\com\campuslove\api\chat\MockTempChatService.java|109|B|P2|Instant.now() 未显式指定 ZoneId（JVM 默认时区）(Instant.now().toString(),)|JVM 时区与 DB Asia/Shanghai 不一致时，时间戳/窗口判断错位|统一时钟源（Clock/ZoneId），或至少注释声明时区契约|open|batch-2|
R4-01019|d:\6\恋爱小程序\apps\api\src\main\java\com\campuslove\api\chat\MockTempChatService.java|185|B|P2|Instant.now() 未显式指定 ZoneId（JVM 默认时区）(Instant.now().toString(),)|JVM 时区与 DB Asia/Shanghai 不一致时，时间戳/窗口判断错位|统一时钟源（Clock/ZoneId），或至少注释声明时区契约|open|batch-2|
R4-01020|d:\6\恋爱小程序\apps\api\src\main\java\com\campuslove\api\chat\MockTempChatService.java|275|B|P2|Instant.now() 未显式指定 ZoneId（JVM 默认时区）(sessionsById.put(sessionId, new Sessio)|JVM 时区与 DB Asia/Shanghai 不一致时，时间戳/窗口判断错位|统一时钟源（Clock/ZoneId），或至少注释声明时区契约|open|batch-2|
R4-01021|d:\6\恋爱小程序\apps\api\src\main\java\com\campuslove\api\chat\MockTempChatService.java|292|B|P2|Instant.now() 未显式指定 ZoneId（JVM 默认时区）(Instant.now().plusSeconds(24 * 60 * 60)|JVM 时区与 DB Asia/Shanghai 不一致时，时间戳/窗口判断错位|统一时钟源（Clock/ZoneId），或至少注释声明时区契约|open|batch-2|
R4-01022|d:\6\恋爱小程序\apps\api\src\main\java\com\campuslove\api\chat\RealNotificationService.java|263|B|P2|LocalDateTime.now() 未显式指定 ZoneId（JVM 默认时区）(notification.setCreatedAt(LocalDateTim)|JVM 时区与 DB Asia/Shanghai 不一致时，时间戳/窗口判断错位|统一时钟源（Clock/ZoneId），或至少注释声明时区契约|open|batch-2|
R4-01023|d:\6\恋爱小程序\apps\api\src\main\java\com\campuslove\api\clientconfig\ClientDbConfigController.java|142|B|P2|LocalDateTime.now() 未显式指定 ZoneId（JVM 默认时区）(LocalDateTime now = LocalDateTime.now()|JVM 时区与 DB Asia/Shanghai 不一致时，时间戳/窗口判断错位|统一时钟源（Clock/ZoneId），或至少注释声明时区契约|open|batch-2|
R4-01024|d:\6\恋爱小程序\apps\api\src\main\java\com\campuslove\api\chat\RealInteractionEventService.java|74|B|P2|LocalDateTime.now() 未显式指定 ZoneId（JVM 默认时区）(event.setCreatedAt(LocalDateTime.now())|JVM 时区与 DB Asia/Shanghai 不一致时，时间戳/窗口判断错位|统一时钟源（Clock/ZoneId），或至少注释声明时区契约|open|batch-2|
R4-01025|d:\6\恋爱小程序\apps\api\src\main\java\com\campuslove\api\auth\AppleIdentityTokenVerifier.java|112|B|P2|Instant.now() 未显式指定 ZoneId（JVM 默认时区）(Instant now = Instant.now();)|JVM 时区与 DB Asia/Shanghai 不一致时，时间戳/窗口判断错位|统一时钟源（Clock/ZoneId），或至少注释声明时区契约|open|batch-2|
R4-01026|d:\6\恋爱小程序\apps\api\src\main\java\com\campuslove\api\chat\TempChatCleanupService.java|109|B|P2|LocalDateTime.now() 未显式指定 ZoneId（JVM 默认时区）(LocalDateTime now = LocalDateTime.now()|JVM 时区与 DB Asia/Shanghai 不一致时，时间戳/窗口判断错位|统一时钟源（Clock/ZoneId），或至少注释声明时区契约|open|batch-2|
R4-01027|d:\6\恋爱小程序\apps\api\src\main\java\com\campuslove\api\chat\TempChatCleanupService.java|187|B|P2|LocalDateTime.now() 未显式指定 ZoneId（JVM 默认时区）(LocalDateTime now = LocalDateTime.now()|JVM 时区与 DB Asia/Shanghai 不一致时，时间戳/窗口判断错位|统一时钟源（Clock/ZoneId），或至少注释声明时区契约|open|batch-2|
R4-01028|d:\6\恋爱小程序\apps\api\src\main\java\com\campuslove\api\chat\TempChatCleanupService.java|202|B|P2|LocalDateTime.now() 未显式指定 ZoneId（JVM 默认时区）(exchange.setUpdatedAt(LocalDateTime.no)|JVM 时区与 DB Asia/Shanghai 不一致时，时间戳/窗口判断错位|统一时钟源（Clock/ZoneId），或至少注释声明时区契约|open|batch-2|
R4-01029|d:\6\恋爱小程序\apps\api\src\main\java\com\campuslove\api\chat\VoiceMessageService.java|142|B|P2|LocalDate.now() 未显式指定 ZoneId（JVM 默认时区）(String yyyyMM = LocalDate.now().format)|JVM 时区与 DB Asia/Shanghai 不一致时，时间戳/窗口判断错位|统一时钟源（Clock/ZoneId），或至少注释声明时区契约|open|batch-2|
R4-01030|d:\6\恋爱小程序\apps\api\src\main\java\com\campuslove\api\chat\RealPrivateMessageService.java|135|B|P2|LocalDateTime.now() 未显式指定 ZoneId（JVM 默认时区）(LocalDateTime now = LocalDateTime.now()|JVM 时区与 DB Asia/Shanghai 不一致时，时间戳/窗口判断错位|统一时钟源（Clock/ZoneId），或至少注释声明时区契约|open|batch-2|
R4-01031|d:\6\恋爱小程序\apps\api\src\main\java\com\campuslove\api\chat\RealPrivateMessageService.java|171|B|P2|LocalDateTime.now() 未显式指定 ZoneId（JVM 默认时区）(LocalDateTime now = LocalDateTime.now()|JVM 时区与 DB Asia/Shanghai 不一致时，时间戳/窗口判断错位|统一时钟源（Clock/ZoneId），或至少注释声明时区契约|open|batch-2|
R4-01032|d:\6\恋爱小程序\apps\api\src\main\java\com\campuslove\api\chat\RealPrivateMessageService.java|298|B|P2|LocalDateTime.now() 未显式指定 ZoneId（JVM 默认时区）(conversation.setUpdatedAt(LocalDateTim)|JVM 时区与 DB Asia/Shanghai 不一致时，时间戳/窗口判断错位|统一时钟源（Clock/ZoneId），或至少注释声明时区契约|open|batch-2|
R4-01033|d:\6\恋爱小程序\apps\api\src\main\java\com\campuslove\api\chat\VideoCallService.java|98|B|P2|LocalDateTime.now() 未显式指定 ZoneId（JVM 默认时区）(java.time.LocalDateTime now = java.tim)|JVM 时区与 DB Asia/Shanghai 不一致时，时间戳/窗口判断错位|统一时钟源（Clock/ZoneId），或至少注释声明时区契约|open|batch-2|
R4-01034|d:\6\恋爱小程序\apps\api\src\main\java\com\campuslove\api\chat\VideoCallService.java|172|B|P2|LocalDateTime.now() 未显式指定 ZoneId（JVM 默认时区）(java.time.LocalDateTime now = java.tim)|JVM 时区与 DB Asia/Shanghai 不一致时，时间戳/窗口判断错位|统一时钟源（Clock/ZoneId），或至少注释声明时区契约|open|batch-2|
R4-01035|d:\6\恋爱小程序\apps\api\src\main\java\com\campuslove\api\chat\TempChatSessionService.java|160|B|P2|LocalDateTime.now() 未显式指定 ZoneId（JVM 默认时区）(LocalDateTime now = LocalDateTime.now()|JVM 时区与 DB Asia/Shanghai 不一致时，时间戳/窗口判断错位|统一时钟源（Clock/ZoneId），或至少注释声明时区契约|open|batch-2|
R4-01036|d:\6\恋爱小程序\apps\api\src\main\java\com\campuslove\api\chat\TempChatSessionService.java|227|B|P2|LocalDateTime.now() 未显式指定 ZoneId（JVM 默认时区）(LocalDateTime now = LocalDateTime.now()|JVM 时区与 DB Asia/Shanghai 不一致时，时间戳/窗口判断错位|统一时钟源（Clock/ZoneId），或至少注释声明时区契约|open|batch-2|
R4-01037|d:\6\恋爱小程序\apps\api\src\main\java\com\campuslove\api\chat\TempChatSessionService.java|252|B|P2|LocalDateTime.now() 未显式指定 ZoneId（JVM 默认时区）(session.setUpdatedAt(LocalDateTime.now)|JVM 时区与 DB Asia/Shanghai 不一致时，时间戳/窗口判断错位|统一时钟源（Clock/ZoneId），或至少注释声明时区契约|open|batch-2|
R4-01038|d:\6\恋爱小程序\apps\api\src\main\java\com\campuslove\api\chat\TempChatSessionService.java|266|B|P2|LocalDateTime.now() 未显式指定 ZoneId（JVM 默认时区）(session.setUpdatedAt(LocalDateTime.now)|JVM 时区与 DB Asia/Shanghai 不一致时，时间戳/窗口判断错位|统一时钟源（Clock/ZoneId），或至少注释声明时区契约|open|batch-2|
R4-01039|d:\6\恋爱小程序\apps\api\src\main\java\com\campuslove\api\chat\TempChatSessionService.java|284|B|P2|LocalDateTime.now() 未显式指定 ZoneId（JVM 默认时区）(session.setUpdatedAt(LocalDateTime.now)|JVM 时区与 DB Asia/Shanghai 不一致时，时间戳/窗口判断错位|统一时钟源（Clock/ZoneId），或至少注释声明时区契约|open|batch-2|
R4-01040|d:\6\恋爱小程序\apps\api\src\main\java\com\campuslove\api\chat\TempChatSessionService.java|387|B|P2|LocalDateTime.now() 未显式指定 ZoneId（JVM 默认时区）(return session.getClosesAt() != null &)|JVM 时区与 DB Asia/Shanghai 不一致时，时间戳/窗口判断错位|统一时钟源（Clock/ZoneId），或至少注释声明时区契约|open|batch-2|
R4-01041|d:\6\恋爱小程序\apps\api\src\main\java\com\campuslove\api\chat\TempChatSessionService.java|401|B|P2|LocalDateTime.now() 未显式指定 ZoneId（JVM 默认时区）(session.setUpdatedAt(LocalDateTime.now)|JVM 时区与 DB Asia/Shanghai 不一致时，时间戳/窗口判断错位|统一时钟源（Clock/ZoneId），或至少注释声明时区契约|open|batch-2|
R4-01042|d:\6\恋爱小程序\apps\api\src\main\java\com\campuslove\api\auth\ThirdPartyAuthService.java|175|B|P2|LocalDateTime.now() 未显式指定 ZoneId（JVM 默认时区）(LocalDateTime now = LocalDateTime.now()|JVM 时区与 DB Asia/Shanghai 不一致时，时间戳/窗口判断错位|统一时钟源（Clock/ZoneId），或至少注释声明时区契约|open|batch-2|
R4-01043|d:\6\恋爱小程序\apps\api\src\main\java\com\campuslove\api\auth\ThirdPartyAuthService.java|252|B|P2|LocalDateTime.now() 未显式指定 ZoneId（JVM 默认时区）(account.setCreatedAt(LocalDateTime.now)|JVM 时区与 DB Asia/Shanghai 不一致时，时间戳/窗口判断错位|统一时钟源（Clock/ZoneId），或至少注释声明时区契约|open|batch-2|
R4-01044|d:\6\恋爱小程序\apps\api\src\main\java\com\campuslove\api\chat\TempChatMessageService.java|101|B|P2|LocalDateTime.now() 未显式指定 ZoneId（JVM 默认时区）(LocalDateTime now = LocalDateTime.now()|JVM 时区与 DB Asia/Shanghai 不一致时，时间戳/窗口判断错位|统一时钟源（Clock/ZoneId），或至少注释声明时区契约|open|batch-2|
R4-01045|d:\6\恋爱小程序\apps\api\src\main\java\com\campuslove\api\chat\TempChatMessageService.java|268|B|P2|LocalDateTime.now() 未显式指定 ZoneId（JVM 默认时区）(&& message.getCreatedAt().isBefore(Loc)|JVM 时区与 DB Asia/Shanghai 不一致时，时间戳/窗口判断错位|统一时钟源（Clock/ZoneId），或至少注释声明时区契约|open|batch-2|
R4-01046|d:\6\恋爱小程序\apps\api\src\main\java\com\campuslove\api\admin\AdminCampusTopicController.java|172|B|P2|LocalDateTime.now() 未显式指定 ZoneId（JVM 默认时区）(topic.setAuditedAt(LocalDateTime.now())|JVM 时区与 DB Asia/Shanghai 不一致时，时间戳/窗口判断错位|统一时钟源（Clock/ZoneId），或至少注释声明时区契约|open|batch-2|
R4-01047|d:\6\恋爱小程序\apps\api\src\main\java\com\campuslove\api\admin\AdminCampusTopicController.java|173|B|P2|LocalDateTime.now() 未显式指定 ZoneId（JVM 默认时区）(topic.setUpdatedAt(LocalDateTime.now())|JVM 时区与 DB Asia/Shanghai 不一致时，时间戳/窗口判断错位|统一时钟源（Clock/ZoneId），或至少注释声明时区契约|open|batch-2|
R4-01048|d:\6\恋爱小程序\apps\api\src\main\java\com\campuslove\api\admin\AdminCampusTopicController.java|222|B|P2|LocalDateTime.now() 未显式指定 ZoneId（JVM 默认时区）(topic.setUpdatedAt(LocalDateTime.now())|JVM 时区与 DB Asia/Shanghai 不一致时，时间戳/窗口判断错位|统一时钟源（Clock/ZoneId），或至少注释声明时区契约|open|batch-2|
R4-01049|d:\6\恋爱小程序\apps\api\src\main\java\com\campuslove\api\config\GlobalExceptionHandler.java|772|B|P2|Instant.now() 未显式指定 ZoneId（JVM 默认时区）(body.put("timestamp", Instant.now().to)|JVM 时区与 DB Asia/Shanghai 不一致时，时间戳/窗口判断错位|统一时钟源（Clock/ZoneId），或至少注释声明时区契约|open|batch-2|
R4-01050|d:\6\恋爱小程序\apps\api\src\main\java\com\campuslove\api\auth\RealAuthService.java|339|B|P2|LocalDateTime.now() 未显式指定 ZoneId（JVM 默认时区）(LocalDateTime now = LocalDateTime.now()|JVM 时区与 DB Asia/Shanghai 不一致时，时间戳/窗口判断错位|统一时钟源（Clock/ZoneId），或至少注释声明时区契约|open|batch-2|
R4-01051|d:\6\恋爱小程序\apps\api\src\main\java\com\campuslove\api\auth\RealAuthService.java|465|B|P2|LocalDateTime.now() 未显式指定 ZoneId（JVM 默认时区）(user.setCreatedAt(java.time.LocalDateT)|JVM 时区与 DB Asia/Shanghai 不一致时，时间戳/窗口判断错位|统一时钟源（Clock/ZoneId），或至少注释声明时区契约|open|batch-2|
R4-01052|d:\6\恋爱小程序\apps\api\src\main\java\com\campuslove\api\auth\RealAuthService.java|466|B|P2|LocalDateTime.now() 未显式指定 ZoneId（JVM 默认时区）(user.setUpdatedAt(java.time.LocalDateT)|JVM 时区与 DB Asia/Shanghai 不一致时，时间戳/窗口判断错位|统一时钟源（Clock/ZoneId），或至少注释声明时区契约|open|batch-2|
R4-01053|d:\6\恋爱小程序\apps\api\src\main\java\com\campuslove\api\auth\RealAuthService.java|552|B|P2|LocalDateTime.now() 未显式指定 ZoneId（JVM 默认时区）(user.setCreatedAt(LocalDateTime.now()))|JVM 时区与 DB Asia/Shanghai 不一致时，时间戳/窗口判断错位|统一时钟源（Clock/ZoneId），或至少注释声明时区契约|open|batch-2|
R4-01054|d:\6\恋爱小程序\apps\api\src\main\java\com\campuslove\api\auth\RealAuthService.java|553|B|P2|LocalDateTime.now() 未显式指定 ZoneId（JVM 默认时区）(user.setUpdatedAt(LocalDateTime.now()))|JVM 时区与 DB Asia/Shanghai 不一致时，时间戳/窗口判断错位|统一时钟源（Clock/ZoneId），或至少注释声明时区契约|open|batch-2|
R4-01055|d:\6\恋爱小程序\apps\api\src\main\java\com\campuslove\api\auth\RealAuthService.java|773|B|P2|LocalDateTime.now() 未显式指定 ZoneId（JVM 默认时区）(user.setUpdatedAt(LocalDateTime.now()))|JVM 时区与 DB Asia/Shanghai 不一致时，时间戳/窗口判断错位|统一时钟源（Clock/ZoneId），或至少注释声明时区契约|open|batch-2|
R4-01056|d:\6\恋爱小程序\apps\api\src\main\java\com\campuslove\api\admin\AdminAuditLogService.java|56|B|P2|LocalDateTime.now() 未显式指定 ZoneId（JVM 默认时区）(auditLog.setCreatedAt(LocalDateTime.no)|JVM 时区与 DB Asia/Shanghai 不一致时，时间戳/窗口判断错位|统一时钟源（Clock/ZoneId），或至少注释声明时区契约|open|batch-2|
R4-01057|d:\6\恋爱小程序\apps\api\src\main\java\com\campuslove\api\admin\AdminAccountController.java|117|B|P2|LocalDateTime.now() 未显式指定 ZoneId（JVM 默认时区）(admin.setUpdatedAt(LocalDateTime.now())|JVM 时区与 DB Asia/Shanghai 不一致时，时间戳/窗口判断错位|统一时钟源（Clock/ZoneId），或至少注释声明时区契约|open|batch-2|
R4-01058|d:\6\恋爱小程序\apps\api\src\main\java\com\campuslove\api\admin\AdminActivityController.java|254|B|P2|LocalDateTime.now() 未显式指定 ZoneId（JVM 默认时区）(activity.setUpdatedAt(LocalDateTime.no)|JVM 时区与 DB Asia/Shanghai 不一致时，时间戳/窗口判断错位|统一时钟源（Clock/ZoneId），或至少注释声明时区契约|open|batch-2|
R4-01059|d:\6\恋爱小程序\apps\api\src\main\java\com\campuslove\api\admin\AdminActivityController.java|432|B|P2|LocalDateTime.now() 未显式指定 ZoneId（JVM 默认时区）(activity.setUpdatedAt(LocalDateTime.no)|JVM 时区与 DB Asia/Shanghai 不一致时，时间戳/窗口判断错位|统一时钟源（Clock/ZoneId），或至少注释声明时区契约|open|batch-2|
R4-01060|d:\6\恋爱小程序\apps\api\src\main\java\com\campuslove\api\admin\AdminNotifyConfigController.java|89|B|P2|LocalDateTime.now() 未显式指定 ZoneId（JVM 默认时区）(LocalDateTime now = LocalDateTime.now()|JVM 时区与 DB Asia/Shanghai 不一致时，时间戳/窗口判断错位|统一时钟源（Clock/ZoneId），或至少注释声明时区契约|open|batch-2|
R4-01061|d:\6\恋爱小程序\apps\api\src\main\java\com\campuslove\api\admin\AdminPromoCodeController.java|238|B|P2|LocalDateTime.now() 未显式指定 ZoneId（JVM 默认时区）(String filename = "promo_codes_" + Dat)|JVM 时区与 DB Asia/Shanghai 不一致时，时间戳/窗口判断错位|统一时钟源（Clock/ZoneId），或至少注释声明时区契约|open|batch-2|
R4-01062|d:\6\恋爱小程序\apps\api\src\main\java\com\campuslove\api\admin\AdminDictController.java|137|B|P2|LocalDateTime.now() 未显式指定 ZoneId（JVM 默认时区）(LocalDateTime now = LocalDateTime.now()|JVM 时区与 DB Asia/Shanghai 不一致时，时间戳/窗口判断错位|统一时钟源（Clock/ZoneId），或至少注释声明时区契约|open|batch-2|
R4-01063|d:\6\恋爱小程序\apps\api\src\main\java\com\campuslove\api\admin\AdminDictController.java|182|B|P2|LocalDateTime.now() 未显式指定 ZoneId（JVM 默认时区）(dict.setUpdatedAt(LocalDateTime.now()))|JVM 时区与 DB Asia/Shanghai 不一致时，时间戳/窗口判断错位|统一时钟源（Clock/ZoneId），或至少注释声明时区契约|open|batch-2|
R4-01064|d:\6\恋爱小程序\apps\api\src\main\java\com\campuslove\api\admin\AdminDictController.java|237|B|P2|LocalDateTime.now() 未显式指定 ZoneId（JVM 默认时区）(LocalDateTime now = LocalDateTime.now()|JVM 时区与 DB Asia/Shanghai 不一致时，时间戳/窗口判断错位|统一时钟源（Clock/ZoneId），或至少注释声明时区契约|open|batch-2|
R4-01065|d:\6\恋爱小程序\apps\api\src\main\java\com\campuslove\api\admin\AdminDictController.java|278|B|P2|LocalDateTime.now() 未显式指定 ZoneId（JVM 默认时区）(item.setUpdatedAt(LocalDateTime.now()))|JVM 时区与 DB Asia/Shanghai 不一致时，时间戳/窗口判断错位|统一时钟源（Clock/ZoneId），或至少注释声明时区契约|open|batch-2|
R4-01066|d:\6\恋爱小程序\apps\api\src\main\java\com\campuslove\api\config\SensitiveWordFilter.java|165|B|P2|LocalDateTime.now() 未显式指定 ZoneId（JVM 默认时区）(userId, scene, java.time.LocalDateTime)|JVM 时区与 DB Asia/Shanghai 不一致时，时间戳/窗口判断错位|统一时钟源（Clock/ZoneId），或至少注释声明时区契约|open|batch-2|
R4-01067|d:\6\恋爱小程序\apps\api\src\main\java\com\campuslove\api\admin\AdminMenuController.java|150|B|P2|LocalDateTime.now() 未显式指定 ZoneId（JVM 默认时区）(LocalDateTime now = LocalDateTime.now()|JVM 时区与 DB Asia/Shanghai 不一致时，时间戳/窗口判断错位|统一时钟源（Clock/ZoneId），或至少注释声明时区契约|open|batch-2|
R4-01068|d:\6\恋爱小程序\apps\api\src\main\java\com\campuslove\api\admin\AdminMenuController.java|196|B|P2|LocalDateTime.now() 未显式指定 ZoneId（JVM 默认时区）(menu.setUpdatedAt(LocalDateTime.now()))|JVM 时区与 DB Asia/Shanghai 不一致时，时间戳/窗口判断错位|统一时钟源（Clock/ZoneId），或至少注释声明时区契约|open|batch-2|
R4-01069|d:\6\恋爱小程序\apps\api\src\main\java\com\campuslove\api\admin\AdminPostController.java|167|B|P2|LocalDateTime.now() 未显式指定 ZoneId（JVM 默认时区）(post.setAuditedAt(LocalDateTime.now()))|JVM 时区与 DB Asia/Shanghai 不一致时，时间戳/窗口判断错位|统一时钟源（Clock/ZoneId），或至少注释声明时区契约|open|batch-2|
R4-01070|d:\6\恋爱小程序\apps\api\src\main\java\com\campuslove\api\admin\AdminPostController.java|168|B|P2|LocalDateTime.now() 未显式指定 ZoneId（JVM 默认时区）(post.setUpdatedAt(LocalDateTime.now()))|JVM 时区与 DB Asia/Shanghai 不一致时，时间戳/窗口判断错位|统一时钟源（Clock/ZoneId），或至少注释声明时区契约|open|batch-2|
R4-01071|d:\6\恋爱小程序\apps\api\src\main\java\com\campuslove\api\admin\AdminPostController.java|212|B|P2|LocalDateTime.now() 未显式指定 ZoneId（JVM 默认时区）(post.setUpdatedAt(LocalDateTime.now()))|JVM 时区与 DB Asia/Shanghai 不一致时，时间戳/窗口判断错位|统一时钟源（Clock/ZoneId），或至少注释声明时区契约|open|batch-2|
R4-01072|d:\6\恋爱小程序\apps\api\src\main\java\com\campuslove\api\admin\AdminReportController.java|192|B|P2|LocalDateTime.now() 未显式指定 ZoneId（JVM 默认时区）(report.setHandledAt(LocalDateTime.now()|JVM 时区与 DB Asia/Shanghai 不一致时，时间戳/窗口判断错位|统一时钟源（Clock/ZoneId），或至少注释声明时区契约|open|batch-2|
R4-01073|d:\6\恋爱小程序\apps\api\src\main\java\com\campuslove\api\admin\AdminSchoolController.java|146|B|P2|LocalDateTime.now() 未显式指定 ZoneId（JVM 默认时区）(LocalDateTime now = LocalDateTime.now()|JVM 时区与 DB Asia/Shanghai 不一致时，时间戳/窗口判断错位|统一时钟源（Clock/ZoneId），或至少注释声明时区契约|open|batch-2|
R4-01074|d:\6\恋爱小程序\apps\api\src\main\java\com\campuslove\api\admin\AdminSchoolController.java|194|B|P2|LocalDateTime.now() 未显式指定 ZoneId（JVM 默认时区）(school.setUpdatedAt(LocalDateTime.now()|JVM 时区与 DB Asia/Shanghai 不一致时，时间戳/窗口判断错位|统一时钟源（Clock/ZoneId），或至少注释声明时区契约|open|batch-2|
R4-01075|d:\6\恋爱小程序\apps\api\src\main\java\com\campuslove\api\admin\AdminSchoolController.java|224|B|P2|LocalDateTime.now() 未显式指定 ZoneId（JVM 默认时区）(school.setUpdatedAt(LocalDateTime.now()|JVM 时区与 DB Asia/Shanghai 不一致时，时间戳/窗口判断错位|统一时钟源（Clock/ZoneId），或至少注释声明时区契约|open|batch-2|
R4-01076|d:\6\恋爱小程序\apps\api\src\main\java\com\campuslove\api\admin\AdminRoleController.java|132|B|P2|LocalDateTime.now() 未显式指定 ZoneId（JVM 默认时区）(LocalDateTime now = LocalDateTime.now()|JVM 时区与 DB Asia/Shanghai 不一致时，时间戳/窗口判断错位|统一时钟源（Clock/ZoneId），或至少注释声明时区契约|open|batch-2|
R4-01077|d:\6\恋爱小程序\apps\api\src\main\java\com\campuslove\api\admin\AdminRoleController.java|169|B|P2|LocalDateTime.now() 未显式指定 ZoneId（JVM 默认时区）(role.setUpdatedAt(LocalDateTime.now()))|JVM 时区与 DB Asia/Shanghai 不一致时，时间戳/窗口判断错位|统一时钟源（Clock/ZoneId），或至少注释声明时区契约|open|batch-2|
R4-01078|d:\6\恋爱小程序\apps\api\src\main\java\com\campuslove\api\admin\AdminShopController.java|145|B|P2|LocalDateTime.now() 未显式指定 ZoneId（JVM 默认时区）(LocalDateTime now = LocalDateTime.now()|JVM 时区与 DB Asia/Shanghai 不一致时，时间戳/窗口判断错位|统一时钟源（Clock/ZoneId），或至少注释声明时区契约|open|batch-2|
R4-01079|d:\6\恋爱小程序\apps\api\src\main\java\com\campuslove\api\admin\AdminShopController.java|200|B|P2|LocalDateTime.now() 未显式指定 ZoneId（JVM 默认时区）(item.setUpdatedAt(LocalDateTime.now()))|JVM 时区与 DB Asia/Shanghai 不一致时，时间戳/窗口判断错位|统一时钟源（Clock/ZoneId），或至少注释声明时区契约|open|batch-2|
R4-01080|d:\6\恋爱小程序\apps\api\src\main\java\com\campuslove\api\admin\AdminShopController.java|225|B|P2|LocalDateTime.now() 未显式指定 ZoneId（JVM 默认时区）(item.setUpdatedAt(LocalDateTime.now()))|JVM 时区与 DB Asia/Shanghai 不一致时，时间戳/窗口判断错位|统一时钟源（Clock/ZoneId），或至少注释声明时区契约|open|batch-2|
R4-01081|d:\6\恋爱小程序\apps\api\src\main\java\com\campuslove\api\admin\AdminShopController.java|250|B|P2|LocalDateTime.now() 未显式指定 ZoneId（JVM 默认时区）(item.setUpdatedAt(LocalDateTime.now()))|JVM 时区与 DB Asia/Shanghai 不一致时，时间戳/窗口判断错位|统一时钟源（Clock/ZoneId），或至少注释声明时区契约|open|batch-2|
R4-01082|d:\6\恋爱小程序\apps\api\src\main\java\com\campuslove\api\admin\AdminSensitiveWordController.java|119|B|P2|LocalDateTime.now() 未显式指定 ZoneId（JVM 默认时区）(entity.setCreatedAt(LocalDateTime.now()|JVM 时区与 DB Asia/Shanghai 不一致时，时间戳/窗口判断错位|统一时钟源（Clock/ZoneId），或至少注释声明时区契约|open|batch-2|
R4-01083|d:\6\恋爱小程序\apps\api\src\main\java\com\campuslove\api\config\JwtTokenProvider.java|113|B|P2|Instant.now() 未显式指定 ZoneId（JVM 默认时区）(Instant now = Instant.now();)|JVM 时区与 DB Asia/Shanghai 不一致时，时间戳/窗口判断错位|统一时钟源（Clock/ZoneId），或至少注释声明时区契约|open|batch-2|
R4-01084|d:\6\恋爱小程序\apps\api\src\main\java\com\campuslove\api\config\JwtTokenProvider.java|176|B|P2|Instant.now() 未显式指定 ZoneId（JVM 默认时区）(long remainingMs = expiration.toEpochM)|JVM 时区与 DB Asia/Shanghai 不一致时，时间戳/窗口判断错位|统一时钟源（Clock/ZoneId），或至少注释声明时区契约|open|batch-2|
R4-01085|d:\6\恋爱小程序\apps\api\src\main\java\com\campuslove\api\config\JwtTokenProvider.java|306|B|P2|Instant.now() 未显式指定 ZoneId（JVM 默认时区）(long remainingMs = expiration.toEpochM)|JVM 时区与 DB Asia/Shanghai 不一致时，时间戳/窗口判断错位|统一时钟源（Clock/ZoneId），或至少注释声明时区契约|open|batch-2|
R4-01086|d:\6\恋爱小程序\apps\api\src\main\java\com\campuslove\api\config\JwtTokenProvider.java|417|B|P2|Instant.now() 未显式指定 ZoneId（JVM 默认时区）(if (expiration == null 或 expiration.i)|JVM 时区与 DB Asia/Shanghai 不一致时，时间戳/窗口判断错位|统一时钟源（Clock/ZoneId），或至少注释声明时区契约|open|batch-2|
R4-01087|d:\6\恋爱小程序\apps\api\src\main\java\com\campuslove\api\admin\AdminUserController.java|135|B|P2|LocalDateTime.now() 未显式指定 ZoneId（JVM 默认时区）(LocalDateTime now = LocalDateTime.now()|JVM 时区与 DB Asia/Shanghai 不一致时，时间戳/窗口判断错位|统一时钟源（Clock/ZoneId），或至少注释声明时区契约|open|batch-2|
R4-01088|d:\6\恋爱小程序\apps\api\src\main\java\com\campuslove\api\admin\AdminUserController.java|205|B|P2|LocalDateTime.now() 未显式指定 ZoneId（JVM 默认时区）(LocalDateTime now = LocalDateTime.now()|JVM 时区与 DB Asia/Shanghai 不一致时，时间戳/窗口判断错位|统一时钟源（Clock/ZoneId），或至少注释声明时区契约|open|batch-2|
R4-01089|d:\6\恋爱小程序\apps\api\src\main\java\com\campuslove\api\admin\AdminUserController.java|405|B|P2|LocalDateTime.now() 未显式指定 ZoneId（JVM 默认时区）(user.setUpdatedAt(LocalDateTime.now()))|JVM 时区与 DB Asia/Shanghai 不一致时，时间戳/窗口判断错位|统一时钟源（Clock/ZoneId），或至少注释声明时区契约|open|batch-2|
R4-01090|d:\6\恋爱小程序\apps\api\src\main\java\com\campuslove\api\admin\AdminUserController.java|471|B|P2|LocalDateTime.now() 未显式指定 ZoneId（JVM 默认时区）(user.setUpdatedAt(LocalDateTime.now()))|JVM 时区与 DB Asia/Shanghai 不一致时，时间戳/窗口判断错位|统一时钟源（Clock/ZoneId），或至少注释声明时区契约|open|batch-2|
R4-01091|d:\6\恋爱小程序\apps\api\src\main\java\com\campuslove\api\wallet\WalletServiceImpl.java|151|B|P2|LocalDateTime.now() 未显式指定 ZoneId（JVM 默认时区）(wallet.setUpdatedAt(LocalDateTime.now()|JVM 时区与 DB Asia/Shanghai 不一致时，时间戳/窗口判断错位|统一时钟源（Clock/ZoneId），或至少注释声明时区契约|open|batch-2|
R4-01092|d:\6\恋爱小程序\apps\api\src\main\java\com\campuslove\api\wallet\WalletServiceImpl.java|224|B|P2|LocalDateTime.now() 未显式指定 ZoneId（JVM 默认时区）(wallet.setUpdatedAt(LocalDateTime.now()|JVM 时区与 DB Asia/Shanghai 不一致时，时间戳/窗口判断错位|统一时钟源（Clock/ZoneId），或至少注释声明时区契约|open|batch-2|
R4-01093|d:\6\恋爱小程序\apps\api\src\main\java\com\campuslove\api\wallet\WalletServiceImpl.java|301|B|P2|LocalDateTime.now() 未显式指定 ZoneId（JVM 默认时区）(LocalDateTime now = LocalDateTime.now()|JVM 时区与 DB Asia/Shanghai 不一致时，时间戳/窗口判断错位|统一时钟源（Clock/ZoneId），或至少注释声明时区契约|open|batch-2|
R4-01094|d:\6\恋爱小程序\apps\api\src\main\java\com\campuslove\api\wallet\WalletServiceImpl.java|344|B|P2|LocalDateTime.now() 未显式指定 ZoneId（JVM 默认时区）(LocalDateTime now = LocalDateTime.now()|JVM 时区与 DB Asia/Shanghai 不一致时，时间戳/窗口判断错位|统一时钟源（Clock/ZoneId），或至少注释声明时区契约|open|batch-2|
R4-01095|d:\6\恋爱小程序\apps\api\src\main\java\com\campuslove\api\admin\AdminVillagePostController.java|220|B|P2|LocalDateTime.now() 未显式指定 ZoneId（JVM 默认时区）(post.setAuditedAt(LocalDateTime.now()))|JVM 时区与 DB Asia/Shanghai 不一致时，时间戳/窗口判断错位|统一时钟源（Clock/ZoneId），或至少注释声明时区契约|open|batch-2|
R4-01096|d:\6\恋爱小程序\apps\api\src\main\java\com\campuslove\api\admin\AdminVillagePostController.java|221|B|P2|LocalDateTime.now() 未显式指定 ZoneId（JVM 默认时区）(post.setUpdatedAt(LocalDateTime.now()))|JVM 时区与 DB Asia/Shanghai 不一致时，时间戳/窗口判断错位|统一时钟源（Clock/ZoneId），或至少注释声明时区契约|open|batch-2|
R4-01097|d:\6\恋爱小程序\apps\api\src\main\java\com\campuslove\api\admin\AdminVillagePostController.java|288|B|P2|LocalDateTime.now() 未显式指定 ZoneId（JVM 默认时区）(post.setUpdatedAt(LocalDateTime.now()))|JVM 时区与 DB Asia/Shanghai 不一致时，时间戳/窗口判断错位|统一时钟源（Clock/ZoneId），或至少注释声明时区契约|open|batch-2|
R4-01098|d:\6\恋爱小程序\apps\api\src\main\java\com\campuslove\api\admin\AdminVillagePostController.java|323|B|P2|LocalDateTime.now() 未显式指定 ZoneId（JVM 默认时区）(post.setUpdatedAt(LocalDateTime.now()))|JVM 时区与 DB Asia/Shanghai 不一致时，时间戳/窗口判断错位|统一时钟源（Clock/ZoneId），或至少注释声明时区契约|open|batch-2|
R4-01099|d:\6\恋爱小程序\apps\api\src\main\java\com\campuslove\api\report\ReportController.java|74|B|P2|LocalDateTime.now() 未显式指定 ZoneId（JVM 默认时区）(LocalDateTime dayStart = LocalDateTime)|JVM 时区与 DB Asia/Shanghai 不一致时，时间戳/窗口判断错位|统一时钟源（Clock/ZoneId），或至少注释声明时区契约|open|batch-2|
R4-01100|d:\6\恋爱小程序\apps\api\src\main\java\com\campuslove\api\report\ReportController.java|88|B|P2|LocalDateTime.now() 未显式指定 ZoneId（JVM 默认时区）(report.setCreatedAt(LocalDateTime.now()|JVM 时区与 DB Asia/Shanghai 不一致时，时间戳/窗口判断错位|统一时钟源（Clock/ZoneId），或至少注释声明时区契约|open|batch-2|
R4-01101|d:\6\恋爱小程序\apps\api\src\main\java\com\campuslove\api\wallet\WalletController.java|202|B|P2|LocalDate.now() 未显式指定 ZoneId（JVM 默认时区）(String dateKey = LocalDate.now().forma)|JVM 时区与 DB Asia/Shanghai 不一致时，时间戳/窗口判断错位|统一时钟源（Clock/ZoneId），或至少注释声明时区契约|open|batch-2|
R4-01102|d:\6\恋爱小程序\apps\api\src\main\java\com\campuslove\api\report\ErrorReportController.java|69|B|P2|LocalDateTime.now() 未显式指定 ZoneId（JVM 默认时区）(report.setCreatedAt(LocalDateTime.now()|JVM 时区与 DB Asia/Shanghai 不一致时，时间戳/窗口判断错位|统一时钟源（Clock/ZoneId），或至少注释声明时区契约|open|batch-2|
R4-01103|d:\6\恋爱小程序\apps\api\src\main\java\com\campuslove\api\wallet\MockWalletServiceImpl.java|126|B|P2|LocalDateTime.now() 未显式指定 ZoneId（JVM 默认时区）(orderId, relatedType, relatedId, remar)|JVM 时区与 DB Asia/Shanghai 不一致时，时间戳/窗口判断错位|统一时钟源（Clock/ZoneId），或至少注释声明时区契约|open|batch-2|
R4-01104|d:\6\恋爱小程序\apps\api\src\main\java\com\campuslove\api\admin\SensitiveWordImportService.java|211|B|P2|LocalDateTime.now() 未显式指定 ZoneId（JVM 默认时区）(LocalDateTime now = LocalDateTime.now()|JVM 时区与 DB Asia/Shanghai 不一致时，时间戳/窗口判断错位|统一时钟源（Clock/ZoneId），或至少注释声明时区契约|open|batch-2|
R4-01105|d:\6\恋爱小程序\apps\api\src\main\java\com\campuslove\api\admin\RealAdminStatsService.java|88|B|P2|LocalDate.now() 未显式指定 ZoneId（JVM 默认时区）(LocalDateTime startOfToday = LocalDate)|JVM 时区与 DB Asia/Shanghai 不一致时，时间戳/窗口判断错位|统一时钟源（Clock/ZoneId），或至少注释声明时区契约|open|batch-2|
R4-01106|d:\6\恋爱小程序\apps\api\src\main\java\com\campuslove\api\admin\RealAdminStatsService.java|147|B|P2|LocalDate.now() 未显式指定 ZoneId（JVM 默认时区）(LocalDateTime startOfToday = LocalDate)|JVM 时区与 DB Asia/Shanghai 不一致时，时间戳/窗口判断错位|统一时钟源（Clock/ZoneId），或至少注释声明时区契约|open|batch-2|
R4-01107|d:\6\恋爱小程序\apps\api\src\main\java\com\campuslove\api\admin\RealAdminStatsService.java|179|B|P2|LocalDate.now() 未显式指定 ZoneId（JVM 默认时区）(LocalDateTime from = LocalDate.now().a)|JVM 时区与 DB Asia/Shanghai 不一致时，时间戳/窗口判断错位|统一时钟源（Clock/ZoneId），或至少注释声明时区契约|open|batch-2|
R4-01108|d:\6\恋爱小程序\apps\api\src\main\java\com\campuslove\api\admin\RealAdminStatsService.java|180|B|P2|LocalDateTime.now() 未显式指定 ZoneId（JVM 默认时区）(LocalDateTime to = LocalDateTime.now())|JVM 时区与 DB Asia/Shanghai 不一致时，时间戳/窗口判断错位|统一时钟源（Clock/ZoneId），或至少注释声明时区契约|open|batch-2|
R4-01109|d:\6\恋爱小程序\apps\api\src\main\java\com\campuslove\api\admin\RealAdminMatchConfigService.java|92|B|P2|LocalDateTime.now() 未显式指定 ZoneId（JVM 默认时区）(LocalDateTime now = LocalDateTime.now()|JVM 时区与 DB Asia/Shanghai 不一致时，时间戳/窗口判断错位|统一时钟源（Clock/ZoneId），或至少注释声明时区契约|open|batch-2|
R4-01110|d:\6\恋爱小程序\apps\api\src\main\java\com\campuslove\api\admin\RealAdminMatchConfigService.java|153|B|P2|LocalDateTime.now() 未显式指定 ZoneId（JVM 默认时区）(LocalDateTime now = LocalDateTime.now()|JVM 时区与 DB Asia/Shanghai 不一致时，时间戳/窗口判断错位|统一时钟源（Clock/ZoneId），或至少注释声明时区契约|open|batch-2|
R4-01111|d:\6\恋爱小程序\apps\api\src\main\java\com\campuslove\api\vip\PromoCodeService.java|155|B|P2|LocalDateTime.now() 未显式指定 ZoneId（JVM 默认时区）(usage.setUsedAt(LocalDateTime.now());)|JVM 时区与 DB Asia/Shanghai 不一致时，时间戳/窗口判断错位|统一时钟源（Clock/ZoneId），或至少注释声明时区契约|open|batch-2|
R4-01112|d:\6\恋爱小程序\apps\api\src\main\java\com\campuslove\api\vip\PromoCodeService.java|204|B|P2|LocalDateTime.now() 未显式指定 ZoneId（JVM 默认时区）(LocalDateTime now = LocalDateTime.now()|JVM 时区与 DB Asia/Shanghai 不一致时，时间戳/窗口判断错位|统一时钟源（Clock/ZoneId），或至少注释声明时区契约|open|batch-2|
R4-01113|d:\6\恋爱小程序\apps\api\src\main\java\com\campuslove\api\admin\RealAdminConfigService.java|126|B|P2|LocalDateTime.now() 未显式指定 ZoneId（JVM 默认时区）(config.setUpdatedAt(LocalDateTime.now()|JVM 时区与 DB Asia/Shanghai 不一致时，时间戳/窗口判断错位|统一时钟源（Clock/ZoneId），或至少注释声明时区契约|open|batch-2|
R4-01114|d:\6\恋爱小程序\apps\api\src\main\java\com\campuslove\api\admin\RealAdminConfigService.java|183|B|P2|LocalDateTime.now() 未显式指定 ZoneId（JVM 默认时区）(rule.setUpdatedAt(LocalDateTime.now()))|JVM 时区与 DB Asia/Shanghai 不一致时，时间戳/窗口判断错位|统一时钟源（Clock/ZoneId），或至少注释声明时区契约|open|batch-2|
R4-01115|d:\6\恋爱小程序\apps\api\src\main\java\com\campuslove\api\admin\RealAdminConfigService.java|212|B|P2|LocalDateTime.now() 未显式指定 ZoneId（JVM 默认时区）(sw.setUpdatedAt(LocalDateTime.now());)|JVM 时区与 DB Asia/Shanghai 不一致时，时间戳/窗口判断错位|统一时钟源（Clock/ZoneId），或至少注释声明时区契约|open|batch-2|
R4-01116|d:\6\恋爱小程序\apps\api\src\main\java\com\campuslove\api\profile\ProfileVisitorController.java|195|B|P2|LocalDateTime.now() 未显式指定 ZoneId（JVM 默认时区）(LocalDateTime.now().format(FORMATTER)))|JVM 时区与 DB Asia/Shanghai 不一致时，时间戳/窗口判断错位|统一时钟源（Clock/ZoneId），或至少注释声明时区契约|open|batch-2|
R4-01117|d:\6\恋爱小程序\apps\api\src\main\java\com\campuslove\api\profile\ProfileVisitorController.java|205|B|P2|LocalDate.now() 未显式指定 ZoneId（JVM 默认时区）(LocalDate today = LocalDate.now();)|JVM 时区与 DB Asia/Shanghai 不一致时，时间戳/窗口判断错位|统一时钟源（Clock/ZoneId），或至少注释声明时区契约|open|batch-2|
R4-01118|d:\6\恋爱小程序\apps\api\src\main\java\com\campuslove\api\profile\ProfileVisitorController.java|220|B|P2|LocalDateTime.now() 未显式指定 ZoneId（JVM 默认时区）(LocalDateTime.now().format(FORMATTER))|JVM 时区与 DB Asia/Shanghai 不一致时，时间戳/窗口判断错位|统一时钟源（Clock/ZoneId），或至少注释声明时区契约|open|batch-2|
R4-01119|d:\6\恋爱小程序\apps\api\src\main\java\com\campuslove\api\profile\ProfileVisitorController.java|225|B|P2|LocalDateTime.now() 未显式指定 ZoneId（JVM 默认时区）(ProfileVisitor record = new ProfileVis)|JVM 时区与 DB Asia/Shanghai 不一致时，时间戳/窗口判断错位|统一时钟源（Clock/ZoneId），或至少注释声明时区契约|open|batch-2|
R4-01120|d:\6\恋爱小程序\apps\api\src\main\java\com\campuslove\api\discover\RealDailyQuestionService.java|76|B|P2|now() 未显式指定 ZoneId（JVM 默认时区）(key = "#userId + ':' + T(java.time.Loc)|JVM 时区与 DB Asia/Shanghai 不一致时，时间戳/窗口判断错位|统一时钟源（Clock/ZoneId），或至少注释声明时区契约|open|batch-2|
R4-01121|d:\6\恋爱小程序\apps\api\src\main\java\com\campuslove\api\discover\RealDailyQuestionService.java|78|B|P2|LocalDate.now() 未显式指定 ZoneId（JVM 默认时区）(LocalDate today = LocalDate.now();)|JVM 时区与 DB Asia/Shanghai 不一致时，时间戳/窗口判断错位|统一时钟源（Clock/ZoneId），或至少注释声明时区契约|open|batch-2|
R4-01122|d:\6\恋爱小程序\apps\api\src\main\java\com\campuslove\api\discover\RealDailyQuestionService.java|125|B|P2|now() 未显式指定 ZoneId（JVM 默认时区）(key = "#userId + ':' + T(java.time.Loc)|JVM 时区与 DB Asia/Shanghai 不一致时，时间戳/窗口判断错位|统一时钟源（Clock/ZoneId），或至少注释声明时区契约|open|batch-2|
R4-01123|d:\6\恋爱小程序\apps\api\src\main\java\com\campuslove\api\discover\RealDailyQuestionService.java|151|B|P2|LocalDateTime.now() 未显式指定 ZoneId（JVM 默认时区）(LocalDateTime now = LocalDateTime.now()|JVM 时区与 DB Asia/Shanghai 不一致时，时间戳/窗口判断错位|统一时钟源（Clock/ZoneId），或至少注释声明时区契约|open|batch-2|
R4-01124|d:\6\恋爱小程序\apps\api\src\main\java\com\campuslove\api\discover\UserPreferenceCalculator.java|89|B|P2|LocalDateTime.now() 未显式指定 ZoneId（JVM 默认时区）(LocalDateTime now = LocalDateTime.now()|JVM 时区与 DB Asia/Shanghai 不一致时，时间戳/窗口判断错位|统一时钟源（Clock/ZoneId），或至少注释声明时区契约|open|batch-2|
R4-01125|d:\6\恋爱小程序\apps\api\src\main\java\com\campuslove\api\discover\UserPreferenceCalculator.java|135|B|P2|LocalDateTime.now() 未显式指定 ZoneId（JVM 默认时区）(LocalDateTime now = LocalDateTime.now()|JVM 时区与 DB Asia/Shanghai 不一致时，时间戳/窗口判断错位|统一时钟源（Clock/ZoneId），或至少注释声明时区契约|open|batch-2|
R4-01126|d:\6\恋爱小程序\apps\api\src\main\java\com\campuslove\api\profile\ProfileUpdateService.java|115|B|P2|LocalDateTime.now() 未显式指定 ZoneId（JVM 默认时区）(LocalDateTime now = LocalDateTime.now()|JVM 时区与 DB Asia/Shanghai 不一致时，时间戳/窗口判断错位|统一时钟源（Clock/ZoneId），或至少注释声明时区契约|open|batch-2|
R4-01127|d:\6\恋爱小程序\apps\api\src\main\java\com\campuslove\api\profile\ProfileUpdateService.java|205|B|P2|LocalDateTime.now() 未显式指定 ZoneId（JVM 默认时区）(user.setUpdatedAt(LocalDateTime.now()))|JVM 时区与 DB Asia/Shanghai 不一致时，时间戳/窗口判断错位|统一时钟源（Clock/ZoneId），或至少注释声明时区契约|open|batch-2|
R4-01128|d:\6\恋爱小程序\apps\api\src\main\java\com\campuslove\api\profile\ProfileUpdateService.java|209|B|P2|LocalDateTime.now() 未显式指定 ZoneId（JVM 默认时区）(profile.setUpdatedAt(LocalDateTime.now)|JVM 时区与 DB Asia/Shanghai 不一致时，时间戳/窗口判断错位|统一时钟源（Clock/ZoneId），或至少注释声明时区契约|open|batch-2|
R4-01129|d:\6\恋爱小程序\apps\api\src\main\java\com\campuslove\api\profile\ProfileUpdateService.java|224|B|P2|LocalDateTime.now() 未显式指定 ZoneId（JVM 默认时区）(profile.setUpdatedAt(LocalDateTime.now)|JVM 时区与 DB Asia/Shanghai 不一致时，时间戳/窗口判断错位|统一时钟源（Clock/ZoneId），或至少注释声明时区契约|open|batch-2|
R4-01130|d:\6\恋爱小程序\apps\api\src\main\java\com\campuslove\api\profile\ProfileUpdateService.java|252|B|P2|LocalDateTime.now() 未显式指定 ZoneId（JVM 默认时区）(profile.setUpdatedAt(LocalDateTime.now)|JVM 时区与 DB Asia/Shanghai 不一致时，时间戳/窗口判断错位|统一时钟源（Clock/ZoneId），或至少注释声明时区契约|open|batch-2|
R4-01131|d:\6\恋爱小程序\apps\api\src\main\java\com\campuslove\api\profile\ProfileUpdateService.java|278|B|P2|LocalDateTime.now() 未显式指定 ZoneId（JVM 默认时区）(profile.setUpdatedAt(LocalDateTime.now)|JVM 时区与 DB Asia/Shanghai 不一致时，时间戳/窗口判断错位|统一时钟源（Clock/ZoneId），或至少注释声明时区契约|open|batch-2|
R4-01132|d:\6\恋爱小程序\apps\api\src\main\java\com\campuslove\api\profile\ProfileUpdateService.java|294|B|P2|LocalDateTime.now() 未显式指定 ZoneId（JVM 默认时区）(profile.setUpdatedAt(LocalDateTime.now)|JVM 时区与 DB Asia/Shanghai 不一致时，时间戳/窗口判断错位|统一时钟源（Clock/ZoneId），或至少注释声明时区契约|open|batch-2|
R4-01133|d:\6\恋爱小程序\apps\api\src\main\java\com\campuslove\api\profile\ProfileUpdateService.java|310|B|P2|LocalDateTime.now() 未显式指定 ZoneId（JVM 默认时区）(profile.setUpdatedAt(LocalDateTime.now)|JVM 时区与 DB Asia/Shanghai 不一致时，时间戳/窗口判断错位|统一时钟源（Clock/ZoneId），或至少注释声明时区契约|open|batch-2|
R4-01134|d:\6\恋爱小程序\apps\api\src\main\java\com\campuslove\api\profile\ProfileUpdateService.java|325|B|P2|LocalDateTime.now() 未显式指定 ZoneId（JVM 默认时区）(LocalDateTime now = LocalDateTime.now()|JVM 时区与 DB Asia/Shanghai 不一致时，时间戳/窗口判断错位|统一时钟源（Clock/ZoneId），或至少注释声明时区契约|open|batch-2|
R4-01135|d:\6\恋爱小程序\apps\api\src\main\java\com\campuslove\api\profile\ProfileUpdateService.java|367|B|P2|LocalDateTime.now() 未显式指定 ZoneId（JVM 默认时区）(LocalDateTime now = LocalDateTime.now()|JVM 时区与 DB Asia/Shanghai 不一致时，时间戳/窗口判断错位|统一时钟源（Clock/ZoneId），或至少注释声明时区契约|open|batch-2|
R4-01136|d:\6\恋爱小程序\apps\api\src\main\java\com\campuslove\api\profile\ProfileUpdateService.java|471|B|P2|LocalDateTime.now() 未显式指定 ZoneId（JVM 默认时区）(newProfile.setCreatedAt(LocalDateTime.)|JVM 时区与 DB Asia/Shanghai 不一致时，时间戳/窗口判断错位|统一时钟源（Clock/ZoneId），或至少注释声明时区契约|open|batch-2|
R4-01137|d:\6\恋爱小程序\apps\api\src\main\java\com\campuslove\api\discover\RealCircleService.java|223|B|P2|LocalDateTime.now() 未显式指定 ZoneId（JVM 默认时区）(membership.setJoinedAt(LocalDateTime.n)|JVM 时区与 DB Asia/Shanghai 不一致时，时间戳/窗口判断错位|统一时钟源（Clock/ZoneId），或至少注释声明时区契约|open|batch-2|
R4-01138|d:\6\恋爱小程序\apps\api\src\main\java\com\campuslove\api\discover\RealCircleService.java|373|B|P2|LocalDateTime.now() 未显式指定 ZoneId（JVM 默认时区）(LocalDateTime now = LocalDateTime.now()|JVM 时区与 DB Asia/Shanghai 不一致时，时间戳/窗口判断错位|统一时钟源（Clock/ZoneId），或至少注释声明时区契约|open|batch-2|
R4-01139|d:\6\恋爱小程序\apps\api\src\main\java\com\campuslove\api\discover\RealCircleService.java|445|B|P2|LocalDateTime.now() 未显式指定 ZoneId（JVM 默认时区）(LocalDateTime now = LocalDateTime.now()|JVM 时区与 DB Asia/Shanghai 不一致时，时间戳/窗口判断错位|统一时钟源（Clock/ZoneId），或至少注释声明时区契约|open|batch-2|
R4-01140|d:\6\恋爱小程序\apps\api\src\main\java\com\campuslove\api\growth\WeChatPushService.java|268|B|P2|LocalDateTime.now() 未显式指定 ZoneId（JVM 默认时区）(data.put("time3", new TemplateDataItem)|JVM 时区与 DB Asia/Shanghai 不一致时，时间戳/窗口判断错位|统一时钟源（Clock/ZoneId），或至少注释声明时区契约|open|batch-2|
R4-01141|d:\6\恋爱小程序\apps\api\src\main\java\com\campuslove\api\growth\WeChatPushService.java|292|B|P2|LocalDateTime.now() 未显式指定 ZoneId（JVM 默认时区）(data.put("time3", new TemplateDataItem)|JVM 时区与 DB Asia/Shanghai 不一致时，时间戳/窗口判断错位|统一时钟源（Clock/ZoneId），或至少注释声明时区契约|open|batch-2|
R4-01142|d:\6\恋爱小程序\apps\api\src\main\java\com\campuslove\api\discover\RealActivityService.java|138|B|P2|LocalDateTime.now() 未显式指定 ZoneId（JVM 默认时区）(LocalDateTime now = LocalDateTime.now()|JVM 时区与 DB Asia/Shanghai 不一致时，时间戳/窗口判断错位|统一时钟源（Clock/ZoneId），或至少注释声明时区契约|open|batch-2|
R4-01143|d:\6\恋爱小程序\apps\api\src\main\java\com\campuslove\api\discover\RecommendationStrategy.java|499|B|P2|LocalDateTime.now() 未显式指定 ZoneId（JVM 默认时区）(LocalDateTime since = LocalDateTime.no)|JVM 时区与 DB Asia/Shanghai 不一致时，时间戳/窗口判断错位|统一时钟源（Clock/ZoneId），或至少注释声明时区契约|open|batch-2|
R4-01144|d:\6\恋爱小程序\apps\api\src\main\java\com\campuslove\api\profile\FollowService.java|76|B|P2|LocalDateTime.now() 未显式指定 ZoneId（JVM 默认时区）(LocalDateTime now = LocalDateTime.now()|JVM 时区与 DB Asia/Shanghai 不一致时，时间戳/窗口判断错位|统一时钟源（Clock/ZoneId），或至少注释声明时区契约|open|batch-2|
R4-01145|d:\6\恋爱小程序\apps\api\src\main\java\com\campuslove\api\profile\FollowService.java|133|B|P2|LocalDateTime.now() 未显式指定 ZoneId（JVM 默认时区）(LocalDateTime now = LocalDateTime.now()|JVM 时区与 DB Asia/Shanghai 不一致时，时间戳/窗口判断错位|统一时钟源（Clock/ZoneId），或至少注释声明时区契约|open|batch-2|
R4-01146|d:\6\恋爱小程序\apps\api\src\main\java\com\campuslove\api\discover\MockRecommendationService.java|101|B|P2|LocalDate.now() 未显式指定 ZoneId（JVM 默认时区）(LocalDate.now().plusDays(1),)|JVM 时区与 DB Asia/Shanghai 不一致时，时间戳/窗口判断错位|统一时钟源（Clock/ZoneId），或至少注释声明时区契约|open|batch-2|
R4-01147|d:\6\恋爱小程序\apps\api\src\main\java\com\campuslove\api\discover\RecommendationRanker.java|415|B|P2|Year.now() 未显式指定 ZoneId（JVM 默认时区）(? Year.now().getValue() - basicProfile)|JVM 时区与 DB Asia/Shanghai 不一致时，时间戳/窗口判断错位|统一时钟源（Clock/ZoneId），或至少注释声明时区契约|open|batch-2|
R4-01148|d:\6\恋爱小程序\apps\api\src\main\java\com\campuslove\api\growth\RecommendQuotaService.java|104|B|P2|LocalDate.now() 未显式指定 ZoneId（JVM 默认时区）(String dateKey = LocalDate.now().forma)|JVM 时区与 DB Asia/Shanghai 不一致时，时间戳/窗口判断错位|统一时钟源（Clock/ZoneId），或至少注释声明时区契约|open|batch-2|
R4-01149|d:\6\恋爱小程序\apps\api\src\main\java\com\campuslove\api\growth\RecommendQuotaService.java|129|B|P2|LocalDate.now() 未显式指定 ZoneId（JVM 默认时区）(String dateKey = LocalDate.now().forma)|JVM 时区与 DB Asia/Shanghai 不一致时，时间戳/窗口判断错位|统一时钟源（Clock/ZoneId），或至少注释声明时区契约|open|batch-2|
R4-01150|d:\6\恋爱小程序\apps\api\src\main\java\com\campuslove\api\discover\MockDailyQuestionService.java|32|B|P2|LocalDate.now() 未显式指定 ZoneId（JVM 默认时区）(LocalDate today = LocalDate.now();)|JVM 时区与 DB Asia/Shanghai 不一致时，时间戳/窗口判断错位|统一时钟源（Clock/ZoneId），或至少注释声明时区契约|open|batch-2|
R4-01151|d:\6\恋爱小程序\apps\api\src\main\java\com\campuslove\api\discover\MockDailyQuestionService.java|128|B|P2|LocalDateTime.now() 未显式指定 ZoneId（JVM 默认时区）(LocalDateTime.now().minusHours(1),)|JVM 时区与 DB Asia/Shanghai 不一致时，时间戳/窗口判断错位|统一时钟源（Clock/ZoneId），或至少注释声明时区契约|open|batch-2|
R4-01152|d:\6\恋爱小程序\apps\api\src\main\java\com\campuslove\api\discover\MockDailyQuestionService.java|138|B|P2|LocalDateTime.now() 未显式指定 ZoneId（JVM 默认时区）(LocalDateTime.now().minusHours(2),)|JVM 时区与 DB Asia/Shanghai 不一致时，时间戳/窗口判断错位|统一时钟源（Clock/ZoneId），或至少注释声明时区契约|open|batch-2|
R4-01153|d:\6\恋爱小程序\apps\api\src\main\java\com\campuslove\api\discover\MockDailyQuestionService.java|148|B|P2|LocalDateTime.now() 未显式指定 ZoneId（JVM 默认时区）(LocalDateTime.now().minusHours(3),)|JVM 时区与 DB Asia/Shanghai 不一致时，时间戳/窗口判断错位|统一时钟源（Clock/ZoneId），或至少注释声明时区契约|open|batch-2|
R4-01154|d:\6\恋爱小程序\apps\api\src\main\java\com\campuslove\api\discover\MockDailyQuestionService.java|168|B|P2|LocalDateTime.now() 未显式指定 ZoneId（JVM 默认时区）(LocalDateTime.now(),)|JVM 时区与 DB Asia/Shanghai 不一致时，时间戳/窗口判断错位|统一时钟源（Clock/ZoneId），或至少注释声明时区契约|open|batch-2|
R4-01155|d:\6\恋爱小程序\apps\api\src\main\java\com\campuslove\api\growth\RealSocialProgressService.java|91|B|P2|LocalDateTime.now() 未显式指定 ZoneId（JVM 默认时区）(progress.setUpdatedAt(LocalDateTime.no)|JVM 时区与 DB Asia/Shanghai 不一致时，时间戳/窗口判断错位|统一时钟源（Clock/ZoneId），或至少注释声明时区契约|open|batch-2|
R4-01156|d:\6\恋爱小程序\apps\api\src\main\java\com\campuslove\api\growth\RealSocialProgressService.java|111|B|P2|LocalDateTime.now() 未显式指定 ZoneId（JVM 默认时区）(progress.setUpdatedAt(LocalDateTime.no)|JVM 时区与 DB Asia/Shanghai 不一致时，时间戳/窗口判断错位|统一时钟源（Clock/ZoneId），或至少注释声明时区契约|open|batch-2|
R4-01157|d:\6\恋爱小程序\apps\api\src\main\java\com\campuslove\api\growth\RealSocialProgressService.java|135|B|P2|LocalDateTime.now() 未显式指定 ZoneId（JVM 默认时区）(progress.setUpdatedAt(LocalDateTime.no)|JVM 时区与 DB Asia/Shanghai 不一致时，时间戳/窗口判断错位|统一时钟源（Clock/ZoneId），或至少注释声明时区契约|open|batch-2|
R4-01158|d:\6\恋爱小程序\apps\api\src\main\java\com\campuslove\api\growth\RealSocialProgressService.java|158|B|P2|LocalDateTime.now() 未显式指定 ZoneId（JVM 默认时区）(progress.setUpdatedAt(LocalDateTime.no)|JVM 时区与 DB Asia/Shanghai 不一致时，时间戳/窗口判断错位|统一时钟源（Clock/ZoneId），或至少注释声明时区契约|open|batch-2|
R4-01159|d:\6\恋爱小程序\apps\api\src\main\java\com\campuslove\api\growth\RealSocialProgressService.java|181|B|P2|LocalDateTime.now() 未显式指定 ZoneId（JVM 默认时区）(progress.setUpdatedAt(LocalDateTime.no)|JVM 时区与 DB Asia/Shanghai 不一致时，时间戳/窗口判断错位|统一时钟源（Clock/ZoneId），或至少注释声明时区契约|open|batch-2|
R4-01160|d:\6\恋爱小程序\apps\api\src\main\java\com\campuslove\api\growth\RealSocialProgressService.java|204|B|P2|LocalDateTime.now() 未显式指定 ZoneId（JVM 默认时区）(progress.setUpdatedAt(LocalDateTime.no)|JVM 时区与 DB Asia/Shanghai 不一致时，时间戳/窗口判断错位|统一时钟源（Clock/ZoneId），或至少注释声明时区契约|open|batch-2|
R4-01161|d:\6\恋爱小程序\apps\api\src\main\java\com\campuslove\api\growth\RealSocialProgressService.java|236|B|P2|LocalDateTime.now() 未显式指定 ZoneId（JVM 默认时区）(newProgress.setUpdatedAt(LocalDateTime)|JVM 时区与 DB Asia/Shanghai 不一致时，时间戳/窗口判断错位|统一时钟源（Clock/ZoneId），或至少注释声明时区契约|open|batch-2|
R4-01162|d:\6\恋爱小程序\apps\api\src\main\java\com\campuslove\api\discover\MockCircleService.java|118|B|P2|LocalDateTime.now() 未显式指定 ZoneId（JVM 默认时区）(LocalDateTime.now())|JVM 时区与 DB Asia/Shanghai 不一致时，时间戳/窗口判断错位|统一时钟源（Clock/ZoneId），或至少注释声明时区契约|open|batch-2|
R4-01163|d:\6\恋爱小程序\apps\api\src\main\java\com\campuslove\api\discover\MockCircleService.java|170|B|P2|LocalDateTime.now() 未显式指定 ZoneId（JVM 默认时区）(LocalDateTime.now())|JVM 时区与 DB Asia/Shanghai 不一致时，时间戳/窗口判断错位|统一时钟源（Clock/ZoneId），或至少注释声明时区契约|open|batch-2|
R4-01164|d:\6\恋爱小程序\apps\api\src\main\java\com\campuslove\api\discover\MockCircleService.java|245|B|P2|LocalDateTime.now() 未显式指定 ZoneId（JVM 默认时区）(List.of("https://picsum.photos/400/300)|JVM 时区与 DB Asia/Shanghai 不一致时，时间戳/窗口判断错位|统一时钟源（Clock/ZoneId），或至少注释声明时区契约|open|batch-2|
R4-01165|d:\6\恋爱小程序\apps\api\src\main\java\com\campuslove\api\discover\MockCircleService.java|249|B|P2|LocalDateTime.now() 未显式指定 ZoneId（JVM 默认时区）(LocalDateTime.now().minusHours(5)))|JVM 时区与 DB Asia/Shanghai 不一致时，时间戳/窗口判断错位|统一时钟源（Clock/ZoneId），或至少注释声明时区契约|open|batch-2|
R4-01166|d:\6\恋爱小程序\apps\api\src\main\java\com\campuslove\api\discover\MockCircleService.java|255|B|P2|LocalDateTime.now() 未显式指定 ZoneId（JVM 默认时区）(null, 23, 1004L, "许诺", LocalDateTime.n)|JVM 时区与 DB Asia/Shanghai 不一致时，时间戳/窗口判断错位|统一时钟源（Clock/ZoneId），或至少注释声明时区契约|open|batch-2|
R4-01167|d:\6\恋爱小程序\apps\api\src\main\java\com\campuslove\api\discover\MockCircleService.java|261|B|P2|LocalDateTime.now() 未显式指定 ZoneId（JVM 默认时区）(null, 15, 1002L, "林安", LocalDateTime.n)|JVM 时区与 DB Asia/Shanghai 不一致时，时间戳/窗口判断错位|统一时钟源（Clock/ZoneId），或至少注释声明时区契约|open|batch-2|
R4-01168|d:\6\恋爱小程序\apps\api\src\main\java\com\campuslove\api\discover\MockCircleService.java|272|B|P2|LocalDateTime.now() 未显式指定 ZoneId（JVM 默认时区）(LocalDateTime.now().minusHours(1)),)|JVM 时区与 DB Asia/Shanghai 不一致时，时间戳/窗口判断错位|统一时钟源（Clock/ZoneId），或至少注释声明时区契约|open|batch-2|
R4-01169|d:\6\恋爱小程序\apps\api\src\main\java\com\campuslove\api\discover\MockCircleService.java|274|B|P2|LocalDateTime.now() 未显式指定 ZoneId（JVM 默认时区）(LocalDateTime.now().minusMinutes(30)))|JVM 时区与 DB Asia/Shanghai 不一致时，时间戳/窗口判断错位|统一时钟源（Clock/ZoneId），或至少注释声明时区契约|open|batch-2|
R4-01170|d:\6\恋爱小程序\apps\api\src\main\java\com\campuslove\api\discover\MockCircleService.java|279|B|P2|LocalDateTime.now() 未显式指定 ZoneId（JVM 默认时区）(LocalDateTime.now().minusMinutes(45)))|JVM 时区与 DB Asia/Shanghai 不一致时，时间戳/窗口判断错位|统一时钟源（Clock/ZoneId），或至少注释声明时区契约|open|batch-2|
R4-01171|d:\6\恋爱小程序\apps\api\src\main\java\com\campuslove\api\growth\RealPushSummaryService.java|109|B|P2|LocalDate.now() 未显式指定 ZoneId（JVM 默认时区）(LocalDate today = LocalDate.now();)|JVM 时区与 DB Asia/Shanghai 不一致时，时间戳/窗口判断错位|统一时钟源（Clock/ZoneId），或至少注释声明时区契约|open|batch-2|
R4-01172|d:\6\恋爱小程序\apps\api\src\main\java\com\campuslove\api\growth\RealPushSummaryService.java|123|B|P2|LocalDateTime.now() 未显式指定 ZoneId（JVM 默认时区）(LocalDateTime since24h = LocalDateTime)|JVM 时区与 DB Asia/Shanghai 不一致时，时间戳/窗口判断错位|统一时钟源（Clock/ZoneId），或至少注释声明时区契约|open|batch-2|
R4-01173|d:\6\恋爱小程序\apps\api\src\main\java\com\campuslove\api\growth\RealPushSummaryService.java|191|B|P2|LocalDateTime.now() 未显式指定 ZoneId（JVM 默认时区）(summary.setGeneratedAt(LocalDateTime.n)|JVM 时区与 DB Asia/Shanghai 不一致时，时间戳/窗口判断错位|统一时钟源（Clock/ZoneId），或至少注释声明时区契约|open|batch-2|
R4-01174|d:\6\恋爱小程序\apps\api\src\main\java\com\campuslove\api\growth\RealPushSummaryService.java|224|B|P2|LocalDate.now() 未显式指定 ZoneId（JVM 默认时区）(LocalDate today = LocalDate.now();)|JVM 时区与 DB Asia/Shanghai 不一致时，时间戳/窗口判断错位|统一时钟源（Clock/ZoneId），或至少注释声明时区契约|open|batch-2|
R4-01175|d:\6\恋爱小程序\apps\api\src\main\java\com\campuslove\api\growth\RealPushSummaryService.java|245|B|P2|LocalTime.now() 未显式指定 ZoneId（JVM 默认时区）(LocalTime now = LocalTime.now();)|JVM 时区与 DB Asia/Shanghai 不一致时，时间戳/窗口判断错位|统一时钟源（Clock/ZoneId），或至少注释声明时区契约|open|batch-2|
R4-01176|d:\6\恋爱小程序\apps\api\src\main\java\com\campuslove\api\growth\RealPushSummaryService.java|272|B|P2|LocalDateTime.now() 未显式指定 ZoneId（JVM 默认时区）(summary.setGeneratedAt(LocalDateTime.n)|JVM 时区与 DB Asia/Shanghai 不一致时，时间戳/窗口判断错位|统一时钟源（Clock/ZoneId），或至少注释声明时区契约|open|batch-2|
R4-01177|d:\6\恋爱小程序\apps\api\src\main\java\com\campuslove\api\growth\RealPushSummaryService.java|315|B|P2|LocalDateTime.now() 未显式指定 ZoneId（JVM 默认时区）(summary.setSentAt(LocalDateTime.now()))|JVM 时区与 DB Asia/Shanghai 不一致时，时间戳/窗口判断错位|统一时钟源（Clock/ZoneId），或至少注释声明时区契约|open|batch-2|
R4-01178|d:\6\恋爱小程序\apps\api\src\main\java\com\campuslove\api\discover\RealRecommendationService.java|226|B|P2|LocalDateTime.now() 未显式指定 ZoneId（JVM 默认时区）(LocalDateTime now = LocalDateTime.now()|JVM 时区与 DB Asia/Shanghai 不一致时，时间戳/窗口判断错位|统一时钟源（Clock/ZoneId），或至少注释声明时区契约|open|batch-2|
R4-01179|d:\6\恋爱小程序\apps\api\src\main\java\com\campuslove\api\discover\RealRecommendationService.java|274|B|P2|LocalDateTime.now() 未显式指定 ZoneId（JVM 默认时区）(.setParameter("now", LocalDateTime.now)|JVM 时区与 DB Asia/Shanghai 不一致时，时间戳/窗口判断错位|统一时钟源（Clock/ZoneId），或至少注释声明时区契约|open|batch-2|
R4-01180|d:\6\恋爱小程序\apps\api\src\main\java\com\campuslove\api\discover\RealRecommendationService.java|285|B|P2|LocalDateTime.now() 未显式指定 ZoneId（JVM 默认时区）(activity.setUpdatedAt(LocalDateTime.no)|JVM 时区与 DB Asia/Shanghai 不一致时，时间戳/窗口判断错位|统一时钟源（Clock/ZoneId），或至少注释声明时区契约|open|batch-2|
R4-01181|d:\6\恋爱小程序\apps\api\src\main\java\com\campuslove\api\discover\MockActivityService.java|43|B|P2|LocalDate.now() 未显式指定 ZoneId（JVM 默认时区）(LocalDate.now().plusDays(1))|JVM 时区与 DB Asia/Shanghai 不一致时，时间戳/窗口判断错位|统一时钟源（Clock/ZoneId），或至少注释声明时区契约|open|batch-2|
R4-01182|d:\6\恋爱小程序\apps\api\src\main\java\com\campuslove\api\discover\MockActivityService.java|73|B|P2|LocalDate.now() 未显式指定 ZoneId（JVM 默认时区）(LocalDate.now().plusDays(1),)|JVM 时区与 DB Asia/Shanghai 不一致时，时间戳/窗口判断错位|统一时钟源（Clock/ZoneId），或至少注释声明时区契约|open|batch-2|
R4-01183|d:\6\恋爱小程序\apps\api\src\main\java\com\campuslove\api\growth\RealPushPreferenceService.java|97|B|P2|LocalDateTime.now() 未显式指定 ZoneId（JVM 默认时区）(preference.setUpdatedAt(LocalDateTime.)|JVM 时区与 DB Asia/Shanghai 不一致时，时间戳/窗口判断错位|统一时钟源（Clock/ZoneId），或至少注释声明时区契约|open|batch-2|
R4-01184|d:\6\恋爱小程序\apps\api\src\main\java\com\campuslove\api\vip\BillingService.java|151|B|P2|LocalDateTime.now() 未显式指定 ZoneId（JVM 默认时区）(bill.setCreatedAt(java.time.LocalDateT)|JVM 时区与 DB Asia/Shanghai 不一致时，时间戳/窗口判断错位|统一时钟源（Clock/ZoneId），或至少注释声明时区契约|open|batch-2|
R4-01185|d:\6\恋爱小程序\apps\api\src\main\java\com\campuslove\api\vip\BillingService.java|270|B|P2|LocalDateTime.now() 未显式指定 ZoneId（JVM 默认时区）(LocalDateTime now = LocalDateTime.now()|JVM 时区与 DB Asia/Shanghai 不一致时，时间戳/窗口判断错位|统一时钟源（Clock/ZoneId），或至少注释声明时区契约|open|batch-2|
R4-01186|d:\6\恋爱小程序\apps\api\src\main\java\com\campuslove\api\vip\BillingService.java|313|B|P2|LocalDateTime.now() 未显式指定 ZoneId（JVM 默认时区）(logEntry.setCreatedAt(LocalDateTime.no)|JVM 时区与 DB Asia/Shanghai 不一致时，时间戳/窗口判断错位|统一时钟源（Clock/ZoneId），或至少注释声明时区契约|open|batch-2|
R4-01187|d:\6\恋爱小程序\apps\api\src\main\java\com\campuslove\api\mock\MockVillageService.java|193|B|P2|LocalDateTime.now() 未显式指定 ZoneId（JVM 默认时区）(LocalDateTime.now(), LocalDateTime.now)|JVM 时区与 DB Asia/Shanghai 不一致时，时间戳/窗口判断错位|统一时钟源（Clock/ZoneId），或至少注释声明时区契约|open|batch-2|
R4-01188|d:\6\恋爱小程序\apps\api\src\main\java\com\campuslove\api\mock\MockVillageService.java|232|B|P2|LocalDateTime.now() 未显式指定 ZoneId（JVM 默认时区）(defaultUserName(), null, LocalDateTime)|JVM 时区与 DB Asia/Shanghai 不一致时，时间戳/窗口判断错位|统一时钟源（Clock/ZoneId），或至少注释声明时区契约|open|batch-2|
R4-01189|d:\6\恋爱小程序\apps\api\src\main\java\com\campuslove\api\mock\MockVillageService.java|251|B|P2|LocalDateTime.now() 未显式指定 ZoneId（JVM 默认时区）(userId, defaultUserName(), LocalDateTi)|JVM 时区与 DB Asia/Shanghai 不一致时，时间戳/窗口判断错位|统一时钟源（Clock/ZoneId），或至少注释声明时区契约|open|batch-2|
R4-01190|d:\6\恋爱小程序\apps\api\src\main\java\com\campuslove\api\mock\MockVillageService.java|277|B|P2|LocalDateTime.now() 未显式指定 ZoneId（JVM 默认时区）(LocalDateTime.now(), LocalDateTime.now)|JVM 时区与 DB Asia/Shanghai 不一致时，时间戳/窗口判断错位|统一时钟源（Clock/ZoneId），或至少注释声明时区契约|open|batch-2|
R4-01191|d:\6\恋爱小程序\apps\api\src\main\java\com\campuslove\api\mock\MockVillageService.java|315|B|P2|LocalDateTime.now() 未显式指定 ZoneId（JVM 默认时区）(LocalDateTime.now().toString())))|JVM 时区与 DB Asia/Shanghai 不一致时，时间戳/窗口判断错位|统一时钟源（Clock/ZoneId），或至少注释声明时区契约|open|batch-2|
R4-01192|d:\6\恋爱小程序\apps\api\src\main\java\com\campuslove\api\mock\MockVillageService.java|370|B|P2|LocalDateTime.now() 未显式指定 ZoneId（JVM 默认时区）(LocalDateTime.now().minusDays(1).toStr)|JVM 时区与 DB Asia/Shanghai 不一致时，时间戳/窗口判断错位|统一时钟源（Clock/ZoneId），或至少注释声明时区契约|open|batch-2|
R4-01193|d:\6\恋爱小程序\apps\api\src\main\java\com\campuslove\api\mock\MockVillageService.java|372|B|P2|LocalDateTime.now() 未显式指定 ZoneId（JVM 默认时区）(LocalDateTime.now().minusDays(2).toStr)|JVM 时区与 DB Asia/Shanghai 不一致时，时间戳/窗口判断错位|统一时钟源（Clock/ZoneId），或至少注释声明时区契约|open|batch-2|
R4-01194|d:\6\恋爱小程序\apps\api\src\main\java\com\campuslove\api\mock\MockVillageService.java|474|B|P2|LocalDateTime.now() 未显式指定 ZoneId（JVM 默认时区）(1002L, "林安", "/uploads/mock/avatar-lin)|JVM 时区与 DB Asia/Shanghai 不一致时，时间戳/窗口判断错位|统一时钟源（Clock/ZoneId），或至少注释声明时区契约|open|batch-2|
R4-01195|d:\6\恋爱小程序\apps\api\src\main\java\com\campuslove\api\mock\MockVillageService.java|481|B|P2|LocalDateTime.now() 未显式指定 ZoneId（JVM 默认时区）(1003L, "周沐", "/uploads/mock/avatar-zho)|JVM 时区与 DB Asia/Shanghai 不一致时，时间戳/窗口判断错位|统一时钟源（Clock/ZoneId），或至少注释声明时区契约|open|batch-2|
R4-01196|d:\6\恋爱小程序\apps\api\src\main\java\com\campuslove\api\mock\MockVillageService.java|489|B|P2|LocalDateTime.now() 未显式指定 ZoneId（JVM 默认时区）(1004L, "许诺", "/uploads/mock/avatar-xun)|JVM 时区与 DB Asia/Shanghai 不一致时，时间戳/窗口判断错位|统一时钟源（Clock/ZoneId），或至少注释声明时区契约|open|batch-2|
R4-01197|d:\6\恋爱小程序\apps\api\src\main\java\com\campuslove\api\mock\MockVillageService.java|496|B|P2|LocalDateTime.now() 未显式指定 ZoneId（JVM 默认时区）(1002L, "林安", "/uploads/mock/avatar-lin)|JVM 时区与 DB Asia/Shanghai 不一致时，时间戳/窗口判断错位|统一时钟源（Clock/ZoneId），或至少注释声明时区契约|open|batch-2|
R4-01198|d:\6\恋爱小程序\apps\api\src\main\java\com\campuslove\api\mock\MockVillageService.java|503|B|P2|LocalDateTime.now() 未显式指定 ZoneId（JVM 默认时区）(1001L, "星野", "/uploads/mock/avatar-xin)|JVM 时区与 DB Asia/Shanghai 不一致时，时间戳/窗口判断错位|统一时钟源（Clock/ZoneId），或至少注释声明时区契约|open|batch-2|
R4-01199|d:\6\恋爱小程序\apps\api\src\main\java\com\campuslove\api\mock\MockVillageService.java|510|B|P2|LocalDateTime.now() 未显式指定 ZoneId（JVM 默认时区）(1004L, "许诺", "/uploads/mock/avatar-xun)|JVM 时区与 DB Asia/Shanghai 不一致时，时间戳/窗口判断错位|统一时钟源（Clock/ZoneId），或至少注释声明时区契约|open|batch-2|
R4-01200|d:\6\恋爱小程序\apps\api\src\main\java\com\campuslove\api\mock\MockVillageService.java|517|B|P2|LocalDateTime.now() 未显式指定 ZoneId（JVM 默认时区）(1003L, "周沐", "/uploads/mock/avatar-zho)|JVM 时区与 DB Asia/Shanghai 不一致时，时间戳/窗口判断错位|统一时钟源（Clock/ZoneId），或至少注释声明时区契约|open|batch-2|
R4-01201|d:\6\恋爱小程序\apps\api\src\main\java\com\campuslove\api\mock\MockVillageService.java|524|B|P2|LocalDateTime.now() 未显式指定 ZoneId（JVM 默认时区）(1001L, "星野", "/uploads/mock/avatar-xin)|JVM 时区与 DB Asia/Shanghai 不一致时，时间戳/窗口判断错位|统一时钟源（Clock/ZoneId），或至少注释声明时区契约|open|batch-2|
R4-01202|d:\6\恋爱小程序\apps\api\src\main\java\com\campuslove\api\mock\MockVillageService.java|531|B|P2|LocalDateTime.now() 未显式指定 ZoneId（JVM 默认时区）(1004L, "许诺", "/uploads/mock/avatar-xun)|JVM 时区与 DB Asia/Shanghai 不一致时，时间戳/窗口判断错位|统一时钟源（Clock/ZoneId），或至少注释声明时区契约|open|batch-2|
R4-01203|d:\6\恋爱小程序\apps\api\src\main\java\com\campuslove\api\mock\MockVillageService.java|538|B|P2|LocalDateTime.now() 未显式指定 ZoneId（JVM 默认时区）(1003L, "周沐", "/uploads/mock/avatar-zho)|JVM 时区与 DB Asia/Shanghai 不一致时，时间戳/窗口判断错位|统一时钟源（Clock/ZoneId），或至少注释声明时区契约|open|batch-2|
R4-01204|d:\6\恋爱小程序\apps\api\src\main\java\com\campuslove\api\mock\MockVillageService.java|544|B|P2|LocalDateTime.now() 未显式指定 ZoneId（JVM 默认时区）(LocalDateTime.now().minusHours(2), nul)|JVM 时区与 DB Asia/Shanghai 不一致时，时间戳/窗口判断错位|统一时钟源（Clock/ZoneId），或至少注释声明时区契约|open|batch-2|
R4-01205|d:\6\恋爱小程序\apps\api\src\main\java\com\campuslove\api\mock\MockVillageService.java|546|B|P2|LocalDateTime.now() 未显式指定 ZoneId（JVM 默认时区）(LocalDateTime.now().minusHours(1), nul)|JVM 时区与 DB Asia/Shanghai 不一致时，时间戳/窗口判断错位|统一时钟源（Clock/ZoneId），或至少注释声明时区契约|open|batch-2|
R4-01206|d:\6\恋爱小程序\apps\api\src\main\java\com\campuslove\api\mock\MockVillageService.java|548|B|P2|LocalDateTime.now() 未显式指定 ZoneId（JVM 默认时区）(LocalDateTime.now().minusMinutes(30), )|JVM 时区与 DB Asia/Shanghai 不一致时，时间戳/窗口判断错位|统一时钟源（Clock/ZoneId），或至少注释声明时区契约|open|batch-2|
R4-01207|d:\6\恋爱小程序\apps\api\src\main\java\com\campuslove\api\mock\MockVillageService.java|552|B|P2|LocalDateTime.now() 未显式指定 ZoneId（JVM 默认时区）(LocalDateTime.now().minusHours(4), nul)|JVM 时区与 DB Asia/Shanghai 不一致时，时间戳/窗口判断错位|统一时钟源（Clock/ZoneId），或至少注释声明时区契约|open|batch-2|
R4-01208|d:\6\恋爱小程序\apps\api\src\main\java\com\campuslove\api\mock\MockVillageService.java|554|B|P2|LocalDateTime.now() 未显式指定 ZoneId（JVM 默认时区）(LocalDateTime.now().minusHours(3), nul)|JVM 时区与 DB Asia/Shanghai 不一致时，时间戳/窗口判断错位|统一时钟源（Clock/ZoneId），或至少注释声明时区契约|open|batch-2|
R4-01209|d:\6\恋爱小程序\apps\api\src\main\java\com\campuslove\api\mock\MockVillageService.java|558|B|P2|LocalDateTime.now() 未显式指定 ZoneId（JVM 默认时区）(LocalDateTime.now().minusDays(1).minus)|JVM 时区与 DB Asia/Shanghai 不一致时，时间戳/窗口判断错位|统一时钟源（Clock/ZoneId），或至少注释声明时区契约|open|batch-2|
R4-01210|d:\6\恋爱小程序\apps\api\src\main\java\com\campuslove\api\mock\MockVillageService.java|560|B|P2|LocalDateTime.now() 未显式指定 ZoneId（JVM 默认时区）(LocalDateTime.now().minusDays(1).minus)|JVM 时区与 DB Asia/Shanghai 不一致时，时间戳/窗口判断错位|统一时钟源（Clock/ZoneId），或至少注释声明时区契约|open|batch-2|
R4-01211|d:\6\恋爱小程序\apps\api\src\main\java\com\campuslove\api\mock\MockVillageService.java|564|B|P2|LocalDateTime.now() 未显式指定 ZoneId（JVM 默认时区）(LocalDateTime.now().minusHours(5), nul)|JVM 时区与 DB Asia/Shanghai 不一致时，时间戳/窗口判断错位|统一时钟源（Clock/ZoneId），或至少注释声明时区契约|open|batch-2|
R4-01212|d:\6\恋爱小程序\apps\api\src\main\java\com\campuslove\api\mock\MockVillageService.java|574|B|P2|LocalDateTime.now() 未显式指定 ZoneId（JVM 默认时区）(LocalDateTime.now().minusMinutes(10), )|JVM 时区与 DB Asia/Shanghai 不一致时，时间戳/窗口判断错位|统一时钟源（Clock/ZoneId），或至少注释声明时区契约|open|batch-2|
R4-01213|d:\6\恋爱小程序\apps\api\src\main\java\com\campuslove\api\mock\MockVillageService.java|582|B|P2|LocalDateTime.now() 未显式指定 ZoneId（JVM 默认时区）(LocalDateTime.now().minusMinutes(25), )|JVM 时区与 DB Asia/Shanghai 不一致时，时间戳/窗口判断错位|统一时钟源（Clock/ZoneId），或至少注释声明时区契约|open|batch-2|
R4-01214|d:\6\恋爱小程序\apps\api\src\main\java\com\campuslove\api\mock\MockVillageService.java|590|B|P2|LocalDateTime.now() 未显式指定 ZoneId（JVM 默认时区）(LocalDateTime.now().minusMinutes(40), )|JVM 时区与 DB Asia/Shanghai 不一致时，时间戳/窗口判断错位|统一时钟源（Clock/ZoneId），或至少注释声明时区契约|open|batch-2|
R4-01215|d:\6\恋爱小程序\apps\api\src\main\java\com\campuslove\api\mock\MockVillageService.java|598|B|P2|LocalDateTime.now() 未显式指定 ZoneId（JVM 默认时区）(LocalDateTime.now().minusMinutes(55), )|JVM 时区与 DB Asia/Shanghai 不一致时，时间戳/窗口判断错位|统一时钟源（Clock/ZoneId），或至少注释声明时区契约|open|batch-2|
R4-01216|d:\6\恋爱小程序\apps\api\src\main\java\com\campuslove\api\mock\MockVillageService.java|605|B|P2|LocalDateTime.now() 未显式指定 ZoneId（JVM 默认时区）(LocalDateTime.now().minusMinutes(8), n)|JVM 时区与 DB Asia/Shanghai 不一致时，时间戳/窗口判断错位|统一时钟源（Clock/ZoneId），或至少注释声明时区契约|open|batch-2|
R4-01217|d:\6\恋爱小程序\apps\api\src\main\java\com\campuslove\api\mock\MockVillageService.java|607|B|P2|LocalDateTime.now() 未显式指定 ZoneId（JVM 默认时区）(LocalDateTime.now().minusMinutes(6), n)|JVM 时区与 DB Asia/Shanghai 不一致时，时间戳/窗口判断错位|统一时钟源（Clock/ZoneId），或至少注释声明时区契约|open|batch-2|
R4-01218|d:\6\恋爱小程序\apps\api\src\main\java\com\campuslove\api\mock\MockVillageService.java|609|B|P2|LocalDateTime.now() 未显式指定 ZoneId（JVM 默认时区）(LocalDateTime.now().minusMinutes(4), n)|JVM 时区与 DB Asia/Shanghai 不一致时，时间戳/窗口判断错位|统一时钟源（Clock/ZoneId），或至少注释声明时区契约|open|batch-2|
R4-01219|d:\6\恋爱小程序\apps\api\src\main\java\com\campuslove\api\mock\MockVillageService.java|611|B|P2|LocalDateTime.now() 未显式指定 ZoneId（JVM 默认时区）(LocalDateTime.now().minusMinutes(2), n)|JVM 时区与 DB Asia/Shanghai 不一致时，时间戳/窗口判断错位|统一时钟源（Clock/ZoneId），或至少注释声明时区契约|open|batch-2|
R4-01220|d:\6\恋爱小程序\apps\api\src\main\java\com\campuslove\api\mock\MockVillageService.java|615|B|P2|LocalDateTime.now() 未显式指定 ZoneId（JVM 默认时区）(LocalDateTime.now().minusMinutes(20), )|JVM 时区与 DB Asia/Shanghai 不一致时，时间戳/窗口判断错位|统一时钟源（Clock/ZoneId），或至少注释声明时区契约|open|batch-2|
R4-01221|d:\6\恋爱小程序\apps\api\src\main\java\com\campuslove\api\mock\MockVillageService.java|617|B|P2|LocalDateTime.now() 未显式指定 ZoneId（JVM 默认时区）(LocalDateTime.now().minusMinutes(15), )|JVM 时区与 DB Asia/Shanghai 不一致时，时间戳/窗口判断错位|统一时钟源（Clock/ZoneId），或至少注释声明时区契约|open|batch-2|
R4-01222|d:\6\恋爱小程序\apps\api\src\main\java\com\campuslove\api\mock\MockVillageService.java|619|B|P2|LocalDateTime.now() 未显式指定 ZoneId（JVM 默认时区）(LocalDateTime.now().minusMinutes(12), )|JVM 时区与 DB Asia/Shanghai 不一致时，时间戳/窗口判断错位|统一时钟源（Clock/ZoneId），或至少注释声明时区契约|open|batch-2|
R4-01223|d:\6\恋爱小程序\apps\api\src\main\java\com\campuslove\api\mock\MockVillageService.java|621|B|P2|LocalDateTime.now() 未显式指定 ZoneId（JVM 默认时区）(LocalDateTime.now().minusMinutes(5), n)|JVM 时区与 DB Asia/Shanghai 不一致时，时间戳/窗口判断错位|统一时钟源（Clock/ZoneId），或至少注释声明时区契约|open|batch-2|
R4-01224|d:\6\恋爱小程序\apps\api\src\main\java\com\campuslove\api\mock\MockVillageService.java|625|B|P2|LocalDateTime.now() 未显式指定 ZoneId（JVM 默认时区）(LocalDateTime.now().minusMinutes(30), )|JVM 时区与 DB Asia/Shanghai 不一致时，时间戳/窗口判断错位|统一时钟源（Clock/ZoneId），或至少注释声明时区契约|open|batch-2|
R4-01225|d:\6\恋爱小程序\apps\api\src\main\java\com\campuslove\api\mock\MockVillageService.java|627|B|P2|LocalDateTime.now() 未显式指定 ZoneId（JVM 默认时区）(LocalDateTime.now().minusMinutes(22), )|JVM 时区与 DB Asia/Shanghai 不一致时，时间戳/窗口判断错位|统一时钟源（Clock/ZoneId），或至少注释声明时区契约|open|batch-2|
R4-01226|d:\6\恋爱小程序\apps\api\src\main\java\com\campuslove\api\mock\MockVillageService.java|629|B|P2|LocalDateTime.now() 未显式指定 ZoneId（JVM 默认时区）(LocalDateTime.now().minusMinutes(15), )|JVM 时区与 DB Asia/Shanghai 不一致时，时间戳/窗口判断错位|统一时钟源（Clock/ZoneId），或至少注释声明时区契约|open|batch-2|
R4-01227|d:\6\恋爱小程序\apps\api\src\main\java\com\campuslove\api\growth\RealDoNotDisturbService.java|145|B|P2|LocalDateTime.now() 未显式指定 ZoneId（JVM 默认时区）(setting.setUpdatedAt(LocalDateTime.now)|JVM 时区与 DB Asia/Shanghai 不一致时，时间戳/窗口判断错位|统一时钟源（Clock/ZoneId），或至少注释声明时区契约|open|batch-2|
R4-01228|d:\6\恋爱小程序\apps\api\src\main\java\com\campuslove\api\growth\RealCheckInService.java|199|B|P2|LocalDate.now() 未显式指定 ZoneId（JVM 默认时区）(LocalDate today = LocalDate.now();)|JVM 时区与 DB Asia/Shanghai 不一致时，时间戳/窗口判断错位|统一时钟源（Clock/ZoneId），或至少注释声明时区契约|open|batch-2|
R4-01229|d:\6\恋爱小程序\apps\api\src\main\java\com\campuslove\api\growth\RealCheckInService.java|244|B|P2|LocalDateTime.now() 未显式指定 ZoneId（JVM 默认时区）(checkIn.setCreatedAt(LocalDateTime.now)|JVM 时区与 DB Asia/Shanghai 不一致时，时间戳/窗口判断错位|统一时钟源（Clock/ZoneId），或至少注释声明时区契约|open|batch-2|
R4-01230|d:\6\恋爱小程序\apps\api\src\main\java\com\campuslove\api\growth\RealCheckInService.java|268|B|P2|LocalDateTime.now() 未显式指定 ZoneId（JVM 默认时区）(benefit.setCreatedAt(LocalDateTime.now)|JVM 时区与 DB Asia/Shanghai 不一致时，时间戳/窗口判断错位|统一时钟源（Clock/ZoneId），或至少注释声明时区契约|open|batch-2|
R4-01231|d:\6\恋爱小程序\apps\api\src\main\java\com\campuslove\api\growth\RealCheckInService.java|310|B|P2|Instant.now() 未显式指定 ZoneId（JVM 默认时区）(Instant.now()));)|JVM 时区与 DB Asia/Shanghai 不一致时，时间戳/窗口判断错位|统一时钟源（Clock/ZoneId），或至少注释声明时区契约|open|batch-2|
R4-01232|d:\6\恋爱小程序\apps\api\src\main\java\com\campuslove\api\growth\RealCheckInService.java|338|B|P2|LocalDate.now() 未显式指定 ZoneId（JVM 默认时区）(LocalDate today = LocalDate.now();)|JVM 时区与 DB Asia/Shanghai 不一致时，时间戳/窗口判断错位|统一时钟源（Clock/ZoneId），或至少注释声明时区契约|open|batch-2|
R4-01233|d:\6\恋爱小程序\apps\api\src\main\java\com\campuslove\api\growth\RealCheckInService.java|396|B|P2|LocalDate.now() 未显式指定 ZoneId（JVM 默认时区）(LocalDate today = LocalDate.now();)|JVM 时区与 DB Asia/Shanghai 不一致时，时间戳/窗口判断错位|统一时钟源（Clock/ZoneId），或至少注释声明时区契约|open|batch-2|
R4-01234|d:\6\恋爱小程序\apps\api\src\main\java\com\campuslove\api\growth\RealCheckInService.java|424|B|P2|LocalDateTime.now() 未显式指定 ZoneId（JVM 默认时区）(newQuota.setUpdatedAt(LocalDateTime.no)|JVM 时区与 DB Asia/Shanghai 不一致时，时间戳/窗口判断错位|统一时钟源（Clock/ZoneId），或至少注释声明时区契约|open|batch-2|
R4-01235|d:\6\恋爱小程序\apps\api\src\main\java\com\campuslove\api\growth\RealCheckInService.java|449|B|P2|LocalDateTime.now() 未显式指定 ZoneId（JVM 默认时区）(makeUpCheckIn.setCreatedAt(LocalDateTi)|JVM 时区与 DB Asia/Shanghai 不一致时，时间戳/窗口判断错位|统一时钟源（Clock/ZoneId），或至少注释声明时区契约|open|batch-2|
R4-01236|d:\6\恋爱小程序\apps\api\src\main\java\com\campuslove\api\growth\RealCheckInService.java|462|B|P2|LocalDateTime.now() 未显式指定 ZoneId（JVM 默认时区）(int affected = makeUpQuotaRepository.i)|JVM 时区与 DB Asia/Shanghai 不一致时，时间戳/窗口判断错位|统一时钟源（Clock/ZoneId），或至少注释声明时区契约|open|batch-2|
R4-01237|d:\6\恋爱小程序\apps\api\src\main\java\com\campuslove\api\growth\RealCheckInService.java|536|B|P2|LocalDate.now() 未显式指定 ZoneId（JVM 默认时区）(return calculateConsecutiveDays(userId)|JVM 时区与 DB Asia/Shanghai 不一致时，时间戳/窗口判断错位|统一时钟源（Clock/ZoneId），或至少注释声明时区契约|open|batch-2|
R4-01238|d:\6\恋爱小程序\apps\api\src\main\java\com\campuslove\api\growth\RealCheckInService.java|594|B|P2|LocalDate.now() 未显式指定 ZoneId（JVM 默认时区）(LocalDateTime todayStart = LocalDate.n)|JVM 时区与 DB Asia/Shanghai 不一致时，时间戳/窗口判断错位|统一时钟源（Clock/ZoneId），或至少注释声明时区契约|open|batch-2|
R4-01239|d:\6\恋爱小程序\apps\api\src\main\java\com\campuslove\api\growth\RealCheckInService.java|640|B|P2|LocalDateTime.now() 未显式指定 ZoneId（JVM 默认时区）(LocalDateTime since = LocalDateTime.no)|JVM 时区与 DB Asia/Shanghai 不一致时，时间戳/窗口判断错位|统一时钟源（Clock/ZoneId），或至少注释声明时区契约|open|batch-2|
R4-01240|d:\6\恋爱小程序\apps\api\src\main\java\com\campuslove\api\mock\MockOfficialAccountService.java|38|B|P2|LocalDateTime.now() 未显式指定 ZoneId（JVM 默认时区）(null, null, null, null, LocalDateTime.)|JVM 时区与 DB Asia/Shanghai 不一致时，时间戳/窗口判断错位|统一时钟源（Clock/ZoneId），或至少注释声明时区契约|open|batch-2|
R4-01241|d:\6\恋爱小程序\apps\api\src\main\java\com\campuslove\api\mock\MockOfficialAccountService.java|41|B|P2|LocalDateTime.now() 未显式指定 ZoneId（JVM 默认时区）(null, null, null, null, LocalDateTime.)|JVM 时区与 DB Asia/Shanghai 不一致时，时间戳/窗口判断错位|统一时钟源（Clock/ZoneId），或至少注释声明时区契约|open|batch-2|
R4-01242|d:\6\恋爱小程序\apps\api\src\main\java\com\campuslove\api\mock\MockOfficialAccountService.java|44|B|P2|LocalDateTime.now() 未显式指定 ZoneId（JVM 默认时区）(null, null, null, null, LocalDateTime.)|JVM 时区与 DB Asia/Shanghai 不一致时，时间戳/窗口判断错位|统一时钟源（Clock/ZoneId），或至少注释声明时区契约|open|batch-2|
R4-01243|d:\6\恋爱小程序\apps\api\src\main\java\com\campuslove\api\mock\MockOfficialAccountService.java|47|B|P2|LocalDateTime.now() 未显式指定 ZoneId（JVM 默认时区）(null, null, null, null, LocalDateTime.)|JVM 时区与 DB Asia/Shanghai 不一致时，时间戳/窗口判断错位|统一时钟源（Clock/ZoneId），或至少注释声明时区契约|open|batch-2|
R4-01244|d:\6\恋爱小程序\apps\api\src\main\java\com\campuslove\api\mock\MockOfficialAccountService.java|52|B|P2|LocalDateTime.now() 未显式指定 ZoneId（JVM 默认时区）(null, null, null, null, LocalDateTime.)|JVM 时区与 DB Asia/Shanghai 不一致时，时间戳/窗口判断错位|统一时钟源（Clock/ZoneId），或至少注释声明时区契约|open|batch-2|
R4-01245|d:\6\恋爱小程序\apps\api\src\main\java\com\campuslove\api\mock\MockOfficialAccountService.java|59|B|P2|LocalDateTime.now() 未显式指定 ZoneId（JVM 默认时区）(LocalDateTime.now().minusDays(4)),)|JVM 时区与 DB Asia/Shanghai 不一致时，时间戳/窗口判断错位|统一时钟源（Clock/ZoneId），或至少注释声明时区契约|open|batch-2|
R4-01246|d:\6\恋爱小程序\apps\api\src\main\java\com\campuslove\api\mock\MockOfficialAccountService.java|62|B|P2|LocalDateTime.now() 未显式指定 ZoneId（JVM 默认时区）(null, null, null, null, LocalDateTime.)|JVM 时区与 DB Asia/Shanghai 不一致时，时间戳/窗口判断错位|统一时钟源（Clock/ZoneId），或至少注释声明时区契约|open|batch-2|
R4-01247|d:\6\恋爱小程序\apps\api\src\main\java\com\campuslove\api\mock\MockOfficialAccountService.java|69|B|P2|LocalDateTime.now() 未显式指定 ZoneId（JVM 默认时区）(LocalDateTime.now().minusDays(1)))|JVM 时区与 DB Asia/Shanghai 不一致时，时间戳/窗口判断错位|统一时钟源（Clock/ZoneId），或至少注释声明时区契约|open|batch-2|
R4-01248|d:\6\恋爱小程序\apps\api\src\main\java\com\campuslove\api\vip\AutoRenewService.java|357|B|P2|LocalDateTime.now() 未显式指定 ZoneId（JVM 默认时区）(LocalDateTime now = LocalDateTime.now()|JVM 时区与 DB Asia/Shanghai 不一致时，时间戳/窗口判断错位|统一时钟源（Clock/ZoneId），或至少注释声明时区契约|open|batch-2|
R4-01249|d:\6\恋爱小程序\apps\api\src\main\java\com\campuslove\api\vip\AutoRenewService.java|429|B|P2|LocalDateTime.now() 未显式指定 ZoneId（JVM 默认时区）(logEntry.setCreatedAt(LocalDateTime.no)|JVM 时区与 DB Asia/Shanghai 不一致时，时间戳/窗口判断错位|统一时钟源（Clock/ZoneId），或至少注释声明时区契约|open|batch-2|
R4-01250|d:\6\恋爱小程序\apps\api\src\main\java\com\campuslove\api\growth\MockPushSummaryService.java|55|B|P2|LocalDateTime.now() 未显式指定 ZoneId（JVM 默认时区）(summary.setGeneratedAt(LocalDateTime.n)|JVM 时区与 DB Asia/Shanghai 不一致时，时间戳/窗口判断错位|统一时钟源（Clock/ZoneId），或至少注释声明时区契约|open|batch-2|
R4-01251|d:\6\恋爱小程序\apps\api\src\main\java\com\campuslove\api\growth\MockPushSummaryService.java|89|B|P2|LocalDateTime.now() 未显式指定 ZoneId（JVM 默认时区）(summary.setGeneratedAt(LocalDateTime.n)|JVM 时区与 DB Asia/Shanghai 不一致时，时间戳/窗口判断错位|统一时钟源（Clock/ZoneId），或至少注释声明时区契约|open|batch-2|
R4-01252|d:\6\恋爱小程序\apps\api\src\main\java\com\campuslove\api\growth\MockPushSummaryService.java|108|B|P2|LocalDateTime.now() 未显式指定 ZoneId（JVM 默认时区）(summary.setSentAt(LocalDateTime.now()))|JVM 时区与 DB Asia/Shanghai 不一致时，时间戳/窗口判断错位|统一时钟源（Clock/ZoneId），或至少注释声明时区契约|open|batch-2|
R4-01253|d:\6\恋爱小程序\apps\api\src\main\java\com\campuslove\api\mock\MockNotificationService.java|58|B|P2|Instant.now() 未显式指定 ZoneId（JVM 默认时区）(Instant now = Instant.now();)|JVM 时区与 DB Asia/Shanghai 不一致时，时间戳/窗口判断错位|统一时钟源（Clock/ZoneId），或至少注释声明时区契约|open|batch-2|
R4-01254|d:\6\恋爱小程序\apps\api\src\main\java\com\campuslove\api\mock\MockNotificationService.java|230|B|P2|Instant.now() 未显式指定 ZoneId（JVM 默认时区）("系统", null, referenceId, referenceType)|JVM 时区与 DB Asia/Shanghai 不一致时，时间戳/窗口判断错位|统一时钟源（Clock/ZoneId），或至少注释声明时区契约|open|batch-2|
R4-01255|d:\6\恋爱小程序\apps\api\src\main\java\com\campuslove\api\mock\MockCampusService.java|61|B|P2|LocalDateTime.now() 未显式指定 ZoneId（JVM 默认时区）(LocalDateTime.now(), LocalDateTime.now)|JVM 时区与 DB Asia/Shanghai 不一致时，时间戳/窗口判断错位|统一时钟源（Clock/ZoneId），或至少注释声明时区契约|open|batch-2|
R4-01256|d:\6\恋爱小程序\apps\api\src\main\java\com\campuslove\api\mock\MockCampusService.java|74|B|P2|LocalDateTime.now() 未显式指定 ZoneId（JVM 默认时区）(id, topicId, userId, "Mock校友", null, c)|JVM 时区与 DB Asia/Shanghai 不一致时，时间戳/窗口判断错位|统一时钟源（Clock/ZoneId），或至少注释声明时区契约|open|batch-2|
R4-01257|d:\6\恋爱小程序\apps\api\src\main\java\com\campuslove\api\mock\MockCampusService.java|101|B|P2|LocalDateTime.now() 未显式指定 ZoneId（JVM 默认时区）(LocalDateTime.now().minusHours(2).toSt)|JVM 时区与 DB Asia/Shanghai 不一致时，时间戳/窗口判断错位|统一时钟源（Clock/ZoneId），或至少注释声明时区契约|open|batch-2|
R4-01258|d:\6\恋爱小程序\apps\api\src\main\java\com\campuslove\api\mock\MockCampusService.java|110|B|P2|LocalDateTime.now() 未显式指定 ZoneId（JVM 默认时区）(LocalDateTime.now().minusHours(5).toSt)|JVM 时区与 DB Asia/Shanghai 不一致时，时间戳/窗口判断错位|统一时钟源（Clock/ZoneId），或至少注释声明时区契约|open|batch-2|
R4-01259|d:\6\恋爱小程序\apps\api\src\main\java\com\campuslove\api\mock\MockCampusService.java|119|B|P2|LocalDateTime.now() 未显式指定 ZoneId（JVM 默认时区）(LocalDateTime.now().minusDays(1).toStr)|JVM 时区与 DB Asia/Shanghai 不一致时，时间戳/窗口判断错位|统一时钟源（Clock/ZoneId），或至少注释声明时区契约|open|batch-2|
R4-01260|d:\6\恋爱小程序\apps\api\src\main\java\com\campuslove\api\mock\MockCampusService.java|138|B|P2|LocalDate.now() 未显式指定 ZoneId（JVM 默认时区）(12, List.of(), "upcoming", LocalDate.n)|JVM 时区与 DB Asia/Shanghai 不一致时，时间戳/窗口判断错位|统一时钟源（Clock/ZoneId），或至少注释声明时区契约|open|batch-2|
R4-01261|d:\6\恋爱小程序\apps\api\src\main\java\com\campuslove\api\mock\MockCampusService.java|143|B|P2|LocalDate.now() 未显式指定 ZoneId（JVM 默认时区）(8, List.of(), "upcoming", LocalDate.no)|JVM 时区与 DB Asia/Shanghai 不一致时，时间戳/窗口判断错位|统一时钟源（Clock/ZoneId），或至少注释声明时区契约|open|batch-2|
R4-01262|d:\6\恋爱小程序\apps\api\src\main\java\com\campuslove\api\mock\MockCampusService.java|148|B|P2|LocalDate.now() 未显式指定 ZoneId（JVM 默认时区）(20, List.of(), "ongoing", LocalDate.no)|JVM 时区与 DB Asia/Shanghai 不一致时，时间戳/窗口判断错位|统一时钟源（Clock/ZoneId），或至少注释声明时区契约|open|batch-2|
R4-01263|d:\6\恋爱小程序\apps\api\src\main\java\com\campuslove\api\mock\MockCampusService.java|195|B|P2|LocalDateTime.now() 未显式指定 ZoneId（JVM 默认时区）(LocalDateTime.now().minusDays(1), Loca)|JVM 时区与 DB Asia/Shanghai 不一致时，时间戳/窗口判断错位|统一时钟源（Clock/ZoneId），或至少注释声明时区契约|open|batch-2|
R4-01264|d:\6\恋爱小程序\apps\api\src\main\java\com\campuslove\api\mock\MockCampusService.java|201|B|P2|LocalDateTime.now() 未显式指定 ZoneId（JVM 默认时区）(LocalDateTime.now().minusDays(2), Loca)|JVM 时区与 DB Asia/Shanghai 不一致时，时间戳/窗口判断错位|统一时钟源（Clock/ZoneId），或至少注释声明时区契约|open|batch-2|
R4-01265|d:\6\恋爱小程序\apps\api\src\main\java\com\campuslove\api\mock\MockCampusService.java|207|B|P2|LocalDateTime.now() 未显式指定 ZoneId（JVM 默认时区）(LocalDateTime.now().minusDays(3), Loca)|JVM 时区与 DB Asia/Shanghai 不一致时，时间戳/窗口判断错位|统一时钟源（Clock/ZoneId），或至少注释声明时区契约|open|batch-2|
R4-01266|d:\6\恋爱小程序\apps\api\src\main\java\com\campuslove\api\mock\MockCampusService.java|213|B|P2|LocalDateTime.now() 未显式指定 ZoneId（JVM 默认时区）(LocalDateTime.now().minusDays(4), Loca)|JVM 时区与 DB Asia/Shanghai 不一致时，时间戳/窗口判断错位|统一时钟源（Clock/ZoneId），或至少注释声明时区契约|open|batch-2|
R4-01267|d:\6\恋爱小程序\apps\api\src\main\java\com\campuslove\api\mock\MockCampusService.java|220|B|P2|LocalDateTime.now() 未显式指定 ZoneId（JVM 默认时区）(LocalDateTime.now().minusDays(5), Loca)|JVM 时区与 DB Asia/Shanghai 不一致时，时间戳/窗口判断错位|统一时钟源（Clock/ZoneId），或至少注释声明时区契约|open|batch-2|
R4-01268|d:\6\恋爱小程序\apps\api\src\main\java\com\campuslove\api\mock\MockCampusService.java|227|B|P2|LocalDateTime.now() 未显式指定 ZoneId（JVM 默认时区）(LocalDateTime.now().minusHours(22)),)|JVM 时区与 DB Asia/Shanghai 不一致时，时间戳/窗口判断错位|统一时钟源（Clock/ZoneId），或至少注释声明时区契约|open|batch-2|
R4-01269|d:\6\恋爱小程序\apps\api\src\main\java\com\campuslove\api\mock\MockCampusService.java|230|B|P2|LocalDateTime.now() 未显式指定 ZoneId（JVM 默认时区）(LocalDateTime.now().minusHours(20)),)|JVM 时区与 DB Asia/Shanghai 不一致时，时间戳/窗口判断错位|统一时钟源（Clock/ZoneId），或至少注释声明时区契约|open|batch-2|
R4-01270|d:\6\恋爱小程序\apps\api\src\main\java\com\campuslove\api\mock\MockCampusService.java|234|B|P2|LocalDateTime.now() 未显式指定 ZoneId（JVM 默认时区）(LocalDateTime.now().minusHours(18)))|JVM 时区与 DB Asia/Shanghai 不一致时，时间戳/窗口判断错位|统一时钟源（Clock/ZoneId），或至少注释声明时区契约|open|batch-2|
R4-01271|d:\6\恋爱小程序\apps\api\src\main\java\com\campuslove\api\mock\MockCampusService.java|240|B|P2|LocalDateTime.now() 未显式指定 ZoneId（JVM 默认时区）(LocalDateTime.now().minusDays(1).minus)|JVM 时区与 DB Asia/Shanghai 不一致时，时间戳/窗口判断错位|统一时钟源（Clock/ZoneId），或至少注释声明时区契约|open|batch-2|
R4-01272|d:\6\恋爱小程序\apps\api\src\main\java\com\campuslove\api\mock\MockCampusService.java|243|B|P2|LocalDateTime.now() 未显式指定 ZoneId（JVM 默认时区）(LocalDateTime.now().minusDays(1).minus)|JVM 时区与 DB Asia/Shanghai 不一致时，时间戳/窗口判断错位|统一时钟源（Clock/ZoneId），或至少注释声明时区契约|open|batch-2|
R4-01273|d:\6\恋爱小程序\apps\api\src\main\java\com\campuslove\api\growth\MockCheckInService.java|61|B|P2|LocalDate.now() 未显式指定 ZoneId（JVM 默认时区）(LocalDate today = LocalDate.now();)|JVM 时区与 DB Asia/Shanghai 不一致时，时间戳/窗口判断错位|统一时钟源（Clock/ZoneId），或至少注释声明时区契约|open|batch-2|
R4-01274|d:\6\恋爱小程序\apps\api\src\main\java\com\campuslove\api\growth\MockCheckInService.java|100|B|P2|LocalDate.now() 未显式指定 ZoneId（JVM 默认时区）(LocalDate today = LocalDate.now();)|JVM 时区与 DB Asia/Shanghai 不一致时，时间戳/窗口判断错位|统一时钟源（Clock/ZoneId），或至少注释声明时区契约|open|batch-2|
R4-01275|d:\6\恋爱小程序\apps\api\src\main\java\com\campuslove\api\growth\MockCheckInService.java|150|B|P2|LocalDate.now() 未显式指定 ZoneId（JVM 默认时区）(LocalDate today = LocalDate.now();)|JVM 时区与 DB Asia/Shanghai 不一致时，时间戳/窗口判断错位|统一时钟源（Clock/ZoneId），或至少注释声明时区契约|open|batch-2|
R4-01276|d:\6\恋爱小程序\apps\api\src\main\java\com\campuslove\api\mock\MockCampusCertificationService.java|61|B|P2|LocalDateTime.now() 未显式指定 ZoneId（JVM 默认时区）(LocalDateTime.now().minusDays(2),)|JVM 时区与 DB Asia/Shanghai 不一致时，时间戳/窗口判断错位|统一时钟源（Clock/ZoneId），或至少注释声明时区契约|open|batch-2|
R4-01277|d:\6\恋爱小程序\apps\api\src\main\java\com\campuslove\api\mock\MockCampusCertificationService.java|87|B|P2|LocalDateTime.now() 未显式指定 ZoneId（JVM 默认时区）(existing.setSubmittedAt(LocalDateTime.)|JVM 时区与 DB Asia/Shanghai 不一致时，时间戳/窗口判断错位|统一时钟源（Clock/ZoneId），或至少注释声明时区契约|open|batch-2|
R4-01278|d:\6\恋爱小程序\apps\api\src\main\java\com\campuslove\api\mock\MockCampusCertificationService.java|101|B|P2|LocalDateTime.now() 未显式指定 ZoneId（JVM 默认时区）(LocalDateTime.now(),)|JVM 时区与 DB Asia/Shanghai 不一致时，时间戳/窗口判断错位|统一时钟源（Clock/ZoneId），或至少注释声明时区契约|open|batch-2|
R4-01279|d:\6\恋爱小程序\apps\api\src\main\java\com\campuslove\api\mock\MockCampusCertificationService.java|136|B|P2|LocalDateTime.now() 未显式指定 ZoneId（JVM 默认时区）(view.setReviewedAt(LocalDateTime.now())|JVM 时区与 DB Asia/Shanghai 不一致时，时间戳/窗口判断错位|统一时钟源（Clock/ZoneId），或至少注释声明时区契约|open|batch-2|
R4-01280|d:\6\恋爱小程序\apps\api\src\main\java\com\campuslove\api\mock\MockCampusCertificationService.java|167|B|P2|LocalDateTime.now() 未显式指定 ZoneId（JVM 默认时区）(existing.setReviewedAt(LocalDateTime.n)|JVM 时区与 DB Asia/Shanghai 不一致时，时间戳/窗口判断错位|统一时钟源（Clock/ZoneId），或至少注释声明时区契约|open|batch-2|
R4-01281|d:\6\恋爱小程序\apps\api\src\main\java\com\campuslove\api\mock\MockCampusCertificationService.java|180|B|P2|LocalDateTime.now() 未显式指定 ZoneId（JVM 默认时区）(LocalDateTime.now().minusMinutes(5),)|JVM 时区与 DB Asia/Shanghai 不一致时，时间戳/窗口判断错位|统一时钟源（Clock/ZoneId），或至少注释声明时区契约|open|batch-2|
R4-01282|d:\6\恋爱小程序\apps\api\src\main\java\com\campuslove\api\mock\MockCampusCertificationService.java|181|B|P2|LocalDateTime.now() 未显式指定 ZoneId（JVM 默认时区）(LocalDateTime.now())|JVM 时区与 DB Asia/Shanghai 不一致时，时间戳/窗口判断错位|统一时钟源（Clock/ZoneId），或至少注释声明时区契约|open|batch-2|
R4-01283|d:\6\恋爱小程序\apps\api\src\main\java\com\campuslove\api\mq\NotificationConsumer.java|128|B|P2|LocalDateTime.now() 未显式指定 ZoneId（JVM 默认时区）(LocalDateTime.now().format()|JVM 时区与 DB Asia/Shanghai 不一致时，时间戳/窗口判断错位|统一时钟源（Clock/ZoneId），或至少注释声明时区契约|open|batch-2|
R4-01284|d:\6\恋爱小程序\apps\api\src\main\java\com\campuslove\api\mq\NotificationConsumer.java|223|B|P2|LocalDateTime.now() 未显式指定 ZoneId（JVM 默认时区）(return LocalDateTime.now();)|JVM 时区与 DB Asia/Shanghai 不一致时，时间戳/窗口判断错位|统一时钟源（Clock/ZoneId），或至少注释声明时区契约|open|batch-2|
R4-01285|d:\6\恋爱小程序\apps\api\src\main\java\com\campuslove\api\mq\MatchEventConsumer.java|238|B|P2|LocalDateTime.now() 未显式指定 ZoneId（JVM 默认时区）(entity.setCreatedAt(createdAt != null )|JVM 时区与 DB Asia/Shanghai 不一致时，时间戳/窗口判断错位|统一时钟源（Clock/ZoneId），或至少注释声明时区契约|open|batch-2|
R4-01286|d:\6\恋爱小程序\apps\api\src\main\java\com\campuslove\api\mq\MatchEventConsumer.java|256|B|P2|LocalDateTime.now() 未显式指定 ZoneId（JVM 默认时区）(return LocalDateTime.now();)|JVM 时区与 DB Asia/Shanghai 不一致时，时间戳/窗口判断错位|统一时钟源（Clock/ZoneId），或至少注释声明时区契约|open|batch-2|
R4-01287|d:\6\恋爱小程序\apps\api\src\main\java\com\campuslove\api\mq\CheckInEventConsumer.java|197|B|P2|LocalDateTime.now() 未显式指定 ZoneId（JVM 默认时区）(entity.setCreatedAt(createdAt != null )|JVM 时区与 DB Asia/Shanghai 不一致时，时间戳/窗口判断错位|统一时钟源（Clock/ZoneId），或至少注释声明时区契约|open|batch-2|
R4-01288|d:\6\恋爱小程序\apps\api\src\main\java\com\campuslove\api\mq\CheckInEventConsumer.java|214|B|P2|LocalDateTime.now() 未显式指定 ZoneId（JVM 默认时区）(return LocalDateTime.now();)|JVM 时区与 DB Asia/Shanghai 不一致时，时间戳/窗口判断错位|统一时钟源（Clock/ZoneId），或至少注释声明时区契约|open|batch-2|
R4-01289|d:\6\恋爱小程序\apps\api\src\main\java\com\campuslove\api\entity\PostTag.java|68|B|P2|LocalDateTime.now() 未显式指定 ZoneId（JVM 默认时区）(this.createdAt = LocalDateTime.now();)|JVM 时区与 DB Asia/Shanghai 不一致时，时间戳/窗口判断错位|统一时钟源（Clock/ZoneId），或至少注释声明时区契约|open|batch-2|
R4-01290|d:\6\恋爱小程序\apps\api\src\main\java\com\campuslove\api\entity\PostLike.java|71|B|P2|LocalDateTime.now() 未显式指定 ZoneId（JVM 默认时区）(this.createdAt = LocalDateTime.now();)|JVM 时区与 DB Asia/Shanghai 不一致时，时间戳/窗口判断错位|统一时钟源（Clock/ZoneId），或至少注释声明时区契约|open|batch-2|
R4-01291|d:\6\恋爱小程序\apps\api\src\main\java\com\campuslove\api\media\LocalMediaStorageService.java|252|B|P2|LocalDate.now() 未显式指定 ZoneId（JVM 默认时区）(String monthSegment = LocalDate.now().)|JVM 时区与 DB Asia/Shanghai 不一致时，时间戳/窗口判断错位|统一时钟源（Clock/ZoneId），或至少注释声明时区契约|open|batch-2|
R4-01292|d:\6\恋爱小程序\apps\api\src\main\java\com\campuslove\api\entity\PostFavorite.java|64|B|P2|LocalDateTime.now() 未显式指定 ZoneId（JVM 默认时区）(this.createdAt = LocalDateTime.now();)|JVM 时区与 DB Asia/Shanghai 不一致时，时间戳/窗口判断错位|统一时钟源（Clock/ZoneId），或至少注释声明时区契约|open|batch-2|
R4-01293|d:\6\恋爱小程序\apps\api\src\main\java\com\campuslove\api\entity\MediaAsset.java|118|B|P2|LocalDateTime.now() 未显式指定 ZoneId（JVM 默认时区）(this.createdAt = LocalDateTime.now();)|JVM 时区与 DB Asia/Shanghai 不一致时，时间戳/窗口判断错位|统一时钟源（Clock/ZoneId），或至少注释声明时区契约|open|batch-2|
R4-01294|d:\6\恋爱小程序\apps\api\src\main\java\com\campuslove\api\feedback\RealFeedbackService.java|74|B|P2|LocalDateTime.now() 未显式指定 ZoneId（JVM 默认时区）(LocalDateTime now = LocalDateTime.now()|JVM 时区与 DB Asia/Shanghai 不一致时，时间戳/窗口判断错位|统一时钟源（Clock/ZoneId），或至少注释声明时区契约|open|batch-2|
R4-01295|d:\6\恋爱小程序\apps\api\src\main\java\com\campuslove\api\feedback\RealFeedbackService.java|165|B|P2|LocalDateTime.now() 未显式指定 ZoneId（JVM 默认时区）(feedback.setUpdatedAt(LocalDateTime.no)|JVM 时区与 DB Asia/Shanghai 不一致时，时间戳/窗口判断错位|统一时钟源（Clock/ZoneId），或至少注释声明时区契约|open|batch-2|
R4-01296|d:\6\恋爱小程序\apps\api\src\main\java\com\campuslove\api\feedback\RealFeedbackService.java|303|B|P2|LocalDateTime.now() 未显式指定 ZoneId（JVM 默认时区）(feedback.setUpdatedAt(LocalDateTime.no)|JVM 时区与 DB Asia/Shanghai 不一致时，时间戳/窗口判断错位|统一时钟源（Clock/ZoneId），或至少注释声明时区契约|open|batch-2|
R4-01297|d:\6\恋爱小程序\apps\api\src\main\java\com\campuslove\api\match\RealMatchService.java|254|B|P2|LocalDateTime.now() 未显式指定 ZoneId（JVM 默认时区）(LocalDateTime now = LocalDateTime.now()|JVM 时区与 DB Asia/Shanghai 不一致时，时间戳/窗口判断错位|统一时钟源（Clock/ZoneId），或至少注释声明时区契约|open|batch-2|
R4-01298|d:\6\恋爱小程序\apps\api\src\main\java\com\campuslove\api\match\RealMatchService.java|407|B|P2|LocalDateTime.now() 未显式指定 ZoneId（JVM 默认时区）(userId, userId, java.util.List.of(Sign)|JVM 时区与 DB Asia/Shanghai 不一致时，时间戳/窗口判断错位|统一时钟源（Clock/ZoneId），或至少注释声明时区契约|open|batch-2|
R4-01299|d:\6\恋爱小程序\apps\api\src\main\java\com\campuslove\api\match\RealMatchService.java|432|B|P2|LocalDateTime.now() 未显式指定 ZoneId（JVM 默认时区）(LocalDateTime now = LocalDateTime.now()|JVM 时区与 DB Asia/Shanghai 不一致时，时间戳/窗口判断错位|统一时钟源（Clock/ZoneId），或至少注释声明时区契约|open|batch-2|
R4-01300|d:\6\恋爱小程序\apps\api\src\main\java\com\campuslove\api\entity\UserFollow.java|71|B|P2|LocalDateTime.now() 未显式指定 ZoneId（JVM 默认时区）(this.createdAt = LocalDateTime.now();)|JVM 时区与 DB Asia/Shanghai 不一致时，时间戳/窗口判断错位|统一时钟源（Clock/ZoneId），或至少注释声明时区契约|open|batch-2|
R4-01301|d:\6\恋爱小程序\apps\api\src\main\java\com\campuslove\api\user\RealOnlineStatusService.java|53|B|P2|LocalDateTime.now() 未显式指定 ZoneId（JVM 默认时区）(LocalDateTime now = LocalDateTime.now()|JVM 时区与 DB Asia/Shanghai 不一致时，时间戳/窗口判断错位|统一时钟源（Clock/ZoneId），或至少注释声明时区契约|open|batch-2|
R4-01302|d:\6\恋爱小程序\apps\api\src\main\java\com\campuslove\api\user\RealOnlineStatusService.java|154|B|P2|LocalDateTime.now() 未显式指定 ZoneId（JVM 默认时区）(LocalDateTime threshold = LocalDateTim)|JVM 时区与 DB Asia/Shanghai 不一致时，时间戳/窗口判断错位|统一时钟源（Clock/ZoneId），或至少注释声明时区契约|open|batch-2|
R4-01303|d:\6\恋爱小程序\apps\api\src\main\java\com\campuslove\api\match\MatchPolicy.java|96|B|P2|LocalDate.now() 未显式指定 ZoneId（JVM 默认时区）(String dateKey = LocalDate.now().forma)|JVM 时区与 DB Asia/Shanghai 不一致时，时间戳/窗口判断错位|统一时钟源（Clock/ZoneId），或至少注释声明时区契约|open|batch-2|
R4-01304|d:\6\恋爱小程序\apps\api\src\main\java\com\campuslove\api\match\MatchPolicy.java|129|B|P2|LocalDate.now() 未显式指定 ZoneId（JVM 默认时区）(String dateKey = LocalDate.now().forma)|JVM 时区与 DB Asia/Shanghai 不一致时，时间戳/窗口判断错位|统一时钟源（Clock/ZoneId），或至少注释声明时区契约|open|batch-2|
R4-01305|d:\6\恋爱小程序\apps\api\src\main\java\com\campuslove\api\match\MatchPolicy.java|157|B|P2|LocalDate.now() 未显式指定 ZoneId（JVM 默认时区）(String dateKey = LocalDate.now().forma)|JVM 时区与 DB Asia/Shanghai 不一致时，时间戳/窗口判断错位|统一时钟源（Clock/ZoneId），或至少注释声明时区契约|open|batch-2|
R4-01306|d:\6\恋爱小程序\apps\api\src\main\java\com\campuslove\api\match\MatchPolicy.java|193|B|P2|LocalDate.now() 未显式指定 ZoneId（JVM 默认时区）(String dateKey = LocalDate.now().forma)|JVM 时区与 DB Asia/Shanghai 不一致时，时间戳/窗口判断错位|统一时钟源（Clock/ZoneId），或至少注释声明时区契约|open|batch-2|
R4-01307|d:\6\恋爱小程序\apps\api\src\main\java\com\campuslove\api\match\MatchPolicy.java|216|B|P2|LocalDate.now() 未显式指定 ZoneId（JVM 默认时区）(String dateKey = LocalDate.now().forma)|JVM 时区与 DB Asia/Shanghai 不一致时，时间戳/窗口判断错位|统一时钟源（Clock/ZoneId），或至少注释声明时区契约|open|batch-2|
R4-01308|d:\6\恋爱小程序\apps\api\src\main\java\com\campuslove\api\match\MatchRecorder.java|123|B|P2|LocalDateTime.now() 未显式指定 ZoneId（JVM 默认时区）(like.setUpdatedAt(LocalDateTime.now()))|JVM 时区与 DB Asia/Shanghai 不一致时，时间戳/窗口判断错位|统一时钟源（Clock/ZoneId），或至少注释声明时区契约|open|batch-2|
R4-01309|d:\6\恋爱小程序\apps\api\src\main\java\com\campuslove\api\match\MatchRecorder.java|182|B|P2|LocalDateTime.now() 未显式指定 ZoneId（JVM 默认时区）(LocalDateTime now = LocalDateTime.now()|JVM 时区与 DB Asia/Shanghai 不一致时，时间戳/窗口判断错位|统一时钟源（Clock/ZoneId），或至少注释声明时区契约|open|batch-2|
R4-01310|d:\6\恋爱小程序\apps\api\src\main\java\com\campuslove\api\match\MatchRecorder.java|214|B|P2|LocalDateTime.now() 未显式指定 ZoneId（JVM 默认时区）(record.setCreatedAt(LocalDateTime.now()|JVM 时区与 DB Asia/Shanghai 不一致时，时间戳/窗口判断错位|统一时钟源（Clock/ZoneId），或至少注释声明时区契约|open|batch-2|
R4-01311|d:\6\恋爱小程序\apps\api\src\main\java\com\campuslove\api\match\MatchRecorder.java|260|B|P2|LocalDate.now() 未显式指定 ZoneId（JVM 默认时区）(LocalDate today = LocalDate.now();)|JVM 时区与 DB Asia/Shanghai 不一致时，时间戳/窗口判断错位|统一时钟源（Clock/ZoneId），或至少注释声明时区契约|open|batch-2|
R4-01312|d:\6\恋爱小程序\apps\api\src\main\java\com\campuslove\api\match\MatchRecorder.java|267|B|P2|LocalDateTime.now() 未显式指定 ZoneId（JVM 默认时区）(visitor.setCreatedAt(LocalDateTime.now)|JVM 时区与 DB Asia/Shanghai 不一致时，时间戳/窗口判断错位|统一时钟源（Clock/ZoneId），或至少注释声明时区契约|open|batch-2|
R4-01313|d:\6\恋爱小程序\apps\api\src\main\java\com\campuslove\api\match\MatchRecorder.java|294|B|P2|LocalDateTime.now() 未显式指定 ZoneId（JVM 默认时区）(signal.setUpdatedAt(LocalDateTime.now()|JVM 时区与 DB Asia/Shanghai 不一致时，时间戳/窗口判断错位|统一时钟源（Clock/ZoneId），或至少注释声明时区契约|open|batch-2|
R4-01314|d:\6\恋爱小程序\apps\api\src\main\java\com\campuslove\api\match\MatchRecorder.java|305|B|P2|LocalDateTime.now() 未显式指定 ZoneId（JVM 默认时区）(signal.setUpdatedAt(LocalDateTime.now()|JVM 时区与 DB Asia/Shanghai 不一致时，时间戳/窗口判断错位|统一时钟源（Clock/ZoneId），或至少注释声明时区契约|open|batch-2|
R4-01315|d:\6\恋爱小程序\apps\api\src\main\java\com\campuslove\api\match\MatchRecorder.java|353|B|P2|Instant.now() 未显式指定 ZoneId（JVM 默认时区）(userId, targetUserId, type, Instant.no)|JVM 时区与 DB Asia/Shanghai 不一致时，时间戳/窗口判断错位|统一时钟源（Clock/ZoneId），或至少注释声明时区契约|open|batch-2|
R4-01316|d:\6\恋爱小程序\apps\api\src\main\java\com\campuslove\api\village\MockPostTagService.java|104|B|P2|LocalDateTime.now() 未显式指定 ZoneId（JVM 默认时区）(LocalDateTime.now().minusHours(1))|JVM 时区与 DB Asia/Shanghai 不一致时，时间戳/窗口判断错位|统一时钟源（Clock/ZoneId），或至少注释声明时区契约|open|batch-2|
R4-01317|d:\6\恋爱小程序\apps\api\src\main\java\com\campuslove\api\village\MockPostTagService.java|110|B|P2|LocalDateTime.now() 未显式指定 ZoneId（JVM 默认时区）(LocalDateTime.now().minusHours(3))|JVM 时区与 DB Asia/Shanghai 不一致时，时间戳/窗口判断错位|统一时钟源（Clock/ZoneId），或至少注释声明时区契约|open|batch-2|
R4-01318|d:\6\恋爱小程序\apps\api\src\main\java\com\campuslove\api\village\MockPostTagService.java|116|B|P2|LocalDateTime.now() 未显式指定 ZoneId（JVM 默认时区）(LocalDateTime.now().minusHours(5))|JVM 时区与 DB Asia/Shanghai 不一致时，时间戳/窗口判断错位|统一时钟源（Clock/ZoneId），或至少注释声明时区契约|open|batch-2|
R4-01319|d:\6\恋爱小程序\apps\api\src\main\java\com\campuslove\api\village\MockPostTagService.java|122|B|P2|LocalDateTime.now() 未显式指定 ZoneId（JVM 默认时区）(LocalDateTime.now().minusDays(1))|JVM 时区与 DB Asia/Shanghai 不一致时，时间戳/窗口判断错位|统一时钟源（Clock/ZoneId），或至少注释声明时区契约|open|batch-2|
R4-01320|d:\6\恋爱小程序\apps\api\src\main\java\com\campuslove\api\village\MockPostTagService.java|128|B|P2|LocalDateTime.now() 未显式指定 ZoneId（JVM 默认时区）(LocalDateTime.now().minusDays(1).minus)|JVM 时区与 DB Asia/Shanghai 不一致时，时间戳/窗口判断错位|统一时钟源（Clock/ZoneId），或至少注释声明时区契约|open|batch-2|
R4-01321|d:\6\恋爱小程序\apps\api\src\main\java\com\campuslove\api\village\MockPostTagService.java|134|B|P2|LocalDateTime.now() 未显式指定 ZoneId（JVM 默认时区）(LocalDateTime.now().minusDays(2))|JVM 时区与 DB Asia/Shanghai 不一致时，时间戳/窗口判断错位|统一时钟源（Clock/ZoneId），或至少注释声明时区契约|open|batch-2|
R4-01322|d:\6\恋爱小程序\apps\api\src\main\java\com\campuslove\api\village\PostReportController.java|101|B|P2|LocalDateTime.now() 未显式指定 ZoneId（JVM 默认时区）(report.setCreatedAt(LocalDateTime.now()|JVM 时区与 DB Asia/Shanghai 不一致时，时间戳/窗口判断错位|统一时钟源（Clock/ZoneId），或至少注释声明时区契约|open|batch-2|
R4-01323|d:\6\恋爱小程序\apps\api\src\main\java\com\campuslove\api\village\VillageInteractionService.java|150|B|P2|LocalDateTime.now() 未显式指定 ZoneId（JVM 默认时区）(LocalDateTime now = LocalDateTime.now()|JVM 时区与 DB Asia/Shanghai 不一致时，时间戳/窗口判断错位|统一时钟源（Clock/ZoneId），或至少注释声明时区契约|open|batch-2|
R4-01324|d:\6\恋爱小程序\apps\api\src\main\java\com\campuslove\api\village\VillageInteractionService.java|313|B|P2|LocalDateTime.now() 未显式指定 ZoneId（JVM 默认时区）(LocalDateTime now = LocalDateTime.now()|JVM 时区与 DB Asia/Shanghai 不一致时，时间戳/窗口判断错位|统一时钟源（Clock/ZoneId），或至少注释声明时区契约|open|batch-2|
R4-01325|d:\6\恋爱小程序\apps\api\src\main\java\com\campuslove\api\village\VillageInteractionService.java|384|B|P2|LocalDateTime.now() 未显式指定 ZoneId（JVM 默认时区）(LocalDateTime now = LocalDateTime.now()|JVM 时区与 DB Asia/Shanghai 不一致时，时间戳/窗口判断错位|统一时钟源（Clock/ZoneId），或至少注释声明时区契约|open|batch-2|
R4-01326|d:\6\恋爱小程序\apps\api\src\main\java\com\campuslove\api\village\VillageInteractionService.java|439|B|P2|LocalDateTime.now() 未显式指定 ZoneId（JVM 默认时区）(LocalDateTime now = LocalDateTime.now()|JVM 时区与 DB Asia/Shanghai 不一致时，时间戳/窗口判断错位|统一时钟源（Clock/ZoneId），或至少注释声明时区契约|open|batch-2|
R4-01327|d:\6\恋爱小程序\apps\api\src\main\java\com\campuslove\api\village\VillagePostService.java|106|B|P2|LocalDateTime.now() 未显式指定 ZoneId（JVM 默认时区）(LocalDateTime now = LocalDateTime.now()|JVM 时区与 DB Asia/Shanghai 不一致时，时间戳/窗口判断错位|统一时钟源（Clock/ZoneId），或至少注释声明时区契约|open|batch-2|
R4-01328|d:\6\恋爱小程序\apps\api\src\main\java\com\campuslove\api\auth\OnlineUserService.java|84|B|P2|System.currentTimeMillis() 作日期/过期语义，未统一时间源 (long nowMs = System.currentTimeMillis()|epoch 语义无时区问题，但与 LocalDateTime 混用使换算口径不统一|统一时间源（Clock/Instant 优先），避免与 LocalDateTime 混算|open|batch-2|
R4-01329|d:\6\恋爱小程序\apps\api\src\main\java\com\campuslove\api\auth\OnlineUserService.java|163|B|P2|System.currentTimeMillis() 作日期/过期语义，未统一时间源 (expiresAtEpochMs() < System.currentTim)|epoch 语义无时区问题，但与 LocalDateTime 混用使换算口径不统一|统一时间源（Clock/Instant 优先），避免与 LocalDateTime 混算|open|batch-2|
R4-01330|d:\6\恋爱小程序\apps\api\src\main\java\com\campuslove\api\auth\OnlineUserService.java|188|B|P2|System.currentTimeMillis() 作日期/过期语义，未统一时间源 (expiresAtEpochMs() < System.currentTim)|epoch 语义无时区问题，但与 LocalDateTime 混用使换算口径不统一|统一时间源（Clock/Instant 优先），避免与 LocalDateTime 混算|open|batch-2|
R4-01331|d:\6\恋爱小程序\apps\api\src\main\java\com\campuslove\api\auth\OnlineUserService.java|203|B|P2|System.currentTimeMillis() 作日期/过期语义，未统一时间源 (long now = System.currentTimeMillis())|epoch 语义无时区问题，但与 LocalDateTime 混用使换算口径不统一|统一时间源（Clock/Instant 优先），避免与 LocalDateTime 混算|open|batch-2|
R4-01332|d:\6\恋爱小程序\apps\api\src\main\java\com\campuslove\api\auth\OnlineUserService.java|283|B|P2|System.currentTimeMillis() 作日期/过期语义，未统一时间源 (expiresAtEpochMs - System.currentTimeM)|epoch 语义无时区问题，但与 LocalDateTime 混用使换算口径不统一|统一时间源（Clock/Instant 优先），避免与 LocalDateTime 混算|open|batch-2|
R4-01333|d:\6\恋爱小程序\apps\api\src\main\java\com\campuslove\api\auth\RedisTokenBlacklistService.java|71|B|P2|System.currentTimeMillis() 作日期/过期语义，未统一时间源 (long now = System.currentTimeMillis())|epoch 语义无时区问题，但与 LocalDateTime 混用使换算口径不统一|统一时间源（Clock/Instant 优先），避免与 LocalDateTime 混算|open|batch-2|
R4-01334|d:\6\恋爱小程序\apps\api\src\main\java\com\campuslove\api\auth\RedisTokenBlacklistService.java|119|B|P2|System.currentTimeMillis() 作日期/过期语义，未统一时间源 (currentTimeMillis() + ttlSeconds * 100)|epoch 语义无时区问题，但与 LocalDateTime 混用使换算口径不统一|统一时间源（Clock/Instant 优先），避免与 LocalDateTime 混算|open|batch-2|
R4-01335|d:\6\恋爱小程序\apps\api\src\main\java\com\campuslove\api\auth\RedisTokenBlacklistService.java|185|B|P2|System.currentTimeMillis() 作日期/过期语义，未统一时间源 (expireAt < System.currentTimeMillis())|epoch 语义无时区问题，但与 LocalDateTime 混用使换算口径不统一|统一时间源（Clock/Instant 优先），避免与 LocalDateTime 混算|open|batch-2|
R4-01336|d:\6\恋爱小程序\apps\api\src\main\java\com\campuslove\api\ratelimit\RateLimitBucketRegistry.java|90|B|P2|System.currentTimeMillis() 作日期/过期语义，未统一时间源 (entry.lastUsedAt = System.currentTimeM)|epoch 语义无时区问题，但与 LocalDateTime 混用使换算口径不统一|统一时间源（Clock/Instant 优先），避免与 LocalDateTime 混算|open|batch-2|
R4-01337|d:\6\恋爱小程序\apps\api\src\main\java\com\campuslove\api\ratelimit\RateLimitBucketRegistry.java|134|B|P2|System.currentTimeMillis() 作日期/过期语义，未统一时间源 (long now = System.currentTimeMillis())|epoch 语义无时区问题，但与 LocalDateTime 混用使换算口径不统一|统一时间源（Clock/Instant 优先），避免与 LocalDateTime 混算|open|batch-2|
R4-01338|d:\6\恋爱小程序\apps\api\src\main\java\com\campuslove\api\ratelimit\RateLimitBucketRegistry.java|172|B|P2|System.currentTimeMillis() 作日期/过期语义，未统一时间源 (new BucketEntry(bucket, System.current)|epoch 语义无时区问题，但与 LocalDateTime 混用使换算口径不统一|统一时间源（Clock/Instant 优先），避免与 LocalDateTime 混算|open|batch-2|
R4-01339|d:\6\恋爱小程序\apps\api\src\main\java\com\campuslove\api\growth\WeChatPushService.java|85|B|P2|System.currentTimeMillis() 作日期/过期语义，未统一时间源 (long now = System.currentTimeMillis())|epoch 语义无时区问题，但与 LocalDateTime 混用使换算口径不统一|统一时间源（Clock/Instant 优先），避免与 LocalDateTime 混算|open|batch-2|
R4-01340|d:\6\恋爱小程序\apps\api\src\main\java\com\campuslove\api\growth\WeChatPushService.java|113|B|P2|System.currentTimeMillis() 作日期/过期语义，未统一时间源 (long nowAfterFetch = System.currentTim)|epoch 语义无时区问题，但与 LocalDateTime 混用使换算口径不统一|统一时间源（Clock/Instant 优先），避免与 LocalDateTime 混算|open|batch-2|
R4-01341|d:\6\恋爱小程序\apps\api\src\main\java\com\campuslove\api\auth\AppleIdentityTokenVerifier.java|179|B|P2|System.currentTimeMillis() 作日期/过期语义，未统一时间源 (long now = System.currentTimeMillis())|epoch 语义无时区问题，但与 LocalDateTime 混用使换算口径不统一|统一时间源（Clock/Instant 优先），避免与 LocalDateTime 混算|open|batch-2|
R4-01342|d:\6\恋爱小程序\apps\api\src\main\java\com\campuslove\api\auth\AppleIdentityTokenVerifier.java|185|B|P2|System.currentTimeMillis() 作日期/过期语义，未统一时间源 (now = System.currentTimeMillis())|epoch 语义无时区问题，但与 LocalDateTime 混用使换算口径不统一|统一时间源（Clock/Instant 优先），避免与 LocalDateTime 混算|open|batch-2|
R4-01343|d:\6\恋爱小程序\apps\api\src\main\java\com\campuslove\api\auth\AppleIdentityTokenVerifier.java|192|B|P2|System.currentTimeMillis() 作日期/过期语义，未统一时间源 (keysFetchedAtMillis = System.currentTi)|epoch 语义无时区问题，但与 LocalDateTime 混用使换算口径不统一|统一时间源（Clock/Instant 优先），避免与 LocalDateTime 混算|open|batch-2|
R4-01777|d:\6\恋爱小程序\apps\api\src\main\resources\application.yml|39|H|P2|RABBITMQ_PASSWORD 默认值 guest（RabbitMQ 默认弱口令）|未配置时 MQ 使用 guest/guest 弱凭据，生产环境消息队列可被外部访问|删除默认值，未配置时启动失败或提示配置|open|batch-2|
R4-01778|d:\6\恋爱小程序\apps\api\src\main\resources\application-real.yml|112|H|P2|RABBITMQ_PASSWORD 默认值 guest|同 application.yml:39，real profile 同样存在弱口令默认值|删除默认值，未配置时启动失败或提示配置|open|batch-2|
R4-01779|d:\6\恋爱小程序\apps\api\src\main\java\com\campuslove\api\growth\WeChatPushService.java|36|H|P2|硬编码微信 API URL https://api.weixin.qq.com/cgi-bin/token?grant_type=client_credential...|第三方接口地址写死在代码，环境切换（沙箱/生产）需改码|外部化到配置（参考 WeChatClient 的 jscode2session-url 注入方式）|open|batch-2|
R4-01780|d:\6\恋爱小程序\apps\api\src\main\java\com\campuslove\api\growth\WeChatPushService.java|39|H|P2|硬编码微信订阅消息 URL https://api.weixin.qq.com/cgi-bin/message/subscribe/send...|第三方接口地址写死在代码，环境切换需改码|外部化到配置|open|batch-2|
R4-01781|d:\6\恋爱小程序\apps\api\src\main\java\com\campuslove\api\config\OpenApiConfig.java|116|H|P2|@Value 默认值 http://localhost:8080（OPENAPI_LOCAL_SERVER_URL 未配置时生效）|生产未配置时 OpenAPI 文档 server 指向 localhost，联调/文档工具连错地址|生产 profile 移除默认值，强制显式配置|open|batch-2|
R4-01953|d:\6\恋爱小程序\apps\admin\src\views\activity\Activities.vue|84|H|P2|硬编码中文用户可见文案未走 $t()/t()（加载活动列表失败）|Admin 界面无法完整国际化（en-US 下仍显示中文），i18n 覆盖不一致，新增语言/多租户文案成本高|迁入 i18n locales（zh-CN/en-US）并改用 $t()/t() 渲染|open|batch-2|
R4-01954|d:\6\恋爱小程序\apps\admin\src\views\activity\Activities.vue|200|H|P2|硬编码中文用户可见文案未走 $t()/t()（活动标题不能为空）|Admin 界面无法完整国际化（en-US 下仍显示中文），i18n 覆盖不一致，新增语言/多租户文案成本高|迁入 i18n locales（zh-CN/en-US）并改用 $t()/t() 渲染|open|batch-2|
R4-01955|d:\6\恋爱小程序\apps\admin\src\views\activity\Activities.vue|204|H|P2|硬编码中文用户可见文案未走 $t()/t()（活动地点不能为空）|Admin 界面无法完整国际化（en-US 下仍显示中文），i18n 覆盖不一致，新增语言/多租户文案成本高|迁入 i18n locales（zh-CN/en-US）并改用 $t()/t() 渲染|open|batch-2|
R4-01956|d:\6\恋爱小程序\apps\admin\src\views\activity\Activities.vue|236|H|P2|硬编码中文用户可见文案未走 $t()/t()（保存失败）|Admin 界面无法完整国际化（en-US 下仍显示中文），i18n 覆盖不一致，新增语言/多租户文案成本高|迁入 i18n locales（zh-CN/en-US）并改用 $t()/t() 渲染|open|batch-2|
R4-01957|d:\6\恋爱小程序\apps\admin\src\views\activity\Activities.vue|333|H|P2|硬编码中文用户可见文案未走 $t()/t()（维护活动信息、上架状态与报名数据）|Admin 界面无法完整国际化（en-US 下仍显示中文），i18n 覆盖不一致，新增语言/多租户文案成本高|迁入 i18n locales（zh-CN/en-US）并改用 $t()/t() 渲染|open|batch-2|
R4-01958|d:\6\恋爱小程序\apps\admin\src\views\activity\Activities.vue|345|H|P2|硬编码中文用户可见文案未走 $t()/t()（全部状态）|Admin 界面无法完整国际化（en-US 下仍显示中文），i18n 覆盖不一致，新增语言/多租户文案成本高|迁入 i18n locales（zh-CN/en-US）并改用 $t()/t() 渲染|open|batch-2|
R4-01959|d:\6\恋爱小程序\apps\admin\src\views\activity\Activities.vue|356|H|P2|硬编码中文用户可见文案未走 $t()/t()（新建活动）|Admin 界面无法完整国际化（en-US 下仍显示中文），i18n 覆盖不一致，新增语言/多租户文案成本高|迁入 i18n locales（zh-CN/en-US）并改用 $t()/t() 渲染|open|batch-2|
R4-01960|d:\6\恋爱小程序\apps\admin\src\views\activity\Activities.vue|382|H|P2|硬编码中文用户可见文案未走 $t()/t()（暂无活动数据）|Admin 界面无法完整国际化（en-US 下仍显示中文），i18n 覆盖不一致，新增语言/多租户文案成本高|迁入 i18n locales（zh-CN/en-US）并改用 $t()/t() 渲染|open|batch-2|
R4-01961|d:\6\恋爱小程序\apps\admin\src\views\activity\Activities.vue|429|H|P2|硬编码中文用户可见文案未走 $t()/t()（新建活动/编辑活动）|Admin 界面无法完整国际化（en-US 下仍显示中文），i18n 覆盖不一致，新增语言/多租户文案成本高|迁入 i18n locales（zh-CN/en-US）并改用 $t()/t() 渲染|open|batch-2|
R4-01962|d:\6\恋爱小程序\apps\admin\src\views\activity\Activities.vue|433|H|P2|硬编码中文用户可见文案未走 $t()/t()（请输入活动标题（必填））|Admin 界面无法完整国际化（en-US 下仍显示中文），i18n 覆盖不一致，新增语言/多租户文案成本高|迁入 i18n locales（zh-CN/en-US）并改用 $t()/t() 渲染|open|batch-2|
R4-01963|d:\6\恋爱小程序\apps\admin\src\views\activity\Enrollments.vue|63|H|P2|硬编码中文用户可见文案未走 $t()/t()（请先输入有效的活动 ID）|Admin 界面无法完整国际化（en-US 下仍显示中文），i18n 覆盖不一致，新增语言/多租户文案成本高|迁入 i18n locales（zh-CN/en-US）并改用 $t()/t() 渲染|open|batch-2|
R4-01964|d:\6\恋爱小程序\apps\admin\src\views\activity\Enrollments.vue|77|H|P2|硬编码中文用户可见文案未走 $t()/t()（加载报名列表失败）|Admin 界面无法完整国际化（en-US 下仍显示中文），i18n 覆盖不一致，新增语言/多租户文案成本高|迁入 i18n locales（zh-CN/en-US）并改用 $t()/t() 渲染|open|batch-2|
R4-01965|d:\6\恋爱小程序\apps\admin\src\views\activity\Enrollments.vue|111|H|P2|硬编码中文用户可见文案未走 $t()/t()（导出失败）|Admin 界面无法完整国际化（en-US 下仍显示中文），i18n 覆盖不一致，新增语言/多租户文案成本高|迁入 i18n locales（zh-CN/en-US）并改用 $t()/t() 渲染|open|batch-2|
R4-01966|d:\6\恋爱小程序\apps\admin\src\views\activity\Enrollments.vue|151|H|P2|硬编码中文用户可见文案未走 $t()/t()（查看指定活动的报名用户列表，支持 CSV 导出）|Admin 界面无法完整国际化（en-US 下仍显示中文），i18n 覆盖不一致，新增语言/多租户文案成本高|迁入 i18n locales（zh-CN/en-US）并改用 $t()/t() 渲染|open|batch-2|
R4-01967|d:\6\恋爱小程序\apps\admin\src\views\activity\Enrollments.vue|159|H|P2|硬编码中文用户可见文案未走 $t()/t()（输入活动 ID（如从活动列表跳转则自动填充））|Admin 界面无法完整国际化（en-US 下仍显示中文），i18n 覆盖不一致，新增语言/多租户文案成本高|迁入 i18n locales（zh-CN/en-US）并改用 $t()/t() 渲染|open|batch-2|
R4-01968|d:\6\恋爱小程序\apps\admin\src\views\activity\Enrollments.vue|164|H|P2|硬编码中文用户可见文案未走 $t()/t()（导出 CSV）|Admin 界面无法完整国际化（en-US 下仍显示中文），i18n 覆盖不一致，新增语言/多租户文案成本高|迁入 i18n locales（zh-CN/en-US）并改用 $t()/t() 渲染|open|batch-2|
R4-01969|d:\6\恋爱小程序\apps\admin\src\views\activity\Enrollments.vue|200|H|P2|硬编码中文用户可见文案未走 $t()/t()（已报名）|Admin 界面无法完整国际化（en-US 下仍显示中文），i18n 覆盖不一致，新增语言/多租户文案成本高|迁入 i18n locales（zh-CN/en-US）并改用 $t()/t() 渲染|open|batch-2|
R4-01970|d:\6\恋爱小程序\apps\admin\src\views\business\Coins.vue|59|H|P2|硬编码中文用户可见文案未走 $t()/t()（签到）|Admin 界面无法完整国际化（en-US 下仍显示中文），i18n 覆盖不一致，新增语言/多租户文案成本高|迁入 i18n locales（zh-CN/en-US）并改用 $t()/t() 渲染|open|batch-2|
R4-01971|d:\6\恋爱小程序\apps\admin\src\views\business\Coins.vue|60|H|P2|硬编码中文用户可见文案未走 $t()/t()（补签）|Admin 界面无法完整国际化（en-US 下仍显示中文），i18n 覆盖不一致，新增语言/多租户文案成本高|迁入 i18n locales（zh-CN/en-US）并改用 $t()/t() 渲染|open|batch-2|
R4-01972|d:\6\恋爱小程序\apps\admin\src\views\business\Coins.vue|99|H|P2|硬编码中文用户可见文案未走 $t()/t()（加载积分流水失败）|Admin 界面无法完整国际化（en-US 下仍显示中文），i18n 覆盖不一致，新增语言/多租户文案成本高|迁入 i18n locales（zh-CN/en-US）并改用 $t()/t() 渲染|open|batch-2|
R4-01973|d:\6\恋爱小程序\apps\admin\src\views\business\Coins.vue|155|H|P2|硬编码中文用户可见文案未走 $t()/t()（金币（签到积分）流水）|Admin 界面无法完整国际化（en-US 下仍显示中文），i18n 覆盖不一致，新增语言/多租户文案成本高|迁入 i18n locales（zh-CN/en-US）并改用 $t()/t() 渲染|open|batch-2|
R4-01974|d:\6\恋爱小程序\apps\admin\src\views\business\Coins.vue|166|H|P2|硬编码中文用户可见文案未走 $t()/t()（用户 ID）|Admin 界面无法完整国际化（en-US 下仍显示中文），i18n 覆盖不一致，新增语言/多租户文案成本高|迁入 i18n locales（zh-CN/en-US）并改用 $t()/t() 渲染|open|batch-2|
R4-01975|d:\6\恋爱小程序\apps\admin\src\views\business\Coins.vue|176|H|P2|硬编码中文用户可见文案未走 $t()/t()（搜索）|Admin 界面无法完整国际化（en-US 下仍显示中文），i18n 覆盖不一致，新增语言/多租户文案成本高|迁入 i18n locales（zh-CN/en-US）并改用 $t()/t() 渲染|open|batch-2|
R4-01976|d:\6\恋爱小程序\apps\admin\src\views\business\Coins.vue|201|H|P2|硬编码中文用户可见文案未走 $t()/t()（暂无积分流水数据）|Admin 界面无法完整国际化（en-US 下仍显示中文），i18n 覆盖不一致，新增语言/多租户文案成本高|迁入 i18n locales（zh-CN/en-US）并改用 $t()/t() 渲染|open|batch-2|
R4-01977|d:\6\恋爱小程序\apps\admin\src\views\business\PromoCodes.vue|86|H|P2|硬编码中文用户可见文案未走 $t()/t()（可用）|Admin 界面无法完整国际化（en-US 下仍显示中文），i18n 覆盖不一致，新增语言/多租户文案成本高|迁入 i18n locales（zh-CN/en-US）并改用 $t()/t() 渲染|open|batch-2|
R4-01978|d:\6\恋爱小程序\apps\admin\src\views\business\PromoCodes.vue|87|H|P2|硬编码中文用户可见文案未走 $t()/t()（已作废）|Admin 界面无法完整国际化（en-US 下仍显示中文），i18n 覆盖不一致，新增语言/多租户文案成本高|迁入 i18n locales（zh-CN/en-US）并改用 $t()/t() 渲染|open|batch-2|
R4-01979|d:\6\恋爱小程序\apps\admin\src\views\business\PromoCodes.vue|217|H|P2|硬编码中文用户可见文案未走 $t()/t()（生成数量须为 1-500 之间）|Admin 界面无法完整国际化（en-US 下仍显示中文），i18n 覆盖不一致，新增语言/多租户文案成本高|迁入 i18n locales（zh-CN/en-US）并改用 $t()/t() 渲染|open|batch-2|
R4-01980|d:\6\恋爱小程序\apps\admin\src\views\business\PromoCodes.vue|226|H|P2|硬编码中文用户可见文案未走 $t()/t()（百分比折扣值不能超过 100）|Admin 界面无法完整国际化（en-US 下仍显示中文），i18n 覆盖不一致，新增语言/多租户文案成本高|迁入 i18n locales（zh-CN/en-US）并改用 $t()/t() 渲染|open|batch-2|
R4-01981|d:\6\恋爱小程序\apps\admin\src\views\business\PromoCodes.vue|254|H|P2|硬编码中文用户可见文案未走 $t()/t()（已生成 N 个兑换码（示例））|Admin 界面无法完整国际化（en-US 下仍显示中文），i18n 覆盖不一致，新增语言/多租户文案成本高|迁入 i18n locales（zh-CN/en-US）并改用 $t()/t() 渲染|open|batch-2|
R4-01982|d:\6\恋爱小程序\apps\admin\src\views\business\PromoCodes.vue|321|H|P2|硬编码中文用户可见文案未走 $t()/t()（优惠码管理）|Admin 界面无法完整国际化（en-US 下仍显示中文），i18n 覆盖不一致，新增语言/多租户文案成本高|迁入 i18n locales（zh-CN/en-US）并改用 $t()/t() 渲染|open|batch-2|
R4-01983|d:\6\恋爱小程序\apps\admin\src\views\business\PromoCodes.vue|343|H|P2|硬编码中文用户可见文案未走 $t()/t()（搜索）|Admin 界面无法完整国际化（en-US 下仍显示中文），i18n 覆盖不一致，新增语言/多租户文案成本高|迁入 i18n locales（zh-CN/en-US）并改用 $t()/t() 渲染|open|batch-2|
R4-01984|d:\6\恋爱小程序\apps\admin\src\views\business\PromoCodes.vue|415|H|P2|硬编码中文用户可见文案未走 $t()/t()（批量生成兑换码）|Admin 界面无法完整国际化（en-US 下仍显示中文），i18n 覆盖不一致，新增语言/多租户文案成本高|迁入 i18n locales（zh-CN/en-US）并改用 $t()/t() 渲染|open|batch-2|
R4-01985|d:\6\恋爱小程序\apps\admin\src\views\business\PromoCodes.vue|466|H|P2|硬编码中文用户可见文案未走 $t()/t()（生成中.../生成）|Admin 界面无法完整国际化（en-US 下仍显示中文），i18n 覆盖不一致，新增语言/多租户文案成本高|迁入 i18n locales（zh-CN/en-US）并改用 $t()/t() 渲染|open|batch-2|
R4-01986|d:\6\恋爱小程序\apps\admin\src\views\business\Shop.vue|98|H|P2|硬编码中文用户可见文案未走 $t()/t()（门票）|Admin 界面无法完整国际化（en-US 下仍显示中文），i18n 覆盖不一致，新增语言/多租户文案成本高|迁入 i18n locales（zh-CN/en-US）并改用 $t()/t() 渲染|open|batch-2|
R4-01987|d:\6\恋爱小程序\apps\admin\src\views\business\Shop.vue|100|H|P2|硬编码中文用户可见文案未走 $t()/t()（商品）|Admin 界面无法完整国际化（en-US 下仍显示中文），i18n 覆盖不一致，新增语言/多租户文案成本高|迁入 i18n locales（zh-CN/en-US）并改用 $t()/t() 渲染|open|batch-2|
R4-01988|d:\6\恋爱小程序\apps\admin\src\views\business\Shop.vue|152|H|P2|硬编码中文用户可见文案未走 $t()/t()（加载商城商品失败）|Admin 界面无法完整国际化（en-US 下仍显示中文），i18n 覆盖不一致，新增语言/多租户文案成本高|迁入 i18n locales（zh-CN/en-US）并改用 $t()/t() 渲染|open|batch-2|
R4-01989|d:\6\恋爱小程序\apps\admin\src\views\business\Shop.vue|239|H|P2|硬编码中文用户可见文案未走 $t()/t()（商品标题不能为空）|Admin 界面无法完整国际化（en-US 下仍显示中文），i18n 覆盖不一致，新增语言/多租户文案成本高|迁入 i18n locales（zh-CN/en-US）并改用 $t()/t() 渲染|open|batch-2|
R4-01990|d:\6\恋爱小程序\apps\admin\src\views\business\Shop.vue|355|H|P2|硬编码中文用户可见文案未走 $t()/t()（商城管理）|Admin 界面无法完整国际化（en-US 下仍显示中文），i18n 覆盖不一致，新增语言/多租户文案成本高|迁入 i18n locales（zh-CN/en-US）并改用 $t()/t() 渲染|open|batch-2|
R4-01991|d:\6\恋爱小程序\apps\admin\src\views\business\Shop.vue|395|H|P2|硬编码中文用户可见文案未走 $t()/t()（标题（表头））|Admin 界面无法完整国际化（en-US 下仍显示中文），i18n 覆盖不一致，新增语言/多租户文案成本高|迁入 i18n locales（zh-CN/en-US）并改用 $t()/t() 渲染|open|batch-2|
R4-01992|d:\6\恋爱小程序\apps\admin\src\views\business\Shop.vue|412|H|P2|硬编码中文用户可见文案未走 $t()/t()（暂无商品数据）|Admin 界面无法完整国际化（en-US 下仍显示中文），i18n 覆盖不一致，新增语言/多租户文案成本高|迁入 i18n locales（zh-CN/en-US）并改用 $t()/t() 渲染|open|batch-2|
R4-01993|d:\6\恋爱小程序\apps\admin\src\views\business\Shop.vue|458|H|P2|硬编码中文用户可见文案未走 $t()/t()（编辑商品/新增商品）|Admin 界面无法完整国际化（en-US 下仍显示中文），i18n 覆盖不一致，新增语言/多租户文案成本高|迁入 i18n locales（zh-CN/en-US）并改用 $t()/t() 渲染|open|batch-2|
R4-01994|d:\6\恋爱小程序\apps\admin\src\views\business\Shop.vue|512|H|P2|硬编码中文用户可见文案未走 $t()/t()（保存中.../保存）|Admin 界面无法完整国际化（en-US 下仍显示中文），i18n 覆盖不一致，新增语言/多租户文案成本高|迁入 i18n locales（zh-CN/en-US）并改用 $t()/t() 渲染|open|batch-2|
R4-01995|d:\6\恋爱小程序\apps\admin\src\views\business\VipBills.vue|63|H|P2|硬编码中文用户可见文案未走 $t()/t()（月度套餐）|Admin 界面无法完整国际化（en-US 下仍显示中文），i18n 覆盖不一致，新增语言/多租户文案成本高|迁入 i18n locales（zh-CN/en-US）并改用 $t()/t() 渲染|open|batch-2|
R4-01996|d:\6\恋爱小程序\apps\admin\src\views\business\VipBills.vue|70|H|P2|硬编码中文用户可见文案未走 $t()/t()（支付成功）|Admin 界面无法完整国际化（en-US 下仍显示中文），i18n 覆盖不一致，新增语言/多租户文案成本高|迁入 i18n locales（zh-CN/en-US）并改用 $t()/t() 渲染|open|batch-2|
R4-01997|d:\6\恋爱小程序\apps\admin\src\views\business\VipBills.vue|72|H|P2|硬编码中文用户可见文案未走 $t()/t()（已退款）|Admin 界面无法完整国际化（en-US 下仍显示中文），i18n 覆盖不一致，新增语言/多租户文案成本高|迁入 i18n locales（zh-CN/en-US）并改用 $t()/t() 渲染|open|batch-2|
R4-01998|d:\6\恋爱小程序\apps\admin\src\views\business\VipBills.vue|214|H|P2|硬编码中文用户可见文案未走 $t()/t()（VIP 账单）|Admin 界面无法完整国际化（en-US 下仍显示中文），i18n 覆盖不一致，新增语言/多租户文案成本高|迁入 i18n locales（zh-CN/en-US）并改用 $t()/t() 渲染|open|batch-2|
R4-01999|d:\6\恋爱小程序\apps\admin\src\views\business\VipBills.vue|259|H|P2|硬编码中文用户可见文案未走 $t()/t()（加载中...）|Admin 界面无法完整国际化（en-US 下仍显示中文），i18n 覆盖不一致，新增语言/多租户文案成本高|迁入 i18n locales（zh-CN/en-US）并改用 $t()/t() 渲染|open|batch-2|
R4-02000|d:\6\恋爱小程序\apps\admin\src\views\business\VipBills.vue|302|H|P2|硬编码中文用户可见文案未走 $t()/t()（账单 ID:）|Admin 界面无法完整国际化（en-US 下仍显示中文），i18n 覆盖不一致，新增语言/多租户文案成本高|迁入 i18n locales（zh-CN/en-US）并改用 $t()/t() 渲染|open|batch-2|
R4-02001|d:\6\恋爱小程序\apps\admin\src\views\business\VipPlans.vue|38|H|P2|硬编码中文用户可见文案未走 $t()/t()（月度套餐）|Admin 界面无法完整国际化（en-US 下仍显示中文），i18n 覆盖不一致，新增语言/多租户文案成本高|迁入 i18n locales（zh-CN/en-US）并改用 $t()/t() 渲染|open|batch-2|
R4-02002|d:\6\恋爱小程序\apps\admin\src\views\business\VipPlans.vue|45|H|P2|硬编码中文用户可见文案未走 $t()/t()（约 ¥45 / 季）|Admin 界面无法完整国际化（en-US 下仍显示中文），i18n 覆盖不一致，新增语言/多租户文案成本高|迁入 i18n locales（zh-CN/en-US）并改用 $t()/t() 渲染|open|batch-2|
R4-02003|d:\6\恋爱小程序\apps\admin\src\views\business\VipPlans.vue|58|H|P2|硬编码中文用户可见文案未走 $t()/t()（套餐由客户端 VIP 配置驱动）|Admin 界面无法完整国际化（en-US 下仍显示中文），i18n 覆盖不一致，新增语言/多租户文案成本高|迁入 i18n locales（zh-CN/en-US）并改用 $t()/t() 渲染|open|batch-2|
R4-02004|d:\6\恋爱小程序\apps\admin\src\views\business\VipPlans.vue|76|H|P2|硬编码中文用户可见文案未走 $t()/t()（该功能规划中，VIP 会员暂缓上线）|Admin 界面无法完整国际化（en-US 下仍显示中文），i18n 覆盖不一致，新增语言/多租户文案成本高|迁入 i18n locales（zh-CN/en-US）并改用 $t()/t() 渲染|open|batch-2|
R4-02005|d:\6\恋爱小程序\apps\admin\src\views\business\VipPlans.vue|82|H|P2|硬编码中文用户可见文案未走 $t()/t()（数据来源说明）|Admin 界面无法完整国际化（en-US 下仍显示中文），i18n 覆盖不一致，新增语言/多租户文案成本高|迁入 i18n locales（zh-CN/en-US）并改用 $t()/t() 渲染|open|batch-2|
R4-02006|d:\6\恋爱小程序\apps\admin\src\views\business\VipPlans.vue|113|H|P2|硬编码中文用户可见文案未走 $t()/t()（配置方式说明）|Admin 界面无法完整国际化（en-US 下仍显示中文），i18n 覆盖不一致，新增语言/多租户文案成本高|迁入 i18n locales（zh-CN/en-US）并改用 $t()/t() 渲染|open|batch-2|
R4-02007|d:\6\恋爱小程序\apps\admin\src\views\business\Wallets.vue|84|H|P2|硬编码中文用户可见文案未走 $t()/t()（扣减）|Admin 界面无法完整国际化（en-US 下仍显示中文），i18n 覆盖不一致，新增语言/多租户文案成本高|迁入 i18n locales（zh-CN/en-US）并改用 $t()/t() 渲染|open|batch-2|
R4-02008|d:\6\恋爱小程序\apps\admin\src\views\business\Wallets.vue|85|H|P2|硬编码中文用户可见文案未走 $t()/t()（充值）|Admin 界面无法完整国际化（en-US 下仍显示中文），i18n 覆盖不一致，新增语言/多租户文案成本高|迁入 i18n locales（zh-CN/en-US）并改用 $t()/t() 渲染|open|batch-2|
R4-02009|d:\6\恋爱小程序\apps\admin\src\views\business\Wallets.vue|96|H|P2|硬编码中文用户可见文案未走 $t()/t()（部分冻结/正常）|Admin 界面无法完整国际化（en-US 下仍显示中文），i18n 覆盖不一致，新增语言/多租户文案成本高|迁入 i18n locales（zh-CN/en-US）并改用 $t()/t() 渲染|open|batch-2|
R4-02010|d:\6\恋爱小程序\apps\admin\src\views\business\Wallets.vue|247|H|P2|硬编码中文用户可见文案未走 $t()/t()（请输入有效的用户 ID）|Admin 界面无法完整国际化（en-US 下仍显示中文），i18n 覆盖不一致，新增语言/多租户文案成本高|迁入 i18n locales（zh-CN/en-US）并改用 $t()/t() 渲染|open|batch-2|
R4-02011|d:\6\恋爱小程序\apps\admin\src\views\business\Wallets.vue|252|H|P2|硬编码中文用户可见文案未走 $t()/t()（调整金额不能为空且不能为 0）|Admin 界面无法完整国际化（en-US 下仍显示中文），i18n 覆盖不一致，新增语言/多租户文案成本高|迁入 i18n locales（zh-CN/en-US）并改用 $t()/t() 渲染|open|batch-2|
R4-02012|d:\6\恋爱小程序\apps\admin\src\views\business\Wallets.vue|264|H|P2|硬编码中文用户可见文案未走 $t()/t()（调整成功，用户 N 当前余额）|Admin 界面无法完整国际化（en-US 下仍显示中文），i18n 覆盖不一致，新增语言/多租户文案成本高|迁入 i18n locales（zh-CN/en-US）并改用 $t()/t() 渲染|open|batch-2|
R4-02013|d:\6\恋爱小程序\apps\admin\src\views\business\Wallets.vue|292|H|P2|硬编码中文用户可见文案未走 $t()/t()（钱包管理）|Admin 界面无法完整国际化（en-US 下仍显示中文），i18n 覆盖不一致，新增语言/多租户文案成本高|迁入 i18n locales（zh-CN/en-US）并改用 $t()/t() 渲染|open|batch-2|
R4-02014|d:\6\恋爱小程序\apps\admin\src\views\business\Wallets.vue|475|H|P2|硬编码中文用户可见文案未走 $t()/t()（调整钱包余额）|Admin 界面无法完整国际化（en-US 下仍显示中文），i18n 覆盖不一致，新增语言/多租户文案成本高|迁入 i18n locales（zh-CN/en-US）并改用 $t()/t() 渲染|open|batch-2|
R4-02015|d:\6\恋爱小程序\apps\admin\src\views\business\Wallets.vue|497|H|P2|硬编码中文用户可见文案未走 $t()/t()（提交中.../确认调整）|Admin 界面无法完整国际化（en-US 下仍显示中文），i18n 覆盖不一致，新增语言/多租户文案成本高|迁入 i18n locales（zh-CN/en-US）并改用 $t()/t() 渲染|open|batch-2|
R4-02016|d:\6\恋爱小程序\apps\admin\src\views\forum\CampusTopics.vue|69|H|P2|硬编码中文用户可见文案未走 $t()/t()（加载校园话题失败）|Admin 界面无法完整国际化（en-US 下仍显示中文），i18n 覆盖不一致，新增语言/多租户文案成本高|迁入 i18n locales（zh-CN/en-US）并改用 $t()/t() 渲染|open|batch-2|
R4-02017|d:\6\恋爱小程序\apps\admin\src\views\forum\CampusTopics.vue|128|H|P2|硬编码中文用户可见文案未走 $t()/t()（拒绝时必须填写备注（拒绝原因））|Admin 界面无法完整国际化（en-US 下仍显示中文），i18n 覆盖不一致，新增语言/多租户文案成本高|迁入 i18n locales（zh-CN/en-US）并改用 $t()/t() 渲染|open|batch-2|
R4-02018|d:\6\恋爱小程序\apps\admin\src\views\forum\CampusTopics.vue|182|H|P2|硬编码中文用户可见文案未走 $t()/t()（匿名用户）|Admin 界面无法完整国际化（en-US 下仍显示中文），i18n 覆盖不一致，新增语言/多租户文案成本高|迁入 i18n locales（zh-CN/en-US）并改用 $t()/t() 渲染|open|batch-2|
R4-02019|d:\6\恋爱小程序\apps\admin\src\views\forum\CampusTopics.vue|190|H|P2|硬编码中文用户可见文案未走 $t()/t()（正常（状态标签））|Admin 界面无法完整国际化（en-US 下仍显示中文），i18n 覆盖不一致，新增语言/多租户文案成本高|迁入 i18n locales（zh-CN/en-US）并改用 $t()/t() 渲染|open|batch-2|
R4-02020|d:\6\恋爱小程序\apps\admin\src\views\forum\CampusTopics.vue|204|H|P2|硬编码中文用户可见文案未走 $t()/t()（待审核）|Admin 界面无法完整国际化（en-US 下仍显示中文），i18n 覆盖不一致，新增语言/多租户文案成本高|迁入 i18n locales（zh-CN/en-US）并改用 $t()/t() 渲染|open|batch-2|
R4-02021|d:\6\恋爱小程序\apps\admin\src\views\forum\CampusTopics.vue|223|H|P2|硬编码中文用户可见文案未走 $t()/t()（审核与管理校园圈话题）|Admin 界面无法完整国际化（en-US 下仍显示中文），i18n 覆盖不一致，新增语言/多租户文案成本高|迁入 i18n locales（zh-CN/en-US）并改用 $t()/t() 渲染|open|batch-2|
R4-02022|d:\6\恋爱小程序\apps\admin\src\views\forum\CampusTopics.vue|271|H|P2|硬编码中文用户可见文案未走 $t()/t()（暂无校园话题数据）|Admin 界面无法完整国际化（en-US 下仍显示中文），i18n 覆盖不一致，新增语言/多租户文案成本高|迁入 i18n locales（zh-CN/en-US）并改用 $t()/t() 渲染|open|batch-2|
R4-02023|d:\6\恋爱小程序\apps\admin\src\views\forum\CampusTopics.vue|314|H|P2|硬编码中文用户可见文案未走 $t()/t()（确定要删除话题…（软删除））|Admin 界面无法完整国际化（en-US 下仍显示中文），i18n 覆盖不一致，新增语言/多租户文案成本高|迁入 i18n locales（zh-CN/en-US）并改用 $t()/t() 渲染|open|batch-2|
R4-02024|d:\6\恋爱小程序\apps\admin\src\views\forum\CircleTopics.vue|90|H|P2|硬编码中文用户可见文案未走 $t()/t()（请先选择或输入有效的圈子 ID）|Admin 界面无法完整国际化（en-US 下仍显示中文），i18n 覆盖不一致，新增语言/多租户文案成本高|迁入 i18n locales（zh-CN/en-US）并改用 $t()/t() 渲染|open|batch-2|
R4-02025|d:\6\恋爱小程序\apps\admin\src\views\forum\CircleTopics.vue|211|H|P2|硬编码中文用户可见文案未走 $t()/t()（查看与管理指定兴趣圈内的话题）|Admin 界面无法完整国际化（en-US 下仍显示中文），i18n 覆盖不一致，新增语言/多租户文案成本高|迁入 i18n locales（zh-CN/en-US）并改用 $t()/t() 渲染|open|batch-2|
R4-02026|d:\6\恋爱小程序\apps\admin\src\views\forum\CircleTopics.vue|216|H|P2|硬编码中文用户可见文案未走 $t()/t()（请选择圈子...）|Admin 界面无法完整国际化（en-US 下仍显示中文），i18n 覆盖不一致，新增语言/多租户文案成本高|迁入 i18n locales（zh-CN/en-US）并改用 $t()/t() 渲染|open|batch-2|
R4-02027|d:\6\恋爱小程序\apps\admin\src\views\forum\CircleTopics.vue|231|H|P2|硬编码中文用户可见文案未走 $t()/t()（当前圈子：）|Admin 界面无法完整国际化（en-US 下仍显示中文），i18n 覆盖不一致，新增语言/多租户文案成本高|迁入 i18n locales（zh-CN/en-US）并改用 $t()/t() 渲染|open|batch-2|
R4-02028|d:\6\恋爱小程序\apps\admin\src\views\forum\CircleTopics.vue|253|H|P2|硬编码中文用户可见文案未走 $t()/t()（暂无话题数据）|Admin 界面无法完整国际化（en-US 下仍显示中文），i18n 覆盖不一致，新增语言/多租户文案成本高|迁入 i18n locales（zh-CN/en-US）并改用 $t()/t() 渲染|open|batch-2|
R4-02029|d:\6\恋爱小程序\apps\admin\src\views\forum\CircleTopics.vue|261|H|P2|硬编码中文用户可见文案未走 $t()/t()（已置顶）|Admin 界面无法完整国际化（en-US 下仍显示中文），i18n 覆盖不一致，新增语言/多租户文案成本高|迁入 i18n locales（zh-CN/en-US）并改用 $t()/t() 渲染|open|batch-2|
R4-02030|d:\6\恋爱小程序\apps\admin\src\views\forum\CircleTopics.vue|270|H|P2|硬编码中文用户可见文案未走 $t()/t()（取消置顶/置顶）|Admin 界面无法完整国际化（en-US 下仍显示中文），i18n 覆盖不一致，新增语言/多租户文案成本高|迁入 i18n locales（zh-CN/en-US）并改用 $t()/t() 渲染|open|batch-2|
R4-02031|d:\6\恋爱小程序\apps\admin\src\views\forum\InterestCircles.vue|146|H|P2|硬编码中文用户可见文案未走 $t()/t()（圈名不能为空）|Admin 界面无法完整国际化（en-US 下仍显示中文），i18n 覆盖不一致，新增语言/多租户文案成本高|迁入 i18n locales（zh-CN/en-US）并改用 $t()/t() 渲染|open|batch-2|
R4-02032|d:\6\恋爱小程序\apps\admin\src\views\forum\InterestCircles.vue|155|H|P2|硬编码中文用户可见文案未走 $t()/t()（排序权重必须为整数）|Admin 界面无法完整国际化（en-US 下仍显示中文），i18n 覆盖不一致，新增语言/多租户文案成本高|迁入 i18n locales（zh-CN/en-US）并改用 $t()/t() 渲染|open|batch-2|
R4-02033|d:\6\恋爱小程序\apps\admin\src\views\forum\InterestCircles.vue|208|H|P2|硬编码中文用户可见文案未走 $t()/t()（该圈子下存在话题，请先处理话题后再删除）|Admin 界面无法完整国际化（en-US 下仍显示中文），i18n 覆盖不一致，新增语言/多租户文案成本高|迁入 i18n locales（zh-CN/en-US）并改用 $t()/t() 渲染|open|batch-2|
R4-02034|d:\6\恋爱小程序\apps\admin\src\views\forum\InterestCircles.vue|236|H|P2|硬编码中文用户可见文案未走 $t()/t()（维护兴趣圈基本信息与排序）|Admin 界面无法完整国际化（en-US 下仍显示中文），i18n 覆盖不一致，新增语言/多租户文案成本高|迁入 i18n locales（zh-CN/en-US）并改用 $t()/t() 渲染|open|batch-2|
R4-02035|d:\6\恋爱小程序\apps\admin\src\views\forum\InterestCircles.vue|272|H|P2|硬编码中文用户可见文案未走 $t()/t()（暂无兴趣圈数据）|Admin 界面无法完整国际化（en-US 下仍显示中文），i18n 覆盖不一致，新增语言/多租户文案成本高|迁入 i18n locales（zh-CN/en-US）并改用 $t()/t() 渲染|open|batch-2|
R4-02036|d:\6\恋爱小程序\apps\admin\src\views\forum\InterestCircles.vue|306|H|P2|硬编码中文用户可见文案未走 $t()/t()（圈名（表单标签））|Admin 界面无法完整国际化（en-US 下仍显示中文），i18n 覆盖不一致，新增语言/多租户文案成本高|迁入 i18n locales（zh-CN/en-US）并改用 $t()/t() 渲染|open|batch-2|
R4-02037|d:\6\恋爱小程序\apps\admin\src\views\forum\VillagePosts.vue|77|H|P2|硬编码中文用户可见文案未走 $t()/t()（加载村落动态失败）|Admin 界面无法完整国际化（en-US 下仍显示中文），i18n 覆盖不一致，新增语言/多租户文案成本高|迁入 i18n locales（zh-CN/en-US）并改用 $t()/t() 渲染|open|batch-2|
R4-02038|d:\6\恋爱小程序\apps\admin\src\views\forum\VillagePosts.vue|142|H|P2|硬编码中文用户可见文案未走 $t()/t()（拒绝时必须填写备注（拒绝原因））|Admin 界面无法完整国际化（en-US 下仍显示中文），i18n 覆盖不一致，新增语言/多租户文案成本高|迁入 i18n locales（zh-CN/en-US）并改用 $t()/t() 渲染|open|batch-2|
R4-02039|d:\6\恋爱小程序\apps\admin\src\views\forum\VillagePosts.vue|335|H|P2|硬编码中文用户可见文案未走 $t()/t()（用户# 兜底昵称）|Admin 界面无法完整国际化（en-US 下仍显示中文），i18n 覆盖不一致，新增语言/多租户文案成本高|迁入 i18n locales（zh-CN/en-US）并改用 $t()/t() 渲染|open|batch-2|
R4-02040|d:\6\恋爱小程序\apps\admin\src\views\forum\VillagePosts.vue|342|H|P2|硬编码中文用户可见文案未走 $t()/t()（分类标签：兴趣/真诚/家乡/匿名/校园/最新/全部）|Admin 界面无法完整国际化（en-US 下仍显示中文），i18n 覆盖不一致，新增语言/多租户文案成本高|迁入 i18n locales（zh-CN/en-US）并改用 $t()/t() 渲染|open|batch-2|
R4-02041|d:\6\恋爱小程序\apps\admin\src\views\forum\VillagePosts.vue|397|H|P2|硬编码中文用户可见文案未走 $t()/t()（审核与管理用户发布的村落动态）|Admin 界面无法完整国际化（en-US 下仍显示中文），i18n 覆盖不一致，新增语言/多租户文案成本高|迁入 i18n locales（zh-CN/en-US）并改用 $t()/t() 渲染|open|batch-2|
R4-02042|d:\6\恋爱小程序\apps\admin\src\views\forum\VillagePosts.vue|445|H|P2|硬编码中文用户可见文案未走 $t()/t()（暂无村落动态数据）|Admin 界面无法完整国际化（en-US 下仍显示中文），i18n 覆盖不一致，新增语言/多租户文案成本高|迁入 i18n locales（zh-CN/en-US）并改用 $t()/t() 渲染|open|batch-2|
R4-02043|d:\6\恋爱小程序\apps\admin\src\views\forum\VillagePosts.vue|456|H|P2|硬编码中文用户可见文案未走 $t()/t()（赞/藏/看 统计）|Admin 界面无法完整国际化（en-US 下仍显示中文），i18n 覆盖不一致，新增语言/多租户文案成本高|迁入 i18n locales（zh-CN/en-US）并改用 $t()/t() 渲染|open|batch-2|
R4-02044|d:\6\恋爱小程序\apps\admin\src\views\forum\VillagePosts.vue|502|H|P2|硬编码中文用户可见文案未走 $t()/t()（删除村落动态（确认弹窗标题））|Admin 界面无法完整国际化（en-US 下仍显示中文），i18n 覆盖不一致，新增语言/多租户文案成本高|迁入 i18n locales（zh-CN/en-US）并改用 $t()/t() 渲染|open|batch-2|
R4-02045|d:\6\恋爱小程序\apps\admin\src\views\forum\VillagePosts.vue|518|H|P2|硬编码中文用户可见文案未走 $t()/t()（审核帖子（弹窗标题））|Admin 界面无法完整国际化（en-US 下仍显示中文），i18n 覆盖不一致，新增语言/多租户文案成本高|迁入 i18n locales（zh-CN/en-US）并改用 $t()/t() 渲染|open|batch-2|
R4-02046|d:\6\恋爱小程序\apps\admin\src\views\forum\VillagePosts.vue|604|H|P2|硬编码中文用户可见文案未走 $t()/t()（帖子浏览记录（弹窗标题））|Admin 界面无法完整国际化（en-US 下仍显示中文），i18n 覆盖不一致，新增语言/多租户文案成本高|迁入 i18n locales（zh-CN/en-US）并改用 $t()/t() 渲染|open|batch-2|
R4-02047|d:\6\恋爱小程序\apps\admin\src\views\system\Dicts.vue|88|H|P2|硬编码中文用户可见文案未走 $t()/t()（字典名称不能为空）|Admin 界面无法完整国际化（en-US 下仍显示中文），i18n 覆盖不一致，新增语言/多租户文案成本高|迁入 i18n locales（zh-CN/en-US）并改用 $t()/t() 渲染|open|batch-2|
R4-02048|d:\6\恋爱小程序\apps\admin\src\views\system\Dicts.vue|92|H|P2|硬编码中文用户可见文案未走 $t()/t()（字典编码不能为空）|Admin 界面无法完整国际化（en-US 下仍显示中文），i18n 覆盖不一致，新增语言/多租户文案成本高|迁入 i18n locales（zh-CN/en-US）并改用 $t()/t() 渲染|open|batch-2|
R4-02049|d:\6\恋爱小程序\apps\admin\src\views\system\Dicts.vue|296|H|P2|硬编码中文用户可见文案未走 $t()/t()（字典管理）|Admin 界面无法完整国际化（en-US 下仍显示中文），i18n 覆盖不一致，新增语言/多租户文案成本高|迁入 i18n locales（zh-CN/en-US）并改用 $t()/t() 渲染|open|batch-2|
R4-02050|d:\6\恋爱小程序\apps\admin\src\views\system\Dicts.vue|324|H|P2|硬编码中文用户可见文案未走 $t()/t()（暂无字典，点击「新增字典」创建）|Admin 界面无法完整国际化（en-US 下仍显示中文），i18n 覆盖不一致，新增语言/多租户文案成本高|迁入 i18n locales（zh-CN/en-US）并改用 $t()/t() 渲染|open|batch-2|
R4-02051|d:\6\恋爱小程序\apps\admin\src\views\system\Dicts.vue|402|H|P2|硬编码中文用户可见文案未走 $t()/t()（新增字典/编辑字典）|Admin 界面无法完整国际化（en-US 下仍显示中文），i18n 覆盖不一致，新增语言/多租户文案成本高|迁入 i18n locales（zh-CN/en-US）并改用 $t()/t() 渲染|open|batch-2|
R4-02052|d:\6\恋爱小程序\apps\admin\src\views\system\Dicts.vue|406|H|P2|硬编码中文用户可见文案未走 $t()/t()（如：性别）|Admin 界面无法完整国际化（en-US 下仍显示中文），i18n 覆盖不一致，新增语言/多租户文案成本高|迁入 i18n locales（zh-CN/en-US）并改用 $t()/t() 渲染|open|batch-2|
R4-02053|d:\6\恋爱小程序\apps\admin\src\views\system\Dicts.vue|471|H|P2|硬编码中文用户可见文案未走 $t()/t()（删除字典）|Admin 界面无法完整国际化（en-US 下仍显示中文），i18n 覆盖不一致，新增语言/多租户文案成本高|迁入 i18n locales（zh-CN/en-US）并改用 $t()/t() 渲染|open|batch-2|
R4-02054|d:\6\恋爱小程序\apps\admin\src\views\system\Menus.vue|174|H|P2|硬编码中文用户可见文案未走 $t()/t()（菜单标题不能为空）|Admin 界面无法完整国际化（en-US 下仍显示中文），i18n 覆盖不一致，新增语言/多租户文案成本高|迁入 i18n locales（zh-CN/en-US）并改用 $t()/t() 渲染|open|batch-2|
R4-02055|d:\6\恋爱小程序\apps\admin\src\views\system\Menus.vue|178|H|P2|硬编码中文用户可见文案未走 $t()/t()（路由名称（name）不能为空）|Admin 界面无法完整国际化（en-US 下仍显示中文），i18n 覆盖不一致，新增语言/多租户文案成本高|迁入 i18n locales（zh-CN/en-US）并改用 $t()/t() 渲染|open|batch-2|
R4-02056|d:\6\恋爱小程序\apps\admin\src\views\system\Menus.vue|250|H|P2|硬编码中文用户可见文案未走 $t()/t()（目录（类型标签））|Admin 界面无法完整国际化（en-US 下仍显示中文），i18n 覆盖不一致，新增语言/多租户文案成本高|迁入 i18n locales（zh-CN/en-US）并改用 $t()/t() 渲染|open|batch-2|
R4-02057|d:\6\恋爱小程序\apps\admin\src\views\system\Menus.vue|263|H|P2|硬编码中文用户可见文案未走 $t()/t()（菜单管理）|Admin 界面无法完整国际化（en-US 下仍显示中文），i18n 覆盖不一致，新增语言/多租户文案成本高|迁入 i18n locales（zh-CN/en-US）并改用 $t()/t() 渲染|open|batch-2|
R4-02058|d:\6\恋爱小程序\apps\admin\src\views\system\Menus.vue|296|H|P2|硬编码中文用户可见文案未走 $t()/t()（暂无菜单，点击「新增顶级菜单」创建）|Admin 界面无法完整国际化（en-US 下仍显示中文），i18n 覆盖不一致，新增语言/多租户文案成本高|迁入 i18n locales（zh-CN/en-US）并改用 $t()/t() 渲染|open|batch-2|
R4-02059|d:\6\恋爱小程序\apps\admin\src\views\system\Menus.vue|339|H|P2|硬编码中文用户可见文案未走 $t()/t()（新增菜单/编辑菜单）|Admin 界面无法完整国际化（en-US 下仍显示中文），i18n 覆盖不一致，新增语言/多租户文案成本高|迁入 i18n locales（zh-CN/en-US）并改用 $t()/t() 渲染|open|batch-2|
R4-02060|d:\6\恋爱小程序\apps\admin\src\views\system\Menus.vue|419|H|P2|硬编码中文用户可见文案未走 $t()/t()（删除菜单）|Admin 界面无法完整国际化（en-US 下仍显示中文），i18n 覆盖不一致，新增语言/多租户文案成本高|迁入 i18n locales（zh-CN/en-US）并改用 $t()/t() 渲染|open|batch-2|
R4-02061|d:\6\恋爱小程序\apps\admin\src\views\system\Roles.vue|122|H|P2|硬编码中文用户可见文案未走 $t()/t()（角色名称不能为空）|Admin 界面无法完整国际化（en-US 下仍显示中文），i18n 覆盖不一致，新增语言/多租户文案成本高|迁入 i18n locales（zh-CN/en-US）并改用 $t()/t() 渲染|open|batch-2|
R4-02062|d:\6\恋爱小程序\apps\admin\src\views\system\Roles.vue|126|H|P2|硬编码中文用户可见文案未走 $t()/t()（角色编码不能为空）|Admin 界面无法完整国际化（en-US 下仍显示中文），i18n 覆盖不一致，新增语言/多租户文案成本高|迁入 i18n locales（zh-CN/en-US）并改用 $t()/t() 渲染|open|batch-2|
R4-02063|d:\6\恋爱小程序\apps\admin\src\views\system\Roles.vue|293|H|P2|硬编码中文用户可见文案未走 $t()/t()（角色管理）|Admin 界面无法完整国际化（en-US 下仍显示中文），i18n 覆盖不一致，新增语言/多租户文案成本高|迁入 i18n locales（zh-CN/en-US）并改用 $t()/t() 渲染|open|batch-2|
R4-02064|d:\6\恋爱小程序\apps\admin\src\views\system\Roles.vue|323|H|P2|硬编码中文用户可见文案未走 $t()/t()（暂无角色，点击「新增角色」创建）|Admin 界面无法完整国际化（en-US 下仍显示中文），i18n 覆盖不一致，新增语言/多租户文案成本高|迁入 i18n locales（zh-CN/en-US）并改用 $t()/t() 渲染|open|batch-2|
R4-02065|d:\6\恋爱小程序\apps\admin\src\views\system\Roles.vue|352|H|P2|硬编码中文用户可见文案未走 $t()/t()（新增角色/编辑角色）|Admin 界面无法完整国际化（en-US 下仍显示中文），i18n 覆盖不一致，新增语言/多租户文案成本高|迁入 i18n locales（zh-CN/en-US）并改用 $t()/t() 渲染|open|batch-2|
R4-02066|d:\6\恋爱小程序\apps\admin\src\views\system\Roles.vue|447|H|P2|硬编码中文用户可见文案未走 $t()/t()（确定要删除角色…（内置角色不允许删除））|Admin 界面无法完整国际化（en-US 下仍显示中文），i18n 覆盖不一致，新增语言/多租户文案成本高|迁入 i18n locales（zh-CN/en-US）并改用 $t()/t() 渲染|open|batch-2|
R4-02067|d:\6\恋爱小程序\apps\admin\src\views\system\Schools.vue|122|H|P2|硬编码中文用户可见文案未走 $t()/t()（高校名称不能为空）|Admin 界面无法完整国际化（en-US 下仍显示中文），i18n 覆盖不一致，新增语言/多租户文案成本高|迁入 i18n locales（zh-CN/en-US）并改用 $t()/t() 渲染|open|batch-2|
R4-02068|d:\6\恋爱小程序\apps\admin\src\views\system\Schools.vue|176|H|P2|硬编码中文用户可见文案未走 $t()/t()（状态切换失败）|Admin 界面无法完整国际化（en-US 下仍显示中文），i18n 覆盖不一致，新增语言/多租户文案成本高|迁入 i18n locales（zh-CN/en-US）并改用 $t()/t() 渲染|open|batch-2|
R4-02069|d:\6\恋爱小程序\apps\admin\src\views\system\Schools.vue|219|H|P2|硬编码中文用户可见文案未走 $t()/t()（学校管理）|Admin 界面无法完整国际化（en-US 下仍显示中文），i18n 覆盖不一致，新增语言/多租户文案成本高|迁入 i18n locales（zh-CN/en-US）并改用 $t()/t() 渲染|open|batch-2|
R4-02070|d:\6\恋爱小程序\apps\admin\src\views\system\Schools.vue|264|H|P2|硬编码中文用户可见文案未走 $t()/t()（暂无高校，点击「新增高校」创建）|Admin 界面无法完整国际化（en-US 下仍显示中文），i18n 覆盖不一致，新增语言/多租户文案成本高|迁入 i18n locales（zh-CN/en-US）并改用 $t()/t() 渲染|open|batch-2|
R4-02071|d:\6\恋爱小程序\apps\admin\src\views\system\Schools.vue|306|H|P2|硬编码中文用户可见文案未走 $t()/t()（新增高校/编辑高校）|Admin 界面无法完整国际化（en-US 下仍显示中文），i18n 覆盖不一致，新增语言/多租户文案成本高|迁入 i18n locales（zh-CN/en-US）并改用 $t()/t() 渲染|open|batch-2|
R4-02072|d:\6\恋爱小程序\apps\admin\src\views\system\Schools.vue|309|H|P2|硬编码中文用户可见文案未走 $t()/t()（如：南京大学）|Admin 界面无法完整国际化（en-US 下仍显示中文），i18n 覆盖不一致，新增语言/多租户文案成本高|迁入 i18n locales（zh-CN/en-US）并改用 $t()/t() 渲染|open|batch-2|
R4-02073|d:\6\恋爱小程序\apps\admin\src\views\system\Admins.vue|363|H|P2|硬编码中文用户可见文案未走 $t()/t()（请选择管辖校区）|Admin 界面无法完整国际化（en-US 下仍显示中文），i18n 覆盖不一致，新增语言/多租户文案成本高|迁入 i18n locales（zh-CN/en-US）并改用 $t()/t() 渲染|open|batch-2|
R4-02074|d:\6\恋爱小程序\apps\admin\src\views\system\Admins.vue|369|H|P2|硬编码中文用户可见文案未走 $t()/t()（暂无启用中的高校，请先在「学校管理」中启用高校）|Admin 界面无法完整国际化（en-US 下仍显示中文），i18n 覆盖不一致，新增语言/多租户文案成本高|迁入 i18n locales（zh-CN/en-US）并改用 $t()/t() 渲染|open|batch-2|
R4-02075|d:\6\恋爱小程序\apps\admin\src\views\system\AuditLogs.vue|299|H|P2|硬编码中文用户可见文案未走 $t()/t()（目标类型/目标ID/错误信息（表头））|Admin 界面无法完整国际化（en-US 下仍显示中文），i18n 覆盖不一致，新增语言/多租户文案成本高|迁入 i18n locales（zh-CN/en-US）并改用 $t()/t() 渲染|open|batch-2|
R4-02076|d:\6\恋爱小程序\apps\admin\src\views\content\SensitiveWords.vue|214|H|P2|硬编码中文用户可见文案未走 $t()/t()（仅超级管理员可新增/删除敏感词）|Admin 界面无法完整国际化（en-US 下仍显示中文），i18n 覆盖不一致，新增语言/多租户文案成本高|迁入 i18n locales（zh-CN/en-US）并改用 $t()/t() 渲染|open|batch-2|
R4-02077|d:\6\恋爱小程序\apps\admin\src\views\config\Config.vue|221|H|P2|硬编码中文用户可见文案未走 $t()/t()（仅超级管理员可修改配置，当前账号（校区管理员）为只读）|Admin 界面无法完整国际化（en-US 下仍显示中文），i18n 覆盖不一致，新增语言/多租户文案成本高|迁入 i18n locales（zh-CN/en-US）并改用 $t()/t() 渲染|open|batch-2|
R4-02078|d:\6\恋爱小程序\apps\admin\src\views\config\MatchConfig.vue|257|H|P2|硬编码中文用户可见文案未走 $t()/t()（仅超级管理员可修改配置，当前账号（校区管理员）为只读）|Admin 界面无法完整国际化（en-US 下仍显示中文），i18n 覆盖不一致，新增语言/多租户文案成本高|迁入 i18n locales（zh-CN/en-US）并改用 $t()/t() 渲染|open|batch-2|
