R4-XXXXX|d:\6\恋爱小程序\apps\api\src\main\java\com\campuslove\api\campus\RealCampusService.java|140|B|P2|LocalDateTime.now() 未显式指定 ZoneId（JVM 默认时区）(LocalDateTime now = LocalDateTime.now()|JVM 时区与 DB Asia/Shanghai 不一致时，时间戳/窗口判断错位|统一时钟源（Clock/ZoneId），或至少注释声明时区契约|open|batch-2
R4-XXXXX|d:\6\恋爱小程序\apps\api\src\main\java\com\campuslove\api\campus\RealCampusService.java|179|B|P2|LocalDateTime.now() 未显式指定 ZoneId（JVM 默认时区）(LocalDateTime now = LocalDateTime.now()|JVM 时区与 DB Asia/Shanghai 不一致时，时间戳/窗口判断错位|统一时钟源（Clock/ZoneId），或至少注释声明时区契约|open|batch-2
R4-XXXXX|d:\6\恋爱小程序\apps\api\src\main\java\com\campuslove\api\campus\RealCampusCertificationService.java|88|B|P2|LocalDateTime.now() 未显式指定 ZoneId（JVM 默认时区）(existing.setSubmittedAt(LocalDateTime.)|JVM 时区与 DB Asia/Shanghai 不一致时，时间戳/窗口判断错位|统一时钟源（Clock/ZoneId），或至少注释声明时区契约|open|batch-2
R4-XXXXX|d:\6\恋爱小程序\apps\api\src\main\java\com\campuslove\api\campus\RealCampusCertificationService.java|103|B|P2|LocalDateTime.now() 未显式指定 ZoneId（JVM 默认时区）(certification.setSubmittedAt(LocalDate)|JVM 时区与 DB Asia/Shanghai 不一致时，时间戳/窗口判断错位|统一时钟源（Clock/ZoneId），或至少注释声明时区契约|open|batch-2
R4-XXXXX|d:\6\恋爱小程序\apps\api\src\main\java\com\campuslove\api\campus\RealCampusCertificationService.java|161|B|P2|LocalDateTime.now() 未显式指定 ZoneId（JVM 默认时区）(certification.setReviewedAt(LocalDateT)|JVM 时区与 DB Asia/Shanghai 不一致时，时间戳/窗口判断错位|统一时钟源（Clock/ZoneId），或至少注释声明时区契约|open|batch-2
R4-XXXXX|d:\6\恋爱小程序\apps\api\src\main\java\com\campuslove\api\chat\MockTempChatService.java|66|B|P2|Instant.now() 未显式指定 ZoneId（JVM 默认时区）(SessionState state = new SessionState()|JVM 时区与 DB Asia/Shanghai 不一致时，时间戳/窗口判断错位|统一时钟源（Clock/ZoneId），或至少注释声明时区契约|open|batch-2
R4-XXXXX|d:\6\恋爱小程序\apps\api\src\main\java\com\campuslove\api\chat\MockTempChatService.java|76|B|P2|Instant.now() 未显式指定 ZoneId（JVM 默认时区）(return new SessionState(person, newSes)|JVM 时区与 DB Asia/Shanghai 不一致时，时间戳/窗口判断错位|统一时钟源（Clock/ZoneId），或至少注释声明时区契约|open|batch-2
R4-XXXXX|d:\6\恋爱小程序\apps\api\src\main\java\com\campuslove\api\chat\MockTempChatService.java|105|B|P2|Instant.now() 未显式指定 ZoneId（JVM 默认时区）("m-" + Instant.now().toEpochMilli(),)|JVM 时区与 DB Asia/Shanghai 不一致时，时间戳/窗口判断错位|统一时钟源（Clock/ZoneId），或至少注释声明时区契约|open|batch-2
R4-XXXXX|d:\6\恋爱小程序\apps\api\src\main\java\com\campuslove\api\chat\MockTempChatService.java|109|B|P2|Instant.now() 未显式指定 ZoneId（JVM 默认时区）(Instant.now().toString(),)|JVM 时区与 DB Asia/Shanghai 不一致时，时间戳/窗口判断错位|统一时钟源（Clock/ZoneId），或至少注释声明时区契约|open|batch-2
R4-XXXXX|d:\6\恋爱小程序\apps\api\src\main\java\com\campuslove\api\chat\MockTempChatService.java|185|B|P2|Instant.now() 未显式指定 ZoneId（JVM 默认时区）(Instant.now().toString(),)|JVM 时区与 DB Asia/Shanghai 不一致时，时间戳/窗口判断错位|统一时钟源（Clock/ZoneId），或至少注释声明时区契约|open|batch-2
R4-XXXXX|d:\6\恋爱小程序\apps\api\src\main\java\com\campuslove\api\chat\MockTempChatService.java|275|B|P2|Instant.now() 未显式指定 ZoneId（JVM 默认时区）(sessionsById.put(sessionId, new Sessio)|JVM 时区与 DB Asia/Shanghai 不一致时，时间戳/窗口判断错位|统一时钟源（Clock/ZoneId），或至少注释声明时区契约|open|batch-2
R4-XXXXX|d:\6\恋爱小程序\apps\api\src\main\java\com\campuslove\api\chat\MockTempChatService.java|292|B|P2|Instant.now() 未显式指定 ZoneId（JVM 默认时区）(Instant.now().plusSeconds(24 * 60 * 60)|JVM 时区与 DB Asia/Shanghai 不一致时，时间戳/窗口判断错位|统一时钟源（Clock/ZoneId），或至少注释声明时区契约|open|batch-2
R4-XXXXX|d:\6\恋爱小程序\apps\api\src\main\java\com\campuslove\api\chat\RealNotificationService.java|263|B|P2|LocalDateTime.now() 未显式指定 ZoneId（JVM 默认时区）(notification.setCreatedAt(LocalDateTim)|JVM 时区与 DB Asia/Shanghai 不一致时，时间戳/窗口判断错位|统一时钟源（Clock/ZoneId），或至少注释声明时区契约|open|batch-2
R4-XXXXX|d:\6\恋爱小程序\apps\api\src\main\java\com\campuslove\api\clientconfig\ClientDbConfigController.java|142|B|P2|LocalDateTime.now() 未显式指定 ZoneId（JVM 默认时区）(LocalDateTime now = LocalDateTime.now()|JVM 时区与 DB Asia/Shanghai 不一致时，时间戳/窗口判断错位|统一时钟源（Clock/ZoneId），或至少注释声明时区契约|open|batch-2
R4-XXXXX|d:\6\恋爱小程序\apps\api\src\main\java\com\campuslove\api\chat\RealInteractionEventService.java|74|B|P2|LocalDateTime.now() 未显式指定 ZoneId（JVM 默认时区）(event.setCreatedAt(LocalDateTime.now())|JVM 时区与 DB Asia/Shanghai 不一致时，时间戳/窗口判断错位|统一时钟源（Clock/ZoneId），或至少注释声明时区契约|open|batch-2
R4-XXXXX|d:\6\恋爱小程序\apps\api\src\main\java\com\campuslove\api\auth\AppleIdentityTokenVerifier.java|112|B|P2|Instant.now() 未显式指定 ZoneId（JVM 默认时区）(Instant now = Instant.now();)|JVM 时区与 DB Asia/Shanghai 不一致时，时间戳/窗口判断错位|统一时钟源（Clock/ZoneId），或至少注释声明时区契约|open|batch-2
R4-XXXXX|d:\6\恋爱小程序\apps\api\src\main\java\com\campuslove\api\chat\TempChatCleanupService.java|109|B|P2|LocalDateTime.now() 未显式指定 ZoneId（JVM 默认时区）(LocalDateTime now = LocalDateTime.now()|JVM 时区与 DB Asia/Shanghai 不一致时，时间戳/窗口判断错位|统一时钟源（Clock/ZoneId），或至少注释声明时区契约|open|batch-2
R4-XXXXX|d:\6\恋爱小程序\apps\api\src\main\java\com\campuslove\api\chat\TempChatCleanupService.java|187|B|P2|LocalDateTime.now() 未显式指定 ZoneId（JVM 默认时区）(LocalDateTime now = LocalDateTime.now()|JVM 时区与 DB Asia/Shanghai 不一致时，时间戳/窗口判断错位|统一时钟源（Clock/ZoneId），或至少注释声明时区契约|open|batch-2
R4-XXXXX|d:\6\恋爱小程序\apps\api\src\main\java\com\campuslove\api\chat\TempChatCleanupService.java|202|B|P2|LocalDateTime.now() 未显式指定 ZoneId（JVM 默认时区）(exchange.setUpdatedAt(LocalDateTime.no)|JVM 时区与 DB Asia/Shanghai 不一致时，时间戳/窗口判断错位|统一时钟源（Clock/ZoneId），或至少注释声明时区契约|open|batch-2
R4-XXXXX|d:\6\恋爱小程序\apps\api\src\main\java\com\campuslove\api\chat\VoiceMessageService.java|142|B|P2|LocalDate.now() 未显式指定 ZoneId（JVM 默认时区）(String yyyyMM = LocalDate.now().format)|JVM 时区与 DB Asia/Shanghai 不一致时，时间戳/窗口判断错位|统一时钟源（Clock/ZoneId），或至少注释声明时区契约|open|batch-2
R4-XXXXX|d:\6\恋爱小程序\apps\api\src\main\java\com\campuslove\api\chat\RealPrivateMessageService.java|135|B|P2|LocalDateTime.now() 未显式指定 ZoneId（JVM 默认时区）(LocalDateTime now = LocalDateTime.now()|JVM 时区与 DB Asia/Shanghai 不一致时，时间戳/窗口判断错位|统一时钟源（Clock/ZoneId），或至少注释声明时区契约|open|batch-2
R4-XXXXX|d:\6\恋爱小程序\apps\api\src\main\java\com\campuslove\api\chat\RealPrivateMessageService.java|171|B|P2|LocalDateTime.now() 未显式指定 ZoneId（JVM 默认时区）(LocalDateTime now = LocalDateTime.now()|JVM 时区与 DB Asia/Shanghai 不一致时，时间戳/窗口判断错位|统一时钟源（Clock/ZoneId），或至少注释声明时区契约|open|batch-2
R4-XXXXX|d:\6\恋爱小程序\apps\api\src\main\java\com\campuslove\api\chat\RealPrivateMessageService.java|298|B|P2|LocalDateTime.now() 未显式指定 ZoneId（JVM 默认时区）(conversation.setUpdatedAt(LocalDateTim)|JVM 时区与 DB Asia/Shanghai 不一致时，时间戳/窗口判断错位|统一时钟源（Clock/ZoneId），或至少注释声明时区契约|open|batch-2
R4-XXXXX|d:\6\恋爱小程序\apps\api\src\main\java\com\campuslove\api\chat\VideoCallService.java|98|B|P2|LocalDateTime.now() 未显式指定 ZoneId（JVM 默认时区）(java.time.LocalDateTime now = java.tim)|JVM 时区与 DB Asia/Shanghai 不一致时，时间戳/窗口判断错位|统一时钟源（Clock/ZoneId），或至少注释声明时区契约|open|batch-2
R4-XXXXX|d:\6\恋爱小程序\apps\api\src\main\java\com\campuslove\api\chat\VideoCallService.java|172|B|P2|LocalDateTime.now() 未显式指定 ZoneId（JVM 默认时区）(java.time.LocalDateTime now = java.tim)|JVM 时区与 DB Asia/Shanghai 不一致时，时间戳/窗口判断错位|统一时钟源（Clock/ZoneId），或至少注释声明时区契约|open|batch-2
R4-XXXXX|d:\6\恋爱小程序\apps\api\src\main\java\com\campuslove\api\chat\TempChatSessionService.java|160|B|P2|LocalDateTime.now() 未显式指定 ZoneId（JVM 默认时区）(LocalDateTime now = LocalDateTime.now()|JVM 时区与 DB Asia/Shanghai 不一致时，时间戳/窗口判断错位|统一时钟源（Clock/ZoneId），或至少注释声明时区契约|open|batch-2
R4-XXXXX|d:\6\恋爱小程序\apps\api\src\main\java\com\campuslove\api\chat\TempChatSessionService.java|227|B|P2|LocalDateTime.now() 未显式指定 ZoneId（JVM 默认时区）(LocalDateTime now = LocalDateTime.now()|JVM 时区与 DB Asia/Shanghai 不一致时，时间戳/窗口判断错位|统一时钟源（Clock/ZoneId），或至少注释声明时区契约|open|batch-2
R4-XXXXX|d:\6\恋爱小程序\apps\api\src\main\java\com\campuslove\api\chat\TempChatSessionService.java|252|B|P2|LocalDateTime.now() 未显式指定 ZoneId（JVM 默认时区）(session.setUpdatedAt(LocalDateTime.now)|JVM 时区与 DB Asia/Shanghai 不一致时，时间戳/窗口判断错位|统一时钟源（Clock/ZoneId），或至少注释声明时区契约|open|batch-2
R4-XXXXX|d:\6\恋爱小程序\apps\api\src\main\java\com\campuslove\api\chat\TempChatSessionService.java|266|B|P2|LocalDateTime.now() 未显式指定 ZoneId（JVM 默认时区）(session.setUpdatedAt(LocalDateTime.now)|JVM 时区与 DB Asia/Shanghai 不一致时，时间戳/窗口判断错位|统一时钟源（Clock/ZoneId），或至少注释声明时区契约|open|batch-2
R4-XXXXX|d:\6\恋爱小程序\apps\api\src\main\java\com\campuslove\api\chat\TempChatSessionService.java|284|B|P2|LocalDateTime.now() 未显式指定 ZoneId（JVM 默认时区）(session.setUpdatedAt(LocalDateTime.now)|JVM 时区与 DB Asia/Shanghai 不一致时，时间戳/窗口判断错位|统一时钟源（Clock/ZoneId），或至少注释声明时区契约|open|batch-2
R4-XXXXX|d:\6\恋爱小程序\apps\api\src\main\java\com\campuslove\api\chat\TempChatSessionService.java|387|B|P2|LocalDateTime.now() 未显式指定 ZoneId（JVM 默认时区）(return session.getClosesAt() != null &)|JVM 时区与 DB Asia/Shanghai 不一致时，时间戳/窗口判断错位|统一时钟源（Clock/ZoneId），或至少注释声明时区契约|open|batch-2
R4-XXXXX|d:\6\恋爱小程序\apps\api\src\main\java\com\campuslove\api\chat\TempChatSessionService.java|401|B|P2|LocalDateTime.now() 未显式指定 ZoneId（JVM 默认时区）(session.setUpdatedAt(LocalDateTime.now)|JVM 时区与 DB Asia/Shanghai 不一致时，时间戳/窗口判断错位|统一时钟源（Clock/ZoneId），或至少注释声明时区契约|open|batch-2
R4-XXXXX|d:\6\恋爱小程序\apps\api\src\main\java\com\campuslove\api\auth\ThirdPartyAuthService.java|175|B|P2|LocalDateTime.now() 未显式指定 ZoneId（JVM 默认时区）(LocalDateTime now = LocalDateTime.now()|JVM 时区与 DB Asia/Shanghai 不一致时，时间戳/窗口判断错位|统一时钟源（Clock/ZoneId），或至少注释声明时区契约|open|batch-2
R4-XXXXX|d:\6\恋爱小程序\apps\api\src\main\java\com\campuslove\api\auth\ThirdPartyAuthService.java|252|B|P2|LocalDateTime.now() 未显式指定 ZoneId（JVM 默认时区）(account.setCreatedAt(LocalDateTime.now)|JVM 时区与 DB Asia/Shanghai 不一致时，时间戳/窗口判断错位|统一时钟源（Clock/ZoneId），或至少注释声明时区契约|open|batch-2
R4-XXXXX|d:\6\恋爱小程序\apps\api\src\main\java\com\campuslove\api\chat\TempChatMessageService.java|101|B|P2|LocalDateTime.now() 未显式指定 ZoneId（JVM 默认时区）(LocalDateTime now = LocalDateTime.now()|JVM 时区与 DB Asia/Shanghai 不一致时，时间戳/窗口判断错位|统一时钟源（Clock/ZoneId），或至少注释声明时区契约|open|batch-2
R4-XXXXX|d:\6\恋爱小程序\apps\api\src\main\java\com\campuslove\api\chat\TempChatMessageService.java|268|B|P2|LocalDateTime.now() 未显式指定 ZoneId（JVM 默认时区）(&& message.getCreatedAt().isBefore(Loc)|JVM 时区与 DB Asia/Shanghai 不一致时，时间戳/窗口判断错位|统一时钟源（Clock/ZoneId），或至少注释声明时区契约|open|batch-2
R4-XXXXX|d:\6\恋爱小程序\apps\api\src\main\java\com\campuslove\api\admin\AdminCampusTopicController.java|172|B|P2|LocalDateTime.now() 未显式指定 ZoneId（JVM 默认时区）(topic.setAuditedAt(LocalDateTime.now())|JVM 时区与 DB Asia/Shanghai 不一致时，时间戳/窗口判断错位|统一时钟源（Clock/ZoneId），或至少注释声明时区契约|open|batch-2
R4-XXXXX|d:\6\恋爱小程序\apps\api\src\main\java\com\campuslove\api\admin\AdminCampusTopicController.java|173|B|P2|LocalDateTime.now() 未显式指定 ZoneId（JVM 默认时区）(topic.setUpdatedAt(LocalDateTime.now())|JVM 时区与 DB Asia/Shanghai 不一致时，时间戳/窗口判断错位|统一时钟源（Clock/ZoneId），或至少注释声明时区契约|open|batch-2
R4-XXXXX|d:\6\恋爱小程序\apps\api\src\main\java\com\campuslove\api\admin\AdminCampusTopicController.java|222|B|P2|LocalDateTime.now() 未显式指定 ZoneId（JVM 默认时区）(topic.setUpdatedAt(LocalDateTime.now())|JVM 时区与 DB Asia/Shanghai 不一致时，时间戳/窗口判断错位|统一时钟源（Clock/ZoneId），或至少注释声明时区契约|open|batch-2
R4-XXXXX|d:\6\恋爱小程序\apps\api\src\main\java\com\campuslove\api\config\GlobalExceptionHandler.java|772|B|P2|Instant.now() 未显式指定 ZoneId（JVM 默认时区）(body.put("timestamp", Instant.now().to)|JVM 时区与 DB Asia/Shanghai 不一致时，时间戳/窗口判断错位|统一时钟源（Clock/ZoneId），或至少注释声明时区契约|open|batch-2
R4-XXXXX|d:\6\恋爱小程序\apps\api\src\main\java\com\campuslove\api\auth\RealAuthService.java|339|B|P2|LocalDateTime.now() 未显式指定 ZoneId（JVM 默认时区）(LocalDateTime now = LocalDateTime.now()|JVM 时区与 DB Asia/Shanghai 不一致时，时间戳/窗口判断错位|统一时钟源（Clock/ZoneId），或至少注释声明时区契约|open|batch-2
R4-XXXXX|d:\6\恋爱小程序\apps\api\src\main\java\com\campuslove\api\auth\RealAuthService.java|465|B|P2|LocalDateTime.now() 未显式指定 ZoneId（JVM 默认时区）(user.setCreatedAt(java.time.LocalDateT)|JVM 时区与 DB Asia/Shanghai 不一致时，时间戳/窗口判断错位|统一时钟源（Clock/ZoneId），或至少注释声明时区契约|open|batch-2
R4-XXXXX|d:\6\恋爱小程序\apps\api\src\main\java\com\campuslove\api\auth\RealAuthService.java|466|B|P2|LocalDateTime.now() 未显式指定 ZoneId（JVM 默认时区）(user.setUpdatedAt(java.time.LocalDateT)|JVM 时区与 DB Asia/Shanghai 不一致时，时间戳/窗口判断错位|统一时钟源（Clock/ZoneId），或至少注释声明时区契约|open|batch-2
R4-XXXXX|d:\6\恋爱小程序\apps\api\src\main\java\com\campuslove\api\auth\RealAuthService.java|552|B|P2|LocalDateTime.now() 未显式指定 ZoneId（JVM 默认时区）(user.setCreatedAt(LocalDateTime.now()))|JVM 时区与 DB Asia/Shanghai 不一致时，时间戳/窗口判断错位|统一时钟源（Clock/ZoneId），或至少注释声明时区契约|open|batch-2
R4-XXXXX|d:\6\恋爱小程序\apps\api\src\main\java\com\campuslove\api\auth\RealAuthService.java|553|B|P2|LocalDateTime.now() 未显式指定 ZoneId（JVM 默认时区）(user.setUpdatedAt(LocalDateTime.now()))|JVM 时区与 DB Asia/Shanghai 不一致时，时间戳/窗口判断错位|统一时钟源（Clock/ZoneId），或至少注释声明时区契约|open|batch-2
R4-XXXXX|d:\6\恋爱小程序\apps\api\src\main\java\com\campuslove\api\auth\RealAuthService.java|773|B|P2|LocalDateTime.now() 未显式指定 ZoneId（JVM 默认时区）(user.setUpdatedAt(LocalDateTime.now()))|JVM 时区与 DB Asia/Shanghai 不一致时，时间戳/窗口判断错位|统一时钟源（Clock/ZoneId），或至少注释声明时区契约|open|batch-2
R4-XXXXX|d:\6\恋爱小程序\apps\api\src\main\java\com\campuslove\api\admin\AdminAuditLogService.java|56|B|P2|LocalDateTime.now() 未显式指定 ZoneId（JVM 默认时区）(auditLog.setCreatedAt(LocalDateTime.no)|JVM 时区与 DB Asia/Shanghai 不一致时，时间戳/窗口判断错位|统一时钟源（Clock/ZoneId），或至少注释声明时区契约|open|batch-2
R4-XXXXX|d:\6\恋爱小程序\apps\api\src\main\java\com\campuslove\api\admin\AdminAccountController.java|117|B|P2|LocalDateTime.now() 未显式指定 ZoneId（JVM 默认时区）(admin.setUpdatedAt(LocalDateTime.now())|JVM 时区与 DB Asia/Shanghai 不一致时，时间戳/窗口判断错位|统一时钟源（Clock/ZoneId），或至少注释声明时区契约|open|batch-2
R4-XXXXX|d:\6\恋爱小程序\apps\api\src\main\java\com\campuslove\api\admin\AdminActivityController.java|254|B|P2|LocalDateTime.now() 未显式指定 ZoneId（JVM 默认时区）(activity.setUpdatedAt(LocalDateTime.no)|JVM 时区与 DB Asia/Shanghai 不一致时，时间戳/窗口判断错位|统一时钟源（Clock/ZoneId），或至少注释声明时区契约|open|batch-2
R4-XXXXX|d:\6\恋爱小程序\apps\api\src\main\java\com\campuslove\api\admin\AdminActivityController.java|432|B|P2|LocalDateTime.now() 未显式指定 ZoneId（JVM 默认时区）(activity.setUpdatedAt(LocalDateTime.no)|JVM 时区与 DB Asia/Shanghai 不一致时，时间戳/窗口判断错位|统一时钟源（Clock/ZoneId），或至少注释声明时区契约|open|batch-2
R4-XXXXX|d:\6\恋爱小程序\apps\api\src\main\java\com\campuslove\api\admin\AdminNotifyConfigController.java|89|B|P2|LocalDateTime.now() 未显式指定 ZoneId（JVM 默认时区）(LocalDateTime now = LocalDateTime.now()|JVM 时区与 DB Asia/Shanghai 不一致时，时间戳/窗口判断错位|统一时钟源（Clock/ZoneId），或至少注释声明时区契约|open|batch-2
R4-XXXXX|d:\6\恋爱小程序\apps\api\src\main\java\com\campuslove\api\admin\AdminPromoCodeController.java|238|B|P2|LocalDateTime.now() 未显式指定 ZoneId（JVM 默认时区）(String filename = "promo_codes_" + Dat)|JVM 时区与 DB Asia/Shanghai 不一致时，时间戳/窗口判断错位|统一时钟源（Clock/ZoneId），或至少注释声明时区契约|open|batch-2
R4-XXXXX|d:\6\恋爱小程序\apps\api\src\main\java\com\campuslove\api\admin\AdminDictController.java|137|B|P2|LocalDateTime.now() 未显式指定 ZoneId（JVM 默认时区）(LocalDateTime now = LocalDateTime.now()|JVM 时区与 DB Asia/Shanghai 不一致时，时间戳/窗口判断错位|统一时钟源（Clock/ZoneId），或至少注释声明时区契约|open|batch-2
R4-XXXXX|d:\6\恋爱小程序\apps\api\src\main\java\com\campuslove\api\admin\AdminDictController.java|182|B|P2|LocalDateTime.now() 未显式指定 ZoneId（JVM 默认时区）(dict.setUpdatedAt(LocalDateTime.now()))|JVM 时区与 DB Asia/Shanghai 不一致时，时间戳/窗口判断错位|统一时钟源（Clock/ZoneId），或至少注释声明时区契约|open|batch-2
R4-XXXXX|d:\6\恋爱小程序\apps\api\src\main\java\com\campuslove\api\admin\AdminDictController.java|237|B|P2|LocalDateTime.now() 未显式指定 ZoneId（JVM 默认时区）(LocalDateTime now = LocalDateTime.now()|JVM 时区与 DB Asia/Shanghai 不一致时，时间戳/窗口判断错位|统一时钟源（Clock/ZoneId），或至少注释声明时区契约|open|batch-2
R4-XXXXX|d:\6\恋爱小程序\apps\api\src\main\java\com\campuslove\api\admin\AdminDictController.java|278|B|P2|LocalDateTime.now() 未显式指定 ZoneId（JVM 默认时区）(item.setUpdatedAt(LocalDateTime.now()))|JVM 时区与 DB Asia/Shanghai 不一致时，时间戳/窗口判断错位|统一时钟源（Clock/ZoneId），或至少注释声明时区契约|open|batch-2
R4-XXXXX|d:\6\恋爱小程序\apps\api\src\main\java\com\campuslove\api\config\SensitiveWordFilter.java|165|B|P2|LocalDateTime.now() 未显式指定 ZoneId（JVM 默认时区）(userId, scene, java.time.LocalDateTime)|JVM 时区与 DB Asia/Shanghai 不一致时，时间戳/窗口判断错位|统一时钟源（Clock/ZoneId），或至少注释声明时区契约|open|batch-2
R4-XXXXX|d:\6\恋爱小程序\apps\api\src\main\java\com\campuslove\api\admin\AdminMenuController.java|150|B|P2|LocalDateTime.now() 未显式指定 ZoneId（JVM 默认时区）(LocalDateTime now = LocalDateTime.now()|JVM 时区与 DB Asia/Shanghai 不一致时，时间戳/窗口判断错位|统一时钟源（Clock/ZoneId），或至少注释声明时区契约|open|batch-2
R4-XXXXX|d:\6\恋爱小程序\apps\api\src\main\java\com\campuslove\api\admin\AdminMenuController.java|196|B|P2|LocalDateTime.now() 未显式指定 ZoneId（JVM 默认时区）(menu.setUpdatedAt(LocalDateTime.now()))|JVM 时区与 DB Asia/Shanghai 不一致时，时间戳/窗口判断错位|统一时钟源（Clock/ZoneId），或至少注释声明时区契约|open|batch-2
R4-XXXXX|d:\6\恋爱小程序\apps\api\src\main\java\com\campuslove\api\admin\AdminPostController.java|167|B|P2|LocalDateTime.now() 未显式指定 ZoneId（JVM 默认时区）(post.setAuditedAt(LocalDateTime.now()))|JVM 时区与 DB Asia/Shanghai 不一致时，时间戳/窗口判断错位|统一时钟源（Clock/ZoneId），或至少注释声明时区契约|open|batch-2
R4-XXXXX|d:\6\恋爱小程序\apps\api\src\main\java\com\campuslove\api\admin\AdminPostController.java|168|B|P2|LocalDateTime.now() 未显式指定 ZoneId（JVM 默认时区）(post.setUpdatedAt(LocalDateTime.now()))|JVM 时区与 DB Asia/Shanghai 不一致时，时间戳/窗口判断错位|统一时钟源（Clock/ZoneId），或至少注释声明时区契约|open|batch-2
R4-XXXXX|d:\6\恋爱小程序\apps\api\src\main\java\com\campuslove\api\admin\AdminPostController.java|212|B|P2|LocalDateTime.now() 未显式指定 ZoneId（JVM 默认时区）(post.setUpdatedAt(LocalDateTime.now()))|JVM 时区与 DB Asia/Shanghai 不一致时，时间戳/窗口判断错位|统一时钟源（Clock/ZoneId），或至少注释声明时区契约|open|batch-2
R4-XXXXX|d:\6\恋爱小程序\apps\api\src\main\java\com\campuslove\api\admin\AdminReportController.java|192|B|P2|LocalDateTime.now() 未显式指定 ZoneId（JVM 默认时区）(report.setHandledAt(LocalDateTime.now()|JVM 时区与 DB Asia/Shanghai 不一致时，时间戳/窗口判断错位|统一时钟源（Clock/ZoneId），或至少注释声明时区契约|open|batch-2
R4-XXXXX|d:\6\恋爱小程序\apps\api\src\main\java\com\campuslove\api\admin\AdminSchoolController.java|146|B|P2|LocalDateTime.now() 未显式指定 ZoneId（JVM 默认时区）(LocalDateTime now = LocalDateTime.now()|JVM 时区与 DB Asia/Shanghai 不一致时，时间戳/窗口判断错位|统一时钟源（Clock/ZoneId），或至少注释声明时区契约|open|batch-2
R4-XXXXX|d:\6\恋爱小程序\apps\api\src\main\java\com\campuslove\api\admin\AdminSchoolController.java|194|B|P2|LocalDateTime.now() 未显式指定 ZoneId（JVM 默认时区）(school.setUpdatedAt(LocalDateTime.now()|JVM 时区与 DB Asia/Shanghai 不一致时，时间戳/窗口判断错位|统一时钟源（Clock/ZoneId），或至少注释声明时区契约|open|batch-2
R4-XXXXX|d:\6\恋爱小程序\apps\api\src\main\java\com\campuslove\api\admin\AdminSchoolController.java|224|B|P2|LocalDateTime.now() 未显式指定 ZoneId（JVM 默认时区）(school.setUpdatedAt(LocalDateTime.now()|JVM 时区与 DB Asia/Shanghai 不一致时，时间戳/窗口判断错位|统一时钟源（Clock/ZoneId），或至少注释声明时区契约|open|batch-2
R4-XXXXX|d:\6\恋爱小程序\apps\api\src\main\java\com\campuslove\api\admin\AdminRoleController.java|132|B|P2|LocalDateTime.now() 未显式指定 ZoneId（JVM 默认时区）(LocalDateTime now = LocalDateTime.now()|JVM 时区与 DB Asia/Shanghai 不一致时，时间戳/窗口判断错位|统一时钟源（Clock/ZoneId），或至少注释声明时区契约|open|batch-2
R4-XXXXX|d:\6\恋爱小程序\apps\api\src\main\java\com\campuslove\api\admin\AdminRoleController.java|169|B|P2|LocalDateTime.now() 未显式指定 ZoneId（JVM 默认时区）(role.setUpdatedAt(LocalDateTime.now()))|JVM 时区与 DB Asia/Shanghai 不一致时，时间戳/窗口判断错位|统一时钟源（Clock/ZoneId），或至少注释声明时区契约|open|batch-2
R4-XXXXX|d:\6\恋爱小程序\apps\api\src\main\java\com\campuslove\api\admin\AdminShopController.java|145|B|P2|LocalDateTime.now() 未显式指定 ZoneId（JVM 默认时区）(LocalDateTime now = LocalDateTime.now()|JVM 时区与 DB Asia/Shanghai 不一致时，时间戳/窗口判断错位|统一时钟源（Clock/ZoneId），或至少注释声明时区契约|open|batch-2
R4-XXXXX|d:\6\恋爱小程序\apps\api\src\main\java\com\campuslove\api\admin\AdminShopController.java|200|B|P2|LocalDateTime.now() 未显式指定 ZoneId（JVM 默认时区）(item.setUpdatedAt(LocalDateTime.now()))|JVM 时区与 DB Asia/Shanghai 不一致时，时间戳/窗口判断错位|统一时钟源（Clock/ZoneId），或至少注释声明时区契约|open|batch-2
R4-XXXXX|d:\6\恋爱小程序\apps\api\src\main\java\com\campuslove\api\admin\AdminShopController.java|225|B|P2|LocalDateTime.now() 未显式指定 ZoneId（JVM 默认时区）(item.setUpdatedAt(LocalDateTime.now()))|JVM 时区与 DB Asia/Shanghai 不一致时，时间戳/窗口判断错位|统一时钟源（Clock/ZoneId），或至少注释声明时区契约|open|batch-2
R4-XXXXX|d:\6\恋爱小程序\apps\api\src\main\java\com\campuslove\api\admin\AdminShopController.java|250|B|P2|LocalDateTime.now() 未显式指定 ZoneId（JVM 默认时区）(item.setUpdatedAt(LocalDateTime.now()))|JVM 时区与 DB Asia/Shanghai 不一致时，时间戳/窗口判断错位|统一时钟源（Clock/ZoneId），或至少注释声明时区契约|open|batch-2
R4-XXXXX|d:\6\恋爱小程序\apps\api\src\main\java\com\campuslove\api\admin\AdminSensitiveWordController.java|119|B|P2|LocalDateTime.now() 未显式指定 ZoneId（JVM 默认时区）(entity.setCreatedAt(LocalDateTime.now()|JVM 时区与 DB Asia/Shanghai 不一致时，时间戳/窗口判断错位|统一时钟源（Clock/ZoneId），或至少注释声明时区契约|open|batch-2
R4-XXXXX|d:\6\恋爱小程序\apps\api\src\main\java\com\campuslove\api\config\JwtTokenProvider.java|113|B|P2|Instant.now() 未显式指定 ZoneId（JVM 默认时区）(Instant now = Instant.now();)|JVM 时区与 DB Asia/Shanghai 不一致时，时间戳/窗口判断错位|统一时钟源（Clock/ZoneId），或至少注释声明时区契约|open|batch-2
R4-XXXXX|d:\6\恋爱小程序\apps\api\src\main\java\com\campuslove\api\config\JwtTokenProvider.java|176|B|P2|Instant.now() 未显式指定 ZoneId（JVM 默认时区）(long remainingMs = expiration.toEpochM)|JVM 时区与 DB Asia/Shanghai 不一致时，时间戳/窗口判断错位|统一时钟源（Clock/ZoneId），或至少注释声明时区契约|open|batch-2
R4-XXXXX|d:\6\恋爱小程序\apps\api\src\main\java\com\campuslove\api\config\JwtTokenProvider.java|306|B|P2|Instant.now() 未显式指定 ZoneId（JVM 默认时区）(long remainingMs = expiration.toEpochM)|JVM 时区与 DB Asia/Shanghai 不一致时，时间戳/窗口判断错位|统一时钟源（Clock/ZoneId），或至少注释声明时区契约|open|batch-2
R4-XXXXX|d:\6\恋爱小程序\apps\api\src\main\java\com\campuslove\api\config\JwtTokenProvider.java|417|B|P2|Instant.now() 未显式指定 ZoneId（JVM 默认时区）(if (expiration == null 或 expiration.i)|JVM 时区与 DB Asia/Shanghai 不一致时，时间戳/窗口判断错位|统一时钟源（Clock/ZoneId），或至少注释声明时区契约|open|batch-2
R4-XXXXX|d:\6\恋爱小程序\apps\api\src\main\java\com\campuslove\api\admin\AdminUserController.java|135|B|P2|LocalDateTime.now() 未显式指定 ZoneId（JVM 默认时区）(LocalDateTime now = LocalDateTime.now()|JVM 时区与 DB Asia/Shanghai 不一致时，时间戳/窗口判断错位|统一时钟源（Clock/ZoneId），或至少注释声明时区契约|open|batch-2
R4-XXXXX|d:\6\恋爱小程序\apps\api\src\main\java\com\campuslove\api\admin\AdminUserController.java|205|B|P2|LocalDateTime.now() 未显式指定 ZoneId（JVM 默认时区）(LocalDateTime now = LocalDateTime.now()|JVM 时区与 DB Asia/Shanghai 不一致时，时间戳/窗口判断错位|统一时钟源（Clock/ZoneId），或至少注释声明时区契约|open|batch-2
R4-XXXXX|d:\6\恋爱小程序\apps\api\src\main\java\com\campuslove\api\admin\AdminUserController.java|405|B|P2|LocalDateTime.now() 未显式指定 ZoneId（JVM 默认时区）(user.setUpdatedAt(LocalDateTime.now()))|JVM 时区与 DB Asia/Shanghai 不一致时，时间戳/窗口判断错位|统一时钟源（Clock/ZoneId），或至少注释声明时区契约|open|batch-2
R4-XXXXX|d:\6\恋爱小程序\apps\api\src\main\java\com\campuslove\api\admin\AdminUserController.java|471|B|P2|LocalDateTime.now() 未显式指定 ZoneId（JVM 默认时区）(user.setUpdatedAt(LocalDateTime.now()))|JVM 时区与 DB Asia/Shanghai 不一致时，时间戳/窗口判断错位|统一时钟源（Clock/ZoneId），或至少注释声明时区契约|open|batch-2
R4-XXXXX|d:\6\恋爱小程序\apps\api\src\main\java\com\campuslove\api\wallet\WalletServiceImpl.java|151|B|P2|LocalDateTime.now() 未显式指定 ZoneId（JVM 默认时区）(wallet.setUpdatedAt(LocalDateTime.now()|JVM 时区与 DB Asia/Shanghai 不一致时，时间戳/窗口判断错位|统一时钟源（Clock/ZoneId），或至少注释声明时区契约|open|batch-2
R4-XXXXX|d:\6\恋爱小程序\apps\api\src\main\java\com\campuslove\api\wallet\WalletServiceImpl.java|224|B|P2|LocalDateTime.now() 未显式指定 ZoneId（JVM 默认时区）(wallet.setUpdatedAt(LocalDateTime.now()|JVM 时区与 DB Asia/Shanghai 不一致时，时间戳/窗口判断错位|统一时钟源（Clock/ZoneId），或至少注释声明时区契约|open|batch-2
R4-XXXXX|d:\6\恋爱小程序\apps\api\src\main\java\com\campuslove\api\wallet\WalletServiceImpl.java|301|B|P2|LocalDateTime.now() 未显式指定 ZoneId（JVM 默认时区）(LocalDateTime now = LocalDateTime.now()|JVM 时区与 DB Asia/Shanghai 不一致时，时间戳/窗口判断错位|统一时钟源（Clock/ZoneId），或至少注释声明时区契约|open|batch-2
R4-XXXXX|d:\6\恋爱小程序\apps\api\src\main\java\com\campuslove\api\wallet\WalletServiceImpl.java|344|B|P2|LocalDateTime.now() 未显式指定 ZoneId（JVM 默认时区）(LocalDateTime now = LocalDateTime.now()|JVM 时区与 DB Asia/Shanghai 不一致时，时间戳/窗口判断错位|统一时钟源（Clock/ZoneId），或至少注释声明时区契约|open|batch-2
R4-XXXXX|d:\6\恋爱小程序\apps\api\src\main\java\com\campuslove\api\admin\AdminVillagePostController.java|220|B|P2|LocalDateTime.now() 未显式指定 ZoneId（JVM 默认时区）(post.setAuditedAt(LocalDateTime.now()))|JVM 时区与 DB Asia/Shanghai 不一致时，时间戳/窗口判断错位|统一时钟源（Clock/ZoneId），或至少注释声明时区契约|open|batch-2
R4-XXXXX|d:\6\恋爱小程序\apps\api\src\main\java\com\campuslove\api\admin\AdminVillagePostController.java|221|B|P2|LocalDateTime.now() 未显式指定 ZoneId（JVM 默认时区）(post.setUpdatedAt(LocalDateTime.now()))|JVM 时区与 DB Asia/Shanghai 不一致时，时间戳/窗口判断错位|统一时钟源（Clock/ZoneId），或至少注释声明时区契约|open|batch-2
R4-XXXXX|d:\6\恋爱小程序\apps\api\src\main\java\com\campuslove\api\admin\AdminVillagePostController.java|288|B|P2|LocalDateTime.now() 未显式指定 ZoneId（JVM 默认时区）(post.setUpdatedAt(LocalDateTime.now()))|JVM 时区与 DB Asia/Shanghai 不一致时，时间戳/窗口判断错位|统一时钟源（Clock/ZoneId），或至少注释声明时区契约|open|batch-2
R4-XXXXX|d:\6\恋爱小程序\apps\api\src\main\java\com\campuslove\api\admin\AdminVillagePostController.java|323|B|P2|LocalDateTime.now() 未显式指定 ZoneId（JVM 默认时区）(post.setUpdatedAt(LocalDateTime.now()))|JVM 时区与 DB Asia/Shanghai 不一致时，时间戳/窗口判断错位|统一时钟源（Clock/ZoneId），或至少注释声明时区契约|open|batch-2
R4-XXXXX|d:\6\恋爱小程序\apps\api\src\main\java\com\campuslove\api\report\ReportController.java|74|B|P2|LocalDateTime.now() 未显式指定 ZoneId（JVM 默认时区）(LocalDateTime dayStart = LocalDateTime)|JVM 时区与 DB Asia/Shanghai 不一致时，时间戳/窗口判断错位|统一时钟源（Clock/ZoneId），或至少注释声明时区契约|open|batch-2
R4-XXXXX|d:\6\恋爱小程序\apps\api\src\main\java\com\campuslove\api\report\ReportController.java|88|B|P2|LocalDateTime.now() 未显式指定 ZoneId（JVM 默认时区）(report.setCreatedAt(LocalDateTime.now()|JVM 时区与 DB Asia/Shanghai 不一致时，时间戳/窗口判断错位|统一时钟源（Clock/ZoneId），或至少注释声明时区契约|open|batch-2
R4-XXXXX|d:\6\恋爱小程序\apps\api\src\main\java\com\campuslove\api\wallet\WalletController.java|202|B|P2|LocalDate.now() 未显式指定 ZoneId（JVM 默认时区）(String dateKey = LocalDate.now().forma)|JVM 时区与 DB Asia/Shanghai 不一致时，时间戳/窗口判断错位|统一时钟源（Clock/ZoneId），或至少注释声明时区契约|open|batch-2
R4-XXXXX|d:\6\恋爱小程序\apps\api\src\main\java\com\campuslove\api\report\ErrorReportController.java|69|B|P2|LocalDateTime.now() 未显式指定 ZoneId（JVM 默认时区）(report.setCreatedAt(LocalDateTime.now()|JVM 时区与 DB Asia/Shanghai 不一致时，时间戳/窗口判断错位|统一时钟源（Clock/ZoneId），或至少注释声明时区契约|open|batch-2
R4-XXXXX|d:\6\恋爱小程序\apps\api\src\main\java\com\campuslove\api\wallet\MockWalletServiceImpl.java|126|B|P2|LocalDateTime.now() 未显式指定 ZoneId（JVM 默认时区）(orderId, relatedType, relatedId, remar)|JVM 时区与 DB Asia/Shanghai 不一致时，时间戳/窗口判断错位|统一时钟源（Clock/ZoneId），或至少注释声明时区契约|open|batch-2
R4-XXXXX|d:\6\恋爱小程序\apps\api\src\main\java\com\campuslove\api\admin\SensitiveWordImportService.java|211|B|P2|LocalDateTime.now() 未显式指定 ZoneId（JVM 默认时区）(LocalDateTime now = LocalDateTime.now()|JVM 时区与 DB Asia/Shanghai 不一致时，时间戳/窗口判断错位|统一时钟源（Clock/ZoneId），或至少注释声明时区契约|open|batch-2
R4-XXXXX|d:\6\恋爱小程序\apps\api\src\main\java\com\campuslove\api\admin\RealAdminStatsService.java|88|B|P2|LocalDate.now() 未显式指定 ZoneId（JVM 默认时区）(LocalDateTime startOfToday = LocalDate)|JVM 时区与 DB Asia/Shanghai 不一致时，时间戳/窗口判断错位|统一时钟源（Clock/ZoneId），或至少注释声明时区契约|open|batch-2
R4-XXXXX|d:\6\恋爱小程序\apps\api\src\main\java\com\campuslove\api\admin\RealAdminStatsService.java|147|B|P2|LocalDate.now() 未显式指定 ZoneId（JVM 默认时区）(LocalDateTime startOfToday = LocalDate)|JVM 时区与 DB Asia/Shanghai 不一致时，时间戳/窗口判断错位|统一时钟源（Clock/ZoneId），或至少注释声明时区契约|open|batch-2
R4-XXXXX|d:\6\恋爱小程序\apps\api\src\main\java\com\campuslove\api\admin\RealAdminStatsService.java|179|B|P2|LocalDate.now() 未显式指定 ZoneId（JVM 默认时区）(LocalDateTime from = LocalDate.now().a)|JVM 时区与 DB Asia/Shanghai 不一致时，时间戳/窗口判断错位|统一时钟源（Clock/ZoneId），或至少注释声明时区契约|open|batch-2
R4-XXXXX|d:\6\恋爱小程序\apps\api\src\main\java\com\campuslove\api\admin\RealAdminStatsService.java|180|B|P2|LocalDateTime.now() 未显式指定 ZoneId（JVM 默认时区）(LocalDateTime to = LocalDateTime.now())|JVM 时区与 DB Asia/Shanghai 不一致时，时间戳/窗口判断错位|统一时钟源（Clock/ZoneId），或至少注释声明时区契约|open|batch-2
R4-XXXXX|d:\6\恋爱小程序\apps\api\src\main\java\com\campuslove\api\admin\RealAdminMatchConfigService.java|92|B|P2|LocalDateTime.now() 未显式指定 ZoneId（JVM 默认时区）(LocalDateTime now = LocalDateTime.now()|JVM 时区与 DB Asia/Shanghai 不一致时，时间戳/窗口判断错位|统一时钟源（Clock/ZoneId），或至少注释声明时区契约|open|batch-2
R4-XXXXX|d:\6\恋爱小程序\apps\api\src\main\java\com\campuslove\api\admin\RealAdminMatchConfigService.java|153|B|P2|LocalDateTime.now() 未显式指定 ZoneId（JVM 默认时区）(LocalDateTime now = LocalDateTime.now()|JVM 时区与 DB Asia/Shanghai 不一致时，时间戳/窗口判断错位|统一时钟源（Clock/ZoneId），或至少注释声明时区契约|open|batch-2
R4-XXXXX|d:\6\恋爱小程序\apps\api\src\main\java\com\campuslove\api\vip\PromoCodeService.java|155|B|P2|LocalDateTime.now() 未显式指定 ZoneId（JVM 默认时区）(usage.setUsedAt(LocalDateTime.now());)|JVM 时区与 DB Asia/Shanghai 不一致时，时间戳/窗口判断错位|统一时钟源（Clock/ZoneId），或至少注释声明时区契约|open|batch-2
R4-XXXXX|d:\6\恋爱小程序\apps\api\src\main\java\com\campuslove\api\vip\PromoCodeService.java|204|B|P2|LocalDateTime.now() 未显式指定 ZoneId（JVM 默认时区）(LocalDateTime now = LocalDateTime.now()|JVM 时区与 DB Asia/Shanghai 不一致时，时间戳/窗口判断错位|统一时钟源（Clock/ZoneId），或至少注释声明时区契约|open|batch-2
R4-XXXXX|d:\6\恋爱小程序\apps\api\src\main\java\com\campuslove\api\admin\RealAdminConfigService.java|126|B|P2|LocalDateTime.now() 未显式指定 ZoneId（JVM 默认时区）(config.setUpdatedAt(LocalDateTime.now()|JVM 时区与 DB Asia/Shanghai 不一致时，时间戳/窗口判断错位|统一时钟源（Clock/ZoneId），或至少注释声明时区契约|open|batch-2
R4-XXXXX|d:\6\恋爱小程序\apps\api\src\main\java\com\campuslove\api\admin\RealAdminConfigService.java|183|B|P2|LocalDateTime.now() 未显式指定 ZoneId（JVM 默认时区）(rule.setUpdatedAt(LocalDateTime.now()))|JVM 时区与 DB Asia/Shanghai 不一致时，时间戳/窗口判断错位|统一时钟源（Clock/ZoneId），或至少注释声明时区契约|open|batch-2
R4-XXXXX|d:\6\恋爱小程序\apps\api\src\main\java\com\campuslove\api\admin\RealAdminConfigService.java|212|B|P2|LocalDateTime.now() 未显式指定 ZoneId（JVM 默认时区）(sw.setUpdatedAt(LocalDateTime.now());)|JVM 时区与 DB Asia/Shanghai 不一致时，时间戳/窗口判断错位|统一时钟源（Clock/ZoneId），或至少注释声明时区契约|open|batch-2
R4-XXXXX|d:\6\恋爱小程序\apps\api\src\main\java\com\campuslove\api\profile\ProfileVisitorController.java|195|B|P2|LocalDateTime.now() 未显式指定 ZoneId（JVM 默认时区）(LocalDateTime.now().format(FORMATTER)))|JVM 时区与 DB Asia/Shanghai 不一致时，时间戳/窗口判断错位|统一时钟源（Clock/ZoneId），或至少注释声明时区契约|open|batch-2
R4-XXXXX|d:\6\恋爱小程序\apps\api\src\main\java\com\campuslove\api\profile\ProfileVisitorController.java|205|B|P2|LocalDate.now() 未显式指定 ZoneId（JVM 默认时区）(LocalDate today = LocalDate.now();)|JVM 时区与 DB Asia/Shanghai 不一致时，时间戳/窗口判断错位|统一时钟源（Clock/ZoneId），或至少注释声明时区契约|open|batch-2
R4-XXXXX|d:\6\恋爱小程序\apps\api\src\main\java\com\campuslove\api\profile\ProfileVisitorController.java|220|B|P2|LocalDateTime.now() 未显式指定 ZoneId（JVM 默认时区）(LocalDateTime.now().format(FORMATTER))|JVM 时区与 DB Asia/Shanghai 不一致时，时间戳/窗口判断错位|统一时钟源（Clock/ZoneId），或至少注释声明时区契约|open|batch-2
R4-XXXXX|d:\6\恋爱小程序\apps\api\src\main\java\com\campuslove\api\profile\ProfileVisitorController.java|225|B|P2|LocalDateTime.now() 未显式指定 ZoneId（JVM 默认时区）(ProfileVisitor record = new ProfileVis)|JVM 时区与 DB Asia/Shanghai 不一致时，时间戳/窗口判断错位|统一时钟源（Clock/ZoneId），或至少注释声明时区契约|open|batch-2
R4-XXXXX|d:\6\恋爱小程序\apps\api\src\main\java\com\campuslove\api\discover\RealDailyQuestionService.java|76|B|P2|now() 未显式指定 ZoneId（JVM 默认时区）(key = "#userId + ':' + T(java.time.Loc)|JVM 时区与 DB Asia/Shanghai 不一致时，时间戳/窗口判断错位|统一时钟源（Clock/ZoneId），或至少注释声明时区契约|open|batch-2
R4-XXXXX|d:\6\恋爱小程序\apps\api\src\main\java\com\campuslove\api\discover\RealDailyQuestionService.java|78|B|P2|LocalDate.now() 未显式指定 ZoneId（JVM 默认时区）(LocalDate today = LocalDate.now();)|JVM 时区与 DB Asia/Shanghai 不一致时，时间戳/窗口判断错位|统一时钟源（Clock/ZoneId），或至少注释声明时区契约|open|batch-2
R4-XXXXX|d:\6\恋爱小程序\apps\api\src\main\java\com\campuslove\api\discover\RealDailyQuestionService.java|125|B|P2|now() 未显式指定 ZoneId（JVM 默认时区）(key = "#userId + ':' + T(java.time.Loc)|JVM 时区与 DB Asia/Shanghai 不一致时，时间戳/窗口判断错位|统一时钟源（Clock/ZoneId），或至少注释声明时区契约|open|batch-2
R4-XXXXX|d:\6\恋爱小程序\apps\api\src\main\java\com\campuslove\api\discover\RealDailyQuestionService.java|151|B|P2|LocalDateTime.now() 未显式指定 ZoneId（JVM 默认时区）(LocalDateTime now = LocalDateTime.now()|JVM 时区与 DB Asia/Shanghai 不一致时，时间戳/窗口判断错位|统一时钟源（Clock/ZoneId），或至少注释声明时区契约|open|batch-2
R4-XXXXX|d:\6\恋爱小程序\apps\api\src\main\java\com\campuslove\api\discover\UserPreferenceCalculator.java|89|B|P2|LocalDateTime.now() 未显式指定 ZoneId（JVM 默认时区）(LocalDateTime now = LocalDateTime.now()|JVM 时区与 DB Asia/Shanghai 不一致时，时间戳/窗口判断错位|统一时钟源（Clock/ZoneId），或至少注释声明时区契约|open|batch-2
R4-XXXXX|d:\6\恋爱小程序\apps\api\src\main\java\com\campuslove\api\discover\UserPreferenceCalculator.java|135|B|P2|LocalDateTime.now() 未显式指定 ZoneId（JVM 默认时区）(LocalDateTime now = LocalDateTime.now()|JVM 时区与 DB Asia/Shanghai 不一致时，时间戳/窗口判断错位|统一时钟源（Clock/ZoneId），或至少注释声明时区契约|open|batch-2
R4-XXXXX|d:\6\恋爱小程序\apps\api\src\main\java\com\campuslove\api\profile\ProfileUpdateService.java|115|B|P2|LocalDateTime.now() 未显式指定 ZoneId（JVM 默认时区）(LocalDateTime now = LocalDateTime.now()|JVM 时区与 DB Asia/Shanghai 不一致时，时间戳/窗口判断错位|统一时钟源（Clock/ZoneId），或至少注释声明时区契约|open|batch-2
R4-XXXXX|d:\6\恋爱小程序\apps\api\src\main\java\com\campuslove\api\profile\ProfileUpdateService.java|205|B|P2|LocalDateTime.now() 未显式指定 ZoneId（JVM 默认时区）(user.setUpdatedAt(LocalDateTime.now()))|JVM 时区与 DB Asia/Shanghai 不一致时，时间戳/窗口判断错位|统一时钟源（Clock/ZoneId），或至少注释声明时区契约|open|batch-2
R4-XXXXX|d:\6\恋爱小程序\apps\api\src\main\java\com\campuslove\api\profile\ProfileUpdateService.java|209|B|P2|LocalDateTime.now() 未显式指定 ZoneId（JVM 默认时区）(profile.setUpdatedAt(LocalDateTime.now)|JVM 时区与 DB Asia/Shanghai 不一致时，时间戳/窗口判断错位|统一时钟源（Clock/ZoneId），或至少注释声明时区契约|open|batch-2
R4-XXXXX|d:\6\恋爱小程序\apps\api\src\main\java\com\campuslove\api\profile\ProfileUpdateService.java|224|B|P2|LocalDateTime.now() 未显式指定 ZoneId（JVM 默认时区）(profile.setUpdatedAt(LocalDateTime.now)|JVM 时区与 DB Asia/Shanghai 不一致时，时间戳/窗口判断错位|统一时钟源（Clock/ZoneId），或至少注释声明时区契约|open|batch-2
R4-XXXXX|d:\6\恋爱小程序\apps\api\src\main\java\com\campuslove\api\profile\ProfileUpdateService.java|252|B|P2|LocalDateTime.now() 未显式指定 ZoneId（JVM 默认时区）(profile.setUpdatedAt(LocalDateTime.now)|JVM 时区与 DB Asia/Shanghai 不一致时，时间戳/窗口判断错位|统一时钟源（Clock/ZoneId），或至少注释声明时区契约|open|batch-2
R4-XXXXX|d:\6\恋爱小程序\apps\api\src\main\java\com\campuslove\api\profile\ProfileUpdateService.java|278|B|P2|LocalDateTime.now() 未显式指定 ZoneId（JVM 默认时区）(profile.setUpdatedAt(LocalDateTime.now)|JVM 时区与 DB Asia/Shanghai 不一致时，时间戳/窗口判断错位|统一时钟源（Clock/ZoneId），或至少注释声明时区契约|open|batch-2
R4-XXXXX|d:\6\恋爱小程序\apps\api\src\main\java\com\campuslove\api\profile\ProfileUpdateService.java|294|B|P2|LocalDateTime.now() 未显式指定 ZoneId（JVM 默认时区）(profile.setUpdatedAt(LocalDateTime.now)|JVM 时区与 DB Asia/Shanghai 不一致时，时间戳/窗口判断错位|统一时钟源（Clock/ZoneId），或至少注释声明时区契约|open|batch-2
R4-XXXXX|d:\6\恋爱小程序\apps\api\src\main\java\com\campuslove\api\profile\ProfileUpdateService.java|310|B|P2|LocalDateTime.now() 未显式指定 ZoneId（JVM 默认时区）(profile.setUpdatedAt(LocalDateTime.now)|JVM 时区与 DB Asia/Shanghai 不一致时，时间戳/窗口判断错位|统一时钟源（Clock/ZoneId），或至少注释声明时区契约|open|batch-2
R4-XXXXX|d:\6\恋爱小程序\apps\api\src\main\java\com\campuslove\api\profile\ProfileUpdateService.java|325|B|P2|LocalDateTime.now() 未显式指定 ZoneId（JVM 默认时区）(LocalDateTime now = LocalDateTime.now()|JVM 时区与 DB Asia/Shanghai 不一致时，时间戳/窗口判断错位|统一时钟源（Clock/ZoneId），或至少注释声明时区契约|open|batch-2
R4-XXXXX|d:\6\恋爱小程序\apps\api\src\main\java\com\campuslove\api\profile\ProfileUpdateService.java|367|B|P2|LocalDateTime.now() 未显式指定 ZoneId（JVM 默认时区）(LocalDateTime now = LocalDateTime.now()|JVM 时区与 DB Asia/Shanghai 不一致时，时间戳/窗口判断错位|统一时钟源（Clock/ZoneId），或至少注释声明时区契约|open|batch-2
R4-XXXXX|d:\6\恋爱小程序\apps\api\src\main\java\com\campuslove\api\profile\ProfileUpdateService.java|471|B|P2|LocalDateTime.now() 未显式指定 ZoneId（JVM 默认时区）(newProfile.setCreatedAt(LocalDateTime.)|JVM 时区与 DB Asia/Shanghai 不一致时，时间戳/窗口判断错位|统一时钟源（Clock/ZoneId），或至少注释声明时区契约|open|batch-2
R4-XXXXX|d:\6\恋爱小程序\apps\api\src\main\java\com\campuslove\api\discover\RealCircleService.java|223|B|P2|LocalDateTime.now() 未显式指定 ZoneId（JVM 默认时区）(membership.setJoinedAt(LocalDateTime.n)|JVM 时区与 DB Asia/Shanghai 不一致时，时间戳/窗口判断错位|统一时钟源（Clock/ZoneId），或至少注释声明时区契约|open|batch-2
R4-XXXXX|d:\6\恋爱小程序\apps\api\src\main\java\com\campuslove\api\discover\RealCircleService.java|373|B|P2|LocalDateTime.now() 未显式指定 ZoneId（JVM 默认时区）(LocalDateTime now = LocalDateTime.now()|JVM 时区与 DB Asia/Shanghai 不一致时，时间戳/窗口判断错位|统一时钟源（Clock/ZoneId），或至少注释声明时区契约|open|batch-2
R4-XXXXX|d:\6\恋爱小程序\apps\api\src\main\java\com\campuslove\api\discover\RealCircleService.java|445|B|P2|LocalDateTime.now() 未显式指定 ZoneId（JVM 默认时区）(LocalDateTime now = LocalDateTime.now()|JVM 时区与 DB Asia/Shanghai 不一致时，时间戳/窗口判断错位|统一时钟源（Clock/ZoneId），或至少注释声明时区契约|open|batch-2
R4-XXXXX|d:\6\恋爱小程序\apps\api\src\main\java\com\campuslove\api\growth\WeChatPushService.java|268|B|P2|LocalDateTime.now() 未显式指定 ZoneId（JVM 默认时区）(data.put("time3", new TemplateDataItem)|JVM 时区与 DB Asia/Shanghai 不一致时，时间戳/窗口判断错位|统一时钟源（Clock/ZoneId），或至少注释声明时区契约|open|batch-2
R4-XXXXX|d:\6\恋爱小程序\apps\api\src\main\java\com\campuslove\api\growth\WeChatPushService.java|292|B|P2|LocalDateTime.now() 未显式指定 ZoneId（JVM 默认时区）(data.put("time3", new TemplateDataItem)|JVM 时区与 DB Asia/Shanghai 不一致时，时间戳/窗口判断错位|统一时钟源（Clock/ZoneId），或至少注释声明时区契约|open|batch-2
R4-XXXXX|d:\6\恋爱小程序\apps\api\src\main\java\com\campuslove\api\discover\RealActivityService.java|138|B|P2|LocalDateTime.now() 未显式指定 ZoneId（JVM 默认时区）(LocalDateTime now = LocalDateTime.now()|JVM 时区与 DB Asia/Shanghai 不一致时，时间戳/窗口判断错位|统一时钟源（Clock/ZoneId），或至少注释声明时区契约|open|batch-2
R4-XXXXX|d:\6\恋爱小程序\apps\api\src\main\java\com\campuslove\api\discover\RecommendationStrategy.java|499|B|P2|LocalDateTime.now() 未显式指定 ZoneId（JVM 默认时区）(LocalDateTime since = LocalDateTime.no)|JVM 时区与 DB Asia/Shanghai 不一致时，时间戳/窗口判断错位|统一时钟源（Clock/ZoneId），或至少注释声明时区契约|open|batch-2
R4-XXXXX|d:\6\恋爱小程序\apps\api\src\main\java\com\campuslove\api\profile\FollowService.java|76|B|P2|LocalDateTime.now() 未显式指定 ZoneId（JVM 默认时区）(LocalDateTime now = LocalDateTime.now()|JVM 时区与 DB Asia/Shanghai 不一致时，时间戳/窗口判断错位|统一时钟源（Clock/ZoneId），或至少注释声明时区契约|open|batch-2
R4-XXXXX|d:\6\恋爱小程序\apps\api\src\main\java\com\campuslove\api\profile\FollowService.java|133|B|P2|LocalDateTime.now() 未显式指定 ZoneId（JVM 默认时区）(LocalDateTime now = LocalDateTime.now()|JVM 时区与 DB Asia/Shanghai 不一致时，时间戳/窗口判断错位|统一时钟源（Clock/ZoneId），或至少注释声明时区契约|open|batch-2
R4-XXXXX|d:\6\恋爱小程序\apps\api\src\main\java\com\campuslove\api\discover\MockRecommendationService.java|101|B|P2|LocalDate.now() 未显式指定 ZoneId（JVM 默认时区）(LocalDate.now().plusDays(1),)|JVM 时区与 DB Asia/Shanghai 不一致时，时间戳/窗口判断错位|统一时钟源（Clock/ZoneId），或至少注释声明时区契约|open|batch-2
R4-XXXXX|d:\6\恋爱小程序\apps\api\src\main\java\com\campuslove\api\discover\RecommendationRanker.java|415|B|P2|Year.now() 未显式指定 ZoneId（JVM 默认时区）(? Year.now().getValue() - basicProfile)|JVM 时区与 DB Asia/Shanghai 不一致时，时间戳/窗口判断错位|统一时钟源（Clock/ZoneId），或至少注释声明时区契约|open|batch-2
R4-XXXXX|d:\6\恋爱小程序\apps\api\src\main\java\com\campuslove\api\growth\RecommendQuotaService.java|104|B|P2|LocalDate.now() 未显式指定 ZoneId（JVM 默认时区）(String dateKey = LocalDate.now().forma)|JVM 时区与 DB Asia/Shanghai 不一致时，时间戳/窗口判断错位|统一时钟源（Clock/ZoneId），或至少注释声明时区契约|open|batch-2
R4-XXXXX|d:\6\恋爱小程序\apps\api\src\main\java\com\campuslove\api\growth\RecommendQuotaService.java|129|B|P2|LocalDate.now() 未显式指定 ZoneId（JVM 默认时区）(String dateKey = LocalDate.now().forma)|JVM 时区与 DB Asia/Shanghai 不一致时，时间戳/窗口判断错位|统一时钟源（Clock/ZoneId），或至少注释声明时区契约|open|batch-2
R4-XXXXX|d:\6\恋爱小程序\apps\api\src\main\java\com\campuslove\api\discover\MockDailyQuestionService.java|32|B|P2|LocalDate.now() 未显式指定 ZoneId（JVM 默认时区）(LocalDate today = LocalDate.now();)|JVM 时区与 DB Asia/Shanghai 不一致时，时间戳/窗口判断错位|统一时钟源（Clock/ZoneId），或至少注释声明时区契约|open|batch-2
R4-XXXXX|d:\6\恋爱小程序\apps\api\src\main\java\com\campuslove\api\discover\MockDailyQuestionService.java|128|B|P2|LocalDateTime.now() 未显式指定 ZoneId（JVM 默认时区）(LocalDateTime.now().minusHours(1),)|JVM 时区与 DB Asia/Shanghai 不一致时，时间戳/窗口判断错位|统一时钟源（Clock/ZoneId），或至少注释声明时区契约|open|batch-2
R4-XXXXX|d:\6\恋爱小程序\apps\api\src\main\java\com\campuslove\api\discover\MockDailyQuestionService.java|138|B|P2|LocalDateTime.now() 未显式指定 ZoneId（JVM 默认时区）(LocalDateTime.now().minusHours(2),)|JVM 时区与 DB Asia/Shanghai 不一致时，时间戳/窗口判断错位|统一时钟源（Clock/ZoneId），或至少注释声明时区契约|open|batch-2
R4-XXXXX|d:\6\恋爱小程序\apps\api\src\main\java\com\campuslove\api\discover\MockDailyQuestionService.java|148|B|P2|LocalDateTime.now() 未显式指定 ZoneId（JVM 默认时区）(LocalDateTime.now().minusHours(3),)|JVM 时区与 DB Asia/Shanghai 不一致时，时间戳/窗口判断错位|统一时钟源（Clock/ZoneId），或至少注释声明时区契约|open|batch-2
R4-XXXXX|d:\6\恋爱小程序\apps\api\src\main\java\com\campuslove\api\discover\MockDailyQuestionService.java|168|B|P2|LocalDateTime.now() 未显式指定 ZoneId（JVM 默认时区）(LocalDateTime.now(),)|JVM 时区与 DB Asia/Shanghai 不一致时，时间戳/窗口判断错位|统一时钟源（Clock/ZoneId），或至少注释声明时区契约|open|batch-2
R4-XXXXX|d:\6\恋爱小程序\apps\api\src\main\java\com\campuslove\api\growth\RealSocialProgressService.java|91|B|P2|LocalDateTime.now() 未显式指定 ZoneId（JVM 默认时区）(progress.setUpdatedAt(LocalDateTime.no)|JVM 时区与 DB Asia/Shanghai 不一致时，时间戳/窗口判断错位|统一时钟源（Clock/ZoneId），或至少注释声明时区契约|open|batch-2
R4-XXXXX|d:\6\恋爱小程序\apps\api\src\main\java\com\campuslove\api\growth\RealSocialProgressService.java|111|B|P2|LocalDateTime.now() 未显式指定 ZoneId（JVM 默认时区）(progress.setUpdatedAt(LocalDateTime.no)|JVM 时区与 DB Asia/Shanghai 不一致时，时间戳/窗口判断错位|统一时钟源（Clock/ZoneId），或至少注释声明时区契约|open|batch-2
R4-XXXXX|d:\6\恋爱小程序\apps\api\src\main\java\com\campuslove\api\growth\RealSocialProgressService.java|135|B|P2|LocalDateTime.now() 未显式指定 ZoneId（JVM 默认时区）(progress.setUpdatedAt(LocalDateTime.no)|JVM 时区与 DB Asia/Shanghai 不一致时，时间戳/窗口判断错位|统一时钟源（Clock/ZoneId），或至少注释声明时区契约|open|batch-2
R4-XXXXX|d:\6\恋爱小程序\apps\api\src\main\java\com\campuslove\api\growth\RealSocialProgressService.java|158|B|P2|LocalDateTime.now() 未显式指定 ZoneId（JVM 默认时区）(progress.setUpdatedAt(LocalDateTime.no)|JVM 时区与 DB Asia/Shanghai 不一致时，时间戳/窗口判断错位|统一时钟源（Clock/ZoneId），或至少注释声明时区契约|open|batch-2
R4-XXXXX|d:\6\恋爱小程序\apps\api\src\main\java\com\campuslove\api\growth\RealSocialProgressService.java|181|B|P2|LocalDateTime.now() 未显式指定 ZoneId（JVM 默认时区）(progress.setUpdatedAt(LocalDateTime.no)|JVM 时区与 DB Asia/Shanghai 不一致时，时间戳/窗口判断错位|统一时钟源（Clock/ZoneId），或至少注释声明时区契约|open|batch-2
R4-XXXXX|d:\6\恋爱小程序\apps\api\src\main\java\com\campuslove\api\growth\RealSocialProgressService.java|204|B|P2|LocalDateTime.now() 未显式指定 ZoneId（JVM 默认时区）(progress.setUpdatedAt(LocalDateTime.no)|JVM 时区与 DB Asia/Shanghai 不一致时，时间戳/窗口判断错位|统一时钟源（Clock/ZoneId），或至少注释声明时区契约|open|batch-2
R4-XXXXX|d:\6\恋爱小程序\apps\api\src\main\java\com\campuslove\api\growth\RealSocialProgressService.java|236|B|P2|LocalDateTime.now() 未显式指定 ZoneId（JVM 默认时区）(newProgress.setUpdatedAt(LocalDateTime)|JVM 时区与 DB Asia/Shanghai 不一致时，时间戳/窗口判断错位|统一时钟源（Clock/ZoneId），或至少注释声明时区契约|open|batch-2
R4-XXXXX|d:\6\恋爱小程序\apps\api\src\main\java\com\campuslove\api\discover\MockCircleService.java|118|B|P2|LocalDateTime.now() 未显式指定 ZoneId（JVM 默认时区）(LocalDateTime.now())|JVM 时区与 DB Asia/Shanghai 不一致时，时间戳/窗口判断错位|统一时钟源（Clock/ZoneId），或至少注释声明时区契约|open|batch-2
R4-XXXXX|d:\6\恋爱小程序\apps\api\src\main\java\com\campuslove\api\discover\MockCircleService.java|170|B|P2|LocalDateTime.now() 未显式指定 ZoneId（JVM 默认时区）(LocalDateTime.now())|JVM 时区与 DB Asia/Shanghai 不一致时，时间戳/窗口判断错位|统一时钟源（Clock/ZoneId），或至少注释声明时区契约|open|batch-2
R4-XXXXX|d:\6\恋爱小程序\apps\api\src\main\java\com\campuslove\api\discover\MockCircleService.java|245|B|P2|LocalDateTime.now() 未显式指定 ZoneId（JVM 默认时区）(List.of("https://picsum.photos/400/300)|JVM 时区与 DB Asia/Shanghai 不一致时，时间戳/窗口判断错位|统一时钟源（Clock/ZoneId），或至少注释声明时区契约|open|batch-2
R4-XXXXX|d:\6\恋爱小程序\apps\api\src\main\java\com\campuslove\api\discover\MockCircleService.java|249|B|P2|LocalDateTime.now() 未显式指定 ZoneId（JVM 默认时区）(LocalDateTime.now().minusHours(5)))|JVM 时区与 DB Asia/Shanghai 不一致时，时间戳/窗口判断错位|统一时钟源（Clock/ZoneId），或至少注释声明时区契约|open|batch-2
R4-XXXXX|d:\6\恋爱小程序\apps\api\src\main\java\com\campuslove\api\discover\MockCircleService.java|255|B|P2|LocalDateTime.now() 未显式指定 ZoneId（JVM 默认时区）(null, 23, 1004L, "许诺", LocalDateTime.n)|JVM 时区与 DB Asia/Shanghai 不一致时，时间戳/窗口判断错位|统一时钟源（Clock/ZoneId），或至少注释声明时区契约|open|batch-2
R4-XXXXX|d:\6\恋爱小程序\apps\api\src\main\java\com\campuslove\api\discover\MockCircleService.java|261|B|P2|LocalDateTime.now() 未显式指定 ZoneId（JVM 默认时区）(null, 15, 1002L, "林安", LocalDateTime.n)|JVM 时区与 DB Asia/Shanghai 不一致时，时间戳/窗口判断错位|统一时钟源（Clock/ZoneId），或至少注释声明时区契约|open|batch-2
R4-XXXXX|d:\6\恋爱小程序\apps\api\src\main\java\com\campuslove\api\discover\MockCircleService.java|272|B|P2|LocalDateTime.now() 未显式指定 ZoneId（JVM 默认时区）(LocalDateTime.now().minusHours(1)),)|JVM 时区与 DB Asia/Shanghai 不一致时，时间戳/窗口判断错位|统一时钟源（Clock/ZoneId），或至少注释声明时区契约|open|batch-2
R4-XXXXX|d:\6\恋爱小程序\apps\api\src\main\java\com\campuslove\api\discover\MockCircleService.java|274|B|P2|LocalDateTime.now() 未显式指定 ZoneId（JVM 默认时区）(LocalDateTime.now().minusMinutes(30)))|JVM 时区与 DB Asia/Shanghai 不一致时，时间戳/窗口判断错位|统一时钟源（Clock/ZoneId），或至少注释声明时区契约|open|batch-2
R4-XXXXX|d:\6\恋爱小程序\apps\api\src\main\java\com\campuslove\api\discover\MockCircleService.java|279|B|P2|LocalDateTime.now() 未显式指定 ZoneId（JVM 默认时区）(LocalDateTime.now().minusMinutes(45)))|JVM 时区与 DB Asia/Shanghai 不一致时，时间戳/窗口判断错位|统一时钟源（Clock/ZoneId），或至少注释声明时区契约|open|batch-2
R4-XXXXX|d:\6\恋爱小程序\apps\api\src\main\java\com\campuslove\api\growth\RealPushSummaryService.java|109|B|P2|LocalDate.now() 未显式指定 ZoneId（JVM 默认时区）(LocalDate today = LocalDate.now();)|JVM 时区与 DB Asia/Shanghai 不一致时，时间戳/窗口判断错位|统一时钟源（Clock/ZoneId），或至少注释声明时区契约|open|batch-2
R4-XXXXX|d:\6\恋爱小程序\apps\api\src\main\java\com\campuslove\api\growth\RealPushSummaryService.java|123|B|P2|LocalDateTime.now() 未显式指定 ZoneId（JVM 默认时区）(LocalDateTime since24h = LocalDateTime)|JVM 时区与 DB Asia/Shanghai 不一致时，时间戳/窗口判断错位|统一时钟源（Clock/ZoneId），或至少注释声明时区契约|open|batch-2
R4-XXXXX|d:\6\恋爱小程序\apps\api\src\main\java\com\campuslove\api\growth\RealPushSummaryService.java|191|B|P2|LocalDateTime.now() 未显式指定 ZoneId（JVM 默认时区）(summary.setGeneratedAt(LocalDateTime.n)|JVM 时区与 DB Asia/Shanghai 不一致时，时间戳/窗口判断错位|统一时钟源（Clock/ZoneId），或至少注释声明时区契约|open|batch-2
R4-XXXXX|d:\6\恋爱小程序\apps\api\src\main\java\com\campuslove\api\growth\RealPushSummaryService.java|224|B|P2|LocalDate.now() 未显式指定 ZoneId（JVM 默认时区）(LocalDate today = LocalDate.now();)|JVM 时区与 DB Asia/Shanghai 不一致时，时间戳/窗口判断错位|统一时钟源（Clock/ZoneId），或至少注释声明时区契约|open|batch-2
R4-XXXXX|d:\6\恋爱小程序\apps\api\src\main\java\com\campuslove\api\growth\RealPushSummaryService.java|245|B|P2|LocalTime.now() 未显式指定 ZoneId（JVM 默认时区）(LocalTime now = LocalTime.now();)|JVM 时区与 DB Asia/Shanghai 不一致时，时间戳/窗口判断错位|统一时钟源（Clock/ZoneId），或至少注释声明时区契约|open|batch-2
R4-XXXXX|d:\6\恋爱小程序\apps\api\src\main\java\com\campuslove\api\growth\RealPushSummaryService.java|272|B|P2|LocalDateTime.now() 未显式指定 ZoneId（JVM 默认时区）(summary.setGeneratedAt(LocalDateTime.n)|JVM 时区与 DB Asia/Shanghai 不一致时，时间戳/窗口判断错位|统一时钟源（Clock/ZoneId），或至少注释声明时区契约|open|batch-2
R4-XXXXX|d:\6\恋爱小程序\apps\api\src\main\java\com\campuslove\api\growth\RealPushSummaryService.java|315|B|P2|LocalDateTime.now() 未显式指定 ZoneId（JVM 默认时区）(summary.setSentAt(LocalDateTime.now()))|JVM 时区与 DB Asia/Shanghai 不一致时，时间戳/窗口判断错位|统一时钟源（Clock/ZoneId），或至少注释声明时区契约|open|batch-2
R4-XXXXX|d:\6\恋爱小程序\apps\api\src\main\java\com\campuslove\api\discover\RealRecommendationService.java|226|B|P2|LocalDateTime.now() 未显式指定 ZoneId（JVM 默认时区）(LocalDateTime now = LocalDateTime.now()|JVM 时区与 DB Asia/Shanghai 不一致时，时间戳/窗口判断错位|统一时钟源（Clock/ZoneId），或至少注释声明时区契约|open|batch-2
R4-XXXXX|d:\6\恋爱小程序\apps\api\src\main\java\com\campuslove\api\discover\RealRecommendationService.java|274|B|P2|LocalDateTime.now() 未显式指定 ZoneId（JVM 默认时区）(.setParameter("now", LocalDateTime.now)|JVM 时区与 DB Asia/Shanghai 不一致时，时间戳/窗口判断错位|统一时钟源（Clock/ZoneId），或至少注释声明时区契约|open|batch-2
R4-XXXXX|d:\6\恋爱小程序\apps\api\src\main\java\com\campuslove\api\discover\RealRecommendationService.java|285|B|P2|LocalDateTime.now() 未显式指定 ZoneId（JVM 默认时区）(activity.setUpdatedAt(LocalDateTime.no)|JVM 时区与 DB Asia/Shanghai 不一致时，时间戳/窗口判断错位|统一时钟源（Clock/ZoneId），或至少注释声明时区契约|open|batch-2
R4-XXXXX|d:\6\恋爱小程序\apps\api\src\main\java\com\campuslove\api\discover\MockActivityService.java|43|B|P2|LocalDate.now() 未显式指定 ZoneId（JVM 默认时区）(LocalDate.now().plusDays(1))|JVM 时区与 DB Asia/Shanghai 不一致时，时间戳/窗口判断错位|统一时钟源（Clock/ZoneId），或至少注释声明时区契约|open|batch-2
R4-XXXXX|d:\6\恋爱小程序\apps\api\src\main\java\com\campuslove\api\discover\MockActivityService.java|73|B|P2|LocalDate.now() 未显式指定 ZoneId（JVM 默认时区）(LocalDate.now().plusDays(1),)|JVM 时区与 DB Asia/Shanghai 不一致时，时间戳/窗口判断错位|统一时钟源（Clock/ZoneId），或至少注释声明时区契约|open|batch-2
R4-XXXXX|d:\6\恋爱小程序\apps\api\src\main\java\com\campuslove\api\growth\RealPushPreferenceService.java|97|B|P2|LocalDateTime.now() 未显式指定 ZoneId（JVM 默认时区）(preference.setUpdatedAt(LocalDateTime.)|JVM 时区与 DB Asia/Shanghai 不一致时，时间戳/窗口判断错位|统一时钟源（Clock/ZoneId），或至少注释声明时区契约|open|batch-2
R4-XXXXX|d:\6\恋爱小程序\apps\api\src\main\java\com\campuslove\api\vip\BillingService.java|151|B|P2|LocalDateTime.now() 未显式指定 ZoneId（JVM 默认时区）(bill.setCreatedAt(java.time.LocalDateT)|JVM 时区与 DB Asia/Shanghai 不一致时，时间戳/窗口判断错位|统一时钟源（Clock/ZoneId），或至少注释声明时区契约|open|batch-2
R4-XXXXX|d:\6\恋爱小程序\apps\api\src\main\java\com\campuslove\api\vip\BillingService.java|270|B|P2|LocalDateTime.now() 未显式指定 ZoneId（JVM 默认时区）(LocalDateTime now = LocalDateTime.now()|JVM 时区与 DB Asia/Shanghai 不一致时，时间戳/窗口判断错位|统一时钟源（Clock/ZoneId），或至少注释声明时区契约|open|batch-2
R4-XXXXX|d:\6\恋爱小程序\apps\api\src\main\java\com\campuslove\api\vip\BillingService.java|313|B|P2|LocalDateTime.now() 未显式指定 ZoneId（JVM 默认时区）(logEntry.setCreatedAt(LocalDateTime.no)|JVM 时区与 DB Asia/Shanghai 不一致时，时间戳/窗口判断错位|统一时钟源（Clock/ZoneId），或至少注释声明时区契约|open|batch-2
R4-XXXXX|d:\6\恋爱小程序\apps\api\src\main\java\com\campuslove\api\mock\MockVillageService.java|193|B|P2|LocalDateTime.now() 未显式指定 ZoneId（JVM 默认时区）(LocalDateTime.now(), LocalDateTime.now)|JVM 时区与 DB Asia/Shanghai 不一致时，时间戳/窗口判断错位|统一时钟源（Clock/ZoneId），或至少注释声明时区契约|open|batch-2
R4-XXXXX|d:\6\恋爱小程序\apps\api\src\main\java\com\campuslove\api\mock\MockVillageService.java|232|B|P2|LocalDateTime.now() 未显式指定 ZoneId（JVM 默认时区）(defaultUserName(), null, LocalDateTime)|JVM 时区与 DB Asia/Shanghai 不一致时，时间戳/窗口判断错位|统一时钟源（Clock/ZoneId），或至少注释声明时区契约|open|batch-2
R4-XXXXX|d:\6\恋爱小程序\apps\api\src\main\java\com\campuslove\api\mock\MockVillageService.java|251|B|P2|LocalDateTime.now() 未显式指定 ZoneId（JVM 默认时区）(userId, defaultUserName(), LocalDateTi)|JVM 时区与 DB Asia/Shanghai 不一致时，时间戳/窗口判断错位|统一时钟源（Clock/ZoneId），或至少注释声明时区契约|open|batch-2
R4-XXXXX|d:\6\恋爱小程序\apps\api\src\main\java\com\campuslove\api\mock\MockVillageService.java|277|B|P2|LocalDateTime.now() 未显式指定 ZoneId（JVM 默认时区）(LocalDateTime.now(), LocalDateTime.now)|JVM 时区与 DB Asia/Shanghai 不一致时，时间戳/窗口判断错位|统一时钟源（Clock/ZoneId），或至少注释声明时区契约|open|batch-2
R4-XXXXX|d:\6\恋爱小程序\apps\api\src\main\java\com\campuslove\api\mock\MockVillageService.java|315|B|P2|LocalDateTime.now() 未显式指定 ZoneId（JVM 默认时区）(LocalDateTime.now().toString())))|JVM 时区与 DB Asia/Shanghai 不一致时，时间戳/窗口判断错位|统一时钟源（Clock/ZoneId），或至少注释声明时区契约|open|batch-2
R4-XXXXX|d:\6\恋爱小程序\apps\api\src\main\java\com\campuslove\api\mock\MockVillageService.java|370|B|P2|LocalDateTime.now() 未显式指定 ZoneId（JVM 默认时区）(LocalDateTime.now().minusDays(1).toStr)|JVM 时区与 DB Asia/Shanghai 不一致时，时间戳/窗口判断错位|统一时钟源（Clock/ZoneId），或至少注释声明时区契约|open|batch-2
R4-XXXXX|d:\6\恋爱小程序\apps\api\src\main\java\com\campuslove\api\mock\MockVillageService.java|372|B|P2|LocalDateTime.now() 未显式指定 ZoneId（JVM 默认时区）(LocalDateTime.now().minusDays(2).toStr)|JVM 时区与 DB Asia/Shanghai 不一致时，时间戳/窗口判断错位|统一时钟源（Clock/ZoneId），或至少注释声明时区契约|open|batch-2
R4-XXXXX|d:\6\恋爱小程序\apps\api\src\main\java\com\campuslove\api\mock\MockVillageService.java|474|B|P2|LocalDateTime.now() 未显式指定 ZoneId（JVM 默认时区）(1002L, "林安", "/uploads/mock/avatar-lin)|JVM 时区与 DB Asia/Shanghai 不一致时，时间戳/窗口判断错位|统一时钟源（Clock/ZoneId），或至少注释声明时区契约|open|batch-2
R4-XXXXX|d:\6\恋爱小程序\apps\api\src\main\java\com\campuslove\api\mock\MockVillageService.java|481|B|P2|LocalDateTime.now() 未显式指定 ZoneId（JVM 默认时区）(1003L, "周沐", "/uploads/mock/avatar-zho)|JVM 时区与 DB Asia/Shanghai 不一致时，时间戳/窗口判断错位|统一时钟源（Clock/ZoneId），或至少注释声明时区契约|open|batch-2
R4-XXXXX|d:\6\恋爱小程序\apps\api\src\main\java\com\campuslove\api\mock\MockVillageService.java|489|B|P2|LocalDateTime.now() 未显式指定 ZoneId（JVM 默认时区）(1004L, "许诺", "/uploads/mock/avatar-xun)|JVM 时区与 DB Asia/Shanghai 不一致时，时间戳/窗口判断错位|统一时钟源（Clock/ZoneId），或至少注释声明时区契约|open|batch-2
R4-XXXXX|d:\6\恋爱小程序\apps\api\src\main\java\com\campuslove\api\mock\MockVillageService.java|496|B|P2|LocalDateTime.now() 未显式指定 ZoneId（JVM 默认时区）(1002L, "林安", "/uploads/mock/avatar-lin)|JVM 时区与 DB Asia/Shanghai 不一致时，时间戳/窗口判断错位|统一时钟源（Clock/ZoneId），或至少注释声明时区契约|open|batch-2
R4-XXXXX|d:\6\恋爱小程序\apps\api\src\main\java\com\campuslove\api\mock\MockVillageService.java|503|B|P2|LocalDateTime.now() 未显式指定 ZoneId（JVM 默认时区）(1001L, "星野", "/uploads/mock/avatar-xin)|JVM 时区与 DB Asia/Shanghai 不一致时，时间戳/窗口判断错位|统一时钟源（Clock/ZoneId），或至少注释声明时区契约|open|batch-2
R4-XXXXX|d:\6\恋爱小程序\apps\api\src\main\java\com\campuslove\api\mock\MockVillageService.java|510|B|P2|LocalDateTime.now() 未显式指定 ZoneId（JVM 默认时区）(1004L, "许诺", "/uploads/mock/avatar-xun)|JVM 时区与 DB Asia/Shanghai 不一致时，时间戳/窗口判断错位|统一时钟源（Clock/ZoneId），或至少注释声明时区契约|open|batch-2
R4-XXXXX|d:\6\恋爱小程序\apps\api\src\main\java\com\campuslove\api\mock\MockVillageService.java|517|B|P2|LocalDateTime.now() 未显式指定 ZoneId（JVM 默认时区）(1003L, "周沐", "/uploads/mock/avatar-zho)|JVM 时区与 DB Asia/Shanghai 不一致时，时间戳/窗口判断错位|统一时钟源（Clock/ZoneId），或至少注释声明时区契约|open|batch-2
R4-XXXXX|d:\6\恋爱小程序\apps\api\src\main\java\com\campuslove\api\mock\MockVillageService.java|524|B|P2|LocalDateTime.now() 未显式指定 ZoneId（JVM 默认时区）(1001L, "星野", "/uploads/mock/avatar-xin)|JVM 时区与 DB Asia/Shanghai 不一致时，时间戳/窗口判断错位|统一时钟源（Clock/ZoneId），或至少注释声明时区契约|open|batch-2
R4-XXXXX|d:\6\恋爱小程序\apps\api\src\main\java\com\campuslove\api\mock\MockVillageService.java|531|B|P2|LocalDateTime.now() 未显式指定 ZoneId（JVM 默认时区）(1004L, "许诺", "/uploads/mock/avatar-xun)|JVM 时区与 DB Asia/Shanghai 不一致时，时间戳/窗口判断错位|统一时钟源（Clock/ZoneId），或至少注释声明时区契约|open|batch-2
R4-XXXXX|d:\6\恋爱小程序\apps\api\src\main\java\com\campuslove\api\mock\MockVillageService.java|538|B|P2|LocalDateTime.now() 未显式指定 ZoneId（JVM 默认时区）(1003L, "周沐", "/uploads/mock/avatar-zho)|JVM 时区与 DB Asia/Shanghai 不一致时，时间戳/窗口判断错位|统一时钟源（Clock/ZoneId），或至少注释声明时区契约|open|batch-2
R4-XXXXX|d:\6\恋爱小程序\apps\api\src\main\java\com\campuslove\api\mock\MockVillageService.java|544|B|P2|LocalDateTime.now() 未显式指定 ZoneId（JVM 默认时区）(LocalDateTime.now().minusHours(2), nul)|JVM 时区与 DB Asia/Shanghai 不一致时，时间戳/窗口判断错位|统一时钟源（Clock/ZoneId），或至少注释声明时区契约|open|batch-2
R4-XXXXX|d:\6\恋爱小程序\apps\api\src\main\java\com\campuslove\api\mock\MockVillageService.java|546|B|P2|LocalDateTime.now() 未显式指定 ZoneId（JVM 默认时区）(LocalDateTime.now().minusHours(1), nul)|JVM 时区与 DB Asia/Shanghai 不一致时，时间戳/窗口判断错位|统一时钟源（Clock/ZoneId），或至少注释声明时区契约|open|batch-2
R4-XXXXX|d:\6\恋爱小程序\apps\api\src\main\java\com\campuslove\api\mock\MockVillageService.java|548|B|P2|LocalDateTime.now() 未显式指定 ZoneId（JVM 默认时区）(LocalDateTime.now().minusMinutes(30), )|JVM 时区与 DB Asia/Shanghai 不一致时，时间戳/窗口判断错位|统一时钟源（Clock/ZoneId），或至少注释声明时区契约|open|batch-2
R4-XXXXX|d:\6\恋爱小程序\apps\api\src\main\java\com\campuslove\api\mock\MockVillageService.java|552|B|P2|LocalDateTime.now() 未显式指定 ZoneId（JVM 默认时区）(LocalDateTime.now().minusHours(4), nul)|JVM 时区与 DB Asia/Shanghai 不一致时，时间戳/窗口判断错位|统一时钟源（Clock/ZoneId），或至少注释声明时区契约|open|batch-2
R4-XXXXX|d:\6\恋爱小程序\apps\api\src\main\java\com\campuslove\api\mock\MockVillageService.java|554|B|P2|LocalDateTime.now() 未显式指定 ZoneId（JVM 默认时区）(LocalDateTime.now().minusHours(3), nul)|JVM 时区与 DB Asia/Shanghai 不一致时，时间戳/窗口判断错位|统一时钟源（Clock/ZoneId），或至少注释声明时区契约|open|batch-2
R4-XXXXX|d:\6\恋爱小程序\apps\api\src\main\java\com\campuslove\api\mock\MockVillageService.java|558|B|P2|LocalDateTime.now() 未显式指定 ZoneId（JVM 默认时区）(LocalDateTime.now().minusDays(1).minus)|JVM 时区与 DB Asia/Shanghai 不一致时，时间戳/窗口判断错位|统一时钟源（Clock/ZoneId），或至少注释声明时区契约|open|batch-2
R4-XXXXX|d:\6\恋爱小程序\apps\api\src\main\java\com\campuslove\api\mock\MockVillageService.java|560|B|P2|LocalDateTime.now() 未显式指定 ZoneId（JVM 默认时区）(LocalDateTime.now().minusDays(1).minus)|JVM 时区与 DB Asia/Shanghai 不一致时，时间戳/窗口判断错位|统一时钟源（Clock/ZoneId），或至少注释声明时区契约|open|batch-2
R4-XXXXX|d:\6\恋爱小程序\apps\api\src\main\java\com\campuslove\api\mock\MockVillageService.java|564|B|P2|LocalDateTime.now() 未显式指定 ZoneId（JVM 默认时区）(LocalDateTime.now().minusHours(5), nul)|JVM 时区与 DB Asia/Shanghai 不一致时，时间戳/窗口判断错位|统一时钟源（Clock/ZoneId），或至少注释声明时区契约|open|batch-2
R4-XXXXX|d:\6\恋爱小程序\apps\api\src\main\java\com\campuslove\api\mock\MockVillageService.java|574|B|P2|LocalDateTime.now() 未显式指定 ZoneId（JVM 默认时区）(LocalDateTime.now().minusMinutes(10), )|JVM 时区与 DB Asia/Shanghai 不一致时，时间戳/窗口判断错位|统一时钟源（Clock/ZoneId），或至少注释声明时区契约|open|batch-2
R4-XXXXX|d:\6\恋爱小程序\apps\api\src\main\java\com\campuslove\api\mock\MockVillageService.java|582|B|P2|LocalDateTime.now() 未显式指定 ZoneId（JVM 默认时区）(LocalDateTime.now().minusMinutes(25), )|JVM 时区与 DB Asia/Shanghai 不一致时，时间戳/窗口判断错位|统一时钟源（Clock/ZoneId），或至少注释声明时区契约|open|batch-2
R4-XXXXX|d:\6\恋爱小程序\apps\api\src\main\java\com\campuslove\api\mock\MockVillageService.java|590|B|P2|LocalDateTime.now() 未显式指定 ZoneId（JVM 默认时区）(LocalDateTime.now().minusMinutes(40), )|JVM 时区与 DB Asia/Shanghai 不一致时，时间戳/窗口判断错位|统一时钟源（Clock/ZoneId），或至少注释声明时区契约|open|batch-2
R4-XXXXX|d:\6\恋爱小程序\apps\api\src\main\java\com\campuslove\api\mock\MockVillageService.java|598|B|P2|LocalDateTime.now() 未显式指定 ZoneId（JVM 默认时区）(LocalDateTime.now().minusMinutes(55), )|JVM 时区与 DB Asia/Shanghai 不一致时，时间戳/窗口判断错位|统一时钟源（Clock/ZoneId），或至少注释声明时区契约|open|batch-2
R4-XXXXX|d:\6\恋爱小程序\apps\api\src\main\java\com\campuslove\api\mock\MockVillageService.java|605|B|P2|LocalDateTime.now() 未显式指定 ZoneId（JVM 默认时区）(LocalDateTime.now().minusMinutes(8), n)|JVM 时区与 DB Asia/Shanghai 不一致时，时间戳/窗口判断错位|统一时钟源（Clock/ZoneId），或至少注释声明时区契约|open|batch-2
R4-XXXXX|d:\6\恋爱小程序\apps\api\src\main\java\com\campuslove\api\mock\MockVillageService.java|607|B|P2|LocalDateTime.now() 未显式指定 ZoneId（JVM 默认时区）(LocalDateTime.now().minusMinutes(6), n)|JVM 时区与 DB Asia/Shanghai 不一致时，时间戳/窗口判断错位|统一时钟源（Clock/ZoneId），或至少注释声明时区契约|open|batch-2
R4-XXXXX|d:\6\恋爱小程序\apps\api\src\main\java\com\campuslove\api\mock\MockVillageService.java|609|B|P2|LocalDateTime.now() 未显式指定 ZoneId（JVM 默认时区）(LocalDateTime.now().minusMinutes(4), n)|JVM 时区与 DB Asia/Shanghai 不一致时，时间戳/窗口判断错位|统一时钟源（Clock/ZoneId），或至少注释声明时区契约|open|batch-2
R4-XXXXX|d:\6\恋爱小程序\apps\api\src\main\java\com\campuslove\api\mock\MockVillageService.java|611|B|P2|LocalDateTime.now() 未显式指定 ZoneId（JVM 默认时区）(LocalDateTime.now().minusMinutes(2), n)|JVM 时区与 DB Asia/Shanghai 不一致时，时间戳/窗口判断错位|统一时钟源（Clock/ZoneId），或至少注释声明时区契约|open|batch-2
R4-XXXXX|d:\6\恋爱小程序\apps\api\src\main\java\com\campuslove\api\mock\MockVillageService.java|615|B|P2|LocalDateTime.now() 未显式指定 ZoneId（JVM 默认时区）(LocalDateTime.now().minusMinutes(20), )|JVM 时区与 DB Asia/Shanghai 不一致时，时间戳/窗口判断错位|统一时钟源（Clock/ZoneId），或至少注释声明时区契约|open|batch-2
R4-XXXXX|d:\6\恋爱小程序\apps\api\src\main\java\com\campuslove\api\mock\MockVillageService.java|617|B|P2|LocalDateTime.now() 未显式指定 ZoneId（JVM 默认时区）(LocalDateTime.now().minusMinutes(15), )|JVM 时区与 DB Asia/Shanghai 不一致时，时间戳/窗口判断错位|统一时钟源（Clock/ZoneId），或至少注释声明时区契约|open|batch-2
R4-XXXXX|d:\6\恋爱小程序\apps\api\src\main\java\com\campuslove\api\mock\MockVillageService.java|619|B|P2|LocalDateTime.now() 未显式指定 ZoneId（JVM 默认时区）(LocalDateTime.now().minusMinutes(12), )|JVM 时区与 DB Asia/Shanghai 不一致时，时间戳/窗口判断错位|统一时钟源（Clock/ZoneId），或至少注释声明时区契约|open|batch-2
R4-XXXXX|d:\6\恋爱小程序\apps\api\src\main\java\com\campuslove\api\mock\MockVillageService.java|621|B|P2|LocalDateTime.now() 未显式指定 ZoneId（JVM 默认时区）(LocalDateTime.now().minusMinutes(5), n)|JVM 时区与 DB Asia/Shanghai 不一致时，时间戳/窗口判断错位|统一时钟源（Clock/ZoneId），或至少注释声明时区契约|open|batch-2
R4-XXXXX|d:\6\恋爱小程序\apps\api\src\main\java\com\campuslove\api\mock\MockVillageService.java|625|B|P2|LocalDateTime.now() 未显式指定 ZoneId（JVM 默认时区）(LocalDateTime.now().minusMinutes(30), )|JVM 时区与 DB Asia/Shanghai 不一致时，时间戳/窗口判断错位|统一时钟源（Clock/ZoneId），或至少注释声明时区契约|open|batch-2
R4-XXXXX|d:\6\恋爱小程序\apps\api\src\main\java\com\campuslove\api\mock\MockVillageService.java|627|B|P2|LocalDateTime.now() 未显式指定 ZoneId（JVM 默认时区）(LocalDateTime.now().minusMinutes(22), )|JVM 时区与 DB Asia/Shanghai 不一致时，时间戳/窗口判断错位|统一时钟源（Clock/ZoneId），或至少注释声明时区契约|open|batch-2
R4-XXXXX|d:\6\恋爱小程序\apps\api\src\main\java\com\campuslove\api\mock\MockVillageService.java|629|B|P2|LocalDateTime.now() 未显式指定 ZoneId（JVM 默认时区）(LocalDateTime.now().minusMinutes(15), )|JVM 时区与 DB Asia/Shanghai 不一致时，时间戳/窗口判断错位|统一时钟源（Clock/ZoneId），或至少注释声明时区契约|open|batch-2
R4-XXXXX|d:\6\恋爱小程序\apps\api\src\main\java\com\campuslove\api\growth\RealDoNotDisturbService.java|145|B|P2|LocalDateTime.now() 未显式指定 ZoneId（JVM 默认时区）(setting.setUpdatedAt(LocalDateTime.now)|JVM 时区与 DB Asia/Shanghai 不一致时，时间戳/窗口判断错位|统一时钟源（Clock/ZoneId），或至少注释声明时区契约|open|batch-2
R4-XXXXX|d:\6\恋爱小程序\apps\api\src\main\java\com\campuslove\api\growth\RealCheckInService.java|199|B|P2|LocalDate.now() 未显式指定 ZoneId（JVM 默认时区）(LocalDate today = LocalDate.now();)|JVM 时区与 DB Asia/Shanghai 不一致时，时间戳/窗口判断错位|统一时钟源（Clock/ZoneId），或至少注释声明时区契约|open|batch-2
R4-XXXXX|d:\6\恋爱小程序\apps\api\src\main\java\com\campuslove\api\growth\RealCheckInService.java|244|B|P2|LocalDateTime.now() 未显式指定 ZoneId（JVM 默认时区）(checkIn.setCreatedAt(LocalDateTime.now)|JVM 时区与 DB Asia/Shanghai 不一致时，时间戳/窗口判断错位|统一时钟源（Clock/ZoneId），或至少注释声明时区契约|open|batch-2
R4-XXXXX|d:\6\恋爱小程序\apps\api\src\main\java\com\campuslove\api\growth\RealCheckInService.java|268|B|P2|LocalDateTime.now() 未显式指定 ZoneId（JVM 默认时区）(benefit.setCreatedAt(LocalDateTime.now)|JVM 时区与 DB Asia/Shanghai 不一致时，时间戳/窗口判断错位|统一时钟源（Clock/ZoneId），或至少注释声明时区契约|open|batch-2
R4-XXXXX|d:\6\恋爱小程序\apps\api\src\main\java\com\campuslove\api\growth\RealCheckInService.java|310|B|P2|Instant.now() 未显式指定 ZoneId（JVM 默认时区）(Instant.now()));)|JVM 时区与 DB Asia/Shanghai 不一致时，时间戳/窗口判断错位|统一时钟源（Clock/ZoneId），或至少注释声明时区契约|open|batch-2
R4-XXXXX|d:\6\恋爱小程序\apps\api\src\main\java\com\campuslove\api\growth\RealCheckInService.java|338|B|P2|LocalDate.now() 未显式指定 ZoneId（JVM 默认时区）(LocalDate today = LocalDate.now();)|JVM 时区与 DB Asia/Shanghai 不一致时，时间戳/窗口判断错位|统一时钟源（Clock/ZoneId），或至少注释声明时区契约|open|batch-2
R4-XXXXX|d:\6\恋爱小程序\apps\api\src\main\java\com\campuslove\api\growth\RealCheckInService.java|396|B|P2|LocalDate.now() 未显式指定 ZoneId（JVM 默认时区）(LocalDate today = LocalDate.now();)|JVM 时区与 DB Asia/Shanghai 不一致时，时间戳/窗口判断错位|统一时钟源（Clock/ZoneId），或至少注释声明时区契约|open|batch-2
R4-XXXXX|d:\6\恋爱小程序\apps\api\src\main\java\com\campuslove\api\growth\RealCheckInService.java|424|B|P2|LocalDateTime.now() 未显式指定 ZoneId（JVM 默认时区）(newQuota.setUpdatedAt(LocalDateTime.no)|JVM 时区与 DB Asia/Shanghai 不一致时，时间戳/窗口判断错位|统一时钟源（Clock/ZoneId），或至少注释声明时区契约|open|batch-2
R4-XXXXX|d:\6\恋爱小程序\apps\api\src\main\java\com\campuslove\api\growth\RealCheckInService.java|449|B|P2|LocalDateTime.now() 未显式指定 ZoneId（JVM 默认时区）(makeUpCheckIn.setCreatedAt(LocalDateTi)|JVM 时区与 DB Asia/Shanghai 不一致时，时间戳/窗口判断错位|统一时钟源（Clock/ZoneId），或至少注释声明时区契约|open|batch-2
R4-XXXXX|d:\6\恋爱小程序\apps\api\src\main\java\com\campuslove\api\growth\RealCheckInService.java|462|B|P2|LocalDateTime.now() 未显式指定 ZoneId（JVM 默认时区）(int affected = makeUpQuotaRepository.i)|JVM 时区与 DB Asia/Shanghai 不一致时，时间戳/窗口判断错位|统一时钟源（Clock/ZoneId），或至少注释声明时区契约|open|batch-2
R4-XXXXX|d:\6\恋爱小程序\apps\api\src\main\java\com\campuslove\api\growth\RealCheckInService.java|536|B|P2|LocalDate.now() 未显式指定 ZoneId（JVM 默认时区）(return calculateConsecutiveDays(userId)|JVM 时区与 DB Asia/Shanghai 不一致时，时间戳/窗口判断错位|统一时钟源（Clock/ZoneId），或至少注释声明时区契约|open|batch-2
R4-XXXXX|d:\6\恋爱小程序\apps\api\src\main\java\com\campuslove\api\growth\RealCheckInService.java|594|B|P2|LocalDate.now() 未显式指定 ZoneId（JVM 默认时区）(LocalDateTime todayStart = LocalDate.n)|JVM 时区与 DB Asia/Shanghai 不一致时，时间戳/窗口判断错位|统一时钟源（Clock/ZoneId），或至少注释声明时区契约|open|batch-2
R4-XXXXX|d:\6\恋爱小程序\apps\api\src\main\java\com\campuslove\api\growth\RealCheckInService.java|640|B|P2|LocalDateTime.now() 未显式指定 ZoneId（JVM 默认时区）(LocalDateTime since = LocalDateTime.no)|JVM 时区与 DB Asia/Shanghai 不一致时，时间戳/窗口判断错位|统一时钟源（Clock/ZoneId），或至少注释声明时区契约|open|batch-2
R4-XXXXX|d:\6\恋爱小程序\apps\api\src\main\java\com\campuslove\api\mock\MockOfficialAccountService.java|38|B|P2|LocalDateTime.now() 未显式指定 ZoneId（JVM 默认时区）(null, null, null, null, LocalDateTime.)|JVM 时区与 DB Asia/Shanghai 不一致时，时间戳/窗口判断错位|统一时钟源（Clock/ZoneId），或至少注释声明时区契约|open|batch-2
R4-XXXXX|d:\6\恋爱小程序\apps\api\src\main\java\com\campuslove\api\mock\MockOfficialAccountService.java|41|B|P2|LocalDateTime.now() 未显式指定 ZoneId（JVM 默认时区）(null, null, null, null, LocalDateTime.)|JVM 时区与 DB Asia/Shanghai 不一致时，时间戳/窗口判断错位|统一时钟源（Clock/ZoneId），或至少注释声明时区契约|open|batch-2
R4-XXXXX|d:\6\恋爱小程序\apps\api\src\main\java\com\campuslove\api\mock\MockOfficialAccountService.java|44|B|P2|LocalDateTime.now() 未显式指定 ZoneId（JVM 默认时区）(null, null, null, null, LocalDateTime.)|JVM 时区与 DB Asia/Shanghai 不一致时，时间戳/窗口判断错位|统一时钟源（Clock/ZoneId），或至少注释声明时区契约|open|batch-2
R4-XXXXX|d:\6\恋爱小程序\apps\api\src\main\java\com\campuslove\api\mock\MockOfficialAccountService.java|47|B|P2|LocalDateTime.now() 未显式指定 ZoneId（JVM 默认时区）(null, null, null, null, LocalDateTime.)|JVM 时区与 DB Asia/Shanghai 不一致时，时间戳/窗口判断错位|统一时钟源（Clock/ZoneId），或至少注释声明时区契约|open|batch-2
R4-XXXXX|d:\6\恋爱小程序\apps\api\src\main\java\com\campuslove\api\mock\MockOfficialAccountService.java|52|B|P2|LocalDateTime.now() 未显式指定 ZoneId（JVM 默认时区）(null, null, null, null, LocalDateTime.)|JVM 时区与 DB Asia/Shanghai 不一致时，时间戳/窗口判断错位|统一时钟源（Clock/ZoneId），或至少注释声明时区契约|open|batch-2
R4-XXXXX|d:\6\恋爱小程序\apps\api\src\main\java\com\campuslove\api\mock\MockOfficialAccountService.java|59|B|P2|LocalDateTime.now() 未显式指定 ZoneId（JVM 默认时区）(LocalDateTime.now().minusDays(4)),)|JVM 时区与 DB Asia/Shanghai 不一致时，时间戳/窗口判断错位|统一时钟源（Clock/ZoneId），或至少注释声明时区契约|open|batch-2
R4-XXXXX|d:\6\恋爱小程序\apps\api\src\main\java\com\campuslove\api\mock\MockOfficialAccountService.java|62|B|P2|LocalDateTime.now() 未显式指定 ZoneId（JVM 默认时区）(null, null, null, null, LocalDateTime.)|JVM 时区与 DB Asia/Shanghai 不一致时，时间戳/窗口判断错位|统一时钟源（Clock/ZoneId），或至少注释声明时区契约|open|batch-2
R4-XXXXX|d:\6\恋爱小程序\apps\api\src\main\java\com\campuslove\api\mock\MockOfficialAccountService.java|69|B|P2|LocalDateTime.now() 未显式指定 ZoneId（JVM 默认时区）(LocalDateTime.now().minusDays(1)))|JVM 时区与 DB Asia/Shanghai 不一致时，时间戳/窗口判断错位|统一时钟源（Clock/ZoneId），或至少注释声明时区契约|open|batch-2
R4-XXXXX|d:\6\恋爱小程序\apps\api\src\main\java\com\campuslove\api\vip\AutoRenewService.java|357|B|P2|LocalDateTime.now() 未显式指定 ZoneId（JVM 默认时区）(LocalDateTime now = LocalDateTime.now()|JVM 时区与 DB Asia/Shanghai 不一致时，时间戳/窗口判断错位|统一时钟源（Clock/ZoneId），或至少注释声明时区契约|open|batch-2
R4-XXXXX|d:\6\恋爱小程序\apps\api\src\main\java\com\campuslove\api\vip\AutoRenewService.java|429|B|P2|LocalDateTime.now() 未显式指定 ZoneId（JVM 默认时区）(logEntry.setCreatedAt(LocalDateTime.no)|JVM 时区与 DB Asia/Shanghai 不一致时，时间戳/窗口判断错位|统一时钟源（Clock/ZoneId），或至少注释声明时区契约|open|batch-2
R4-XXXXX|d:\6\恋爱小程序\apps\api\src\main\java\com\campuslove\api\growth\MockPushSummaryService.java|55|B|P2|LocalDateTime.now() 未显式指定 ZoneId（JVM 默认时区）(summary.setGeneratedAt(LocalDateTime.n)|JVM 时区与 DB Asia/Shanghai 不一致时，时间戳/窗口判断错位|统一时钟源（Clock/ZoneId），或至少注释声明时区契约|open|batch-2
R4-XXXXX|d:\6\恋爱小程序\apps\api\src\main\java\com\campuslove\api\growth\MockPushSummaryService.java|89|B|P2|LocalDateTime.now() 未显式指定 ZoneId（JVM 默认时区）(summary.setGeneratedAt(LocalDateTime.n)|JVM 时区与 DB Asia/Shanghai 不一致时，时间戳/窗口判断错位|统一时钟源（Clock/ZoneId），或至少注释声明时区契约|open|batch-2
R4-XXXXX|d:\6\恋爱小程序\apps\api\src\main\java\com\campuslove\api\growth\MockPushSummaryService.java|108|B|P2|LocalDateTime.now() 未显式指定 ZoneId（JVM 默认时区）(summary.setSentAt(LocalDateTime.now()))|JVM 时区与 DB Asia/Shanghai 不一致时，时间戳/窗口判断错位|统一时钟源（Clock/ZoneId），或至少注释声明时区契约|open|batch-2
R4-XXXXX|d:\6\恋爱小程序\apps\api\src\main\java\com\campuslove\api\mock\MockNotificationService.java|58|B|P2|Instant.now() 未显式指定 ZoneId（JVM 默认时区）(Instant now = Instant.now();)|JVM 时区与 DB Asia/Shanghai 不一致时，时间戳/窗口判断错位|统一时钟源（Clock/ZoneId），或至少注释声明时区契约|open|batch-2
R4-XXXXX|d:\6\恋爱小程序\apps\api\src\main\java\com\campuslove\api\mock\MockNotificationService.java|230|B|P2|Instant.now() 未显式指定 ZoneId（JVM 默认时区）("系统", null, referenceId, referenceType)|JVM 时区与 DB Asia/Shanghai 不一致时，时间戳/窗口判断错位|统一时钟源（Clock/ZoneId），或至少注释声明时区契约|open|batch-2
R4-XXXXX|d:\6\恋爱小程序\apps\api\src\main\java\com\campuslove\api\mock\MockCampusService.java|61|B|P2|LocalDateTime.now() 未显式指定 ZoneId（JVM 默认时区）(LocalDateTime.now(), LocalDateTime.now)|JVM 时区与 DB Asia/Shanghai 不一致时，时间戳/窗口判断错位|统一时钟源（Clock/ZoneId），或至少注释声明时区契约|open|batch-2
R4-XXXXX|d:\6\恋爱小程序\apps\api\src\main\java\com\campuslove\api\mock\MockCampusService.java|74|B|P2|LocalDateTime.now() 未显式指定 ZoneId（JVM 默认时区）(id, topicId, userId, "Mock校友", null, c)|JVM 时区与 DB Asia/Shanghai 不一致时，时间戳/窗口判断错位|统一时钟源（Clock/ZoneId），或至少注释声明时区契约|open|batch-2
R4-XXXXX|d:\6\恋爱小程序\apps\api\src\main\java\com\campuslove\api\mock\MockCampusService.java|101|B|P2|LocalDateTime.now() 未显式指定 ZoneId（JVM 默认时区）(LocalDateTime.now().minusHours(2).toSt)|JVM 时区与 DB Asia/Shanghai 不一致时，时间戳/窗口判断错位|统一时钟源（Clock/ZoneId），或至少注释声明时区契约|open|batch-2
R4-XXXXX|d:\6\恋爱小程序\apps\api\src\main\java\com\campuslove\api\mock\MockCampusService.java|110|B|P2|LocalDateTime.now() 未显式指定 ZoneId（JVM 默认时区）(LocalDateTime.now().minusHours(5).toSt)|JVM 时区与 DB Asia/Shanghai 不一致时，时间戳/窗口判断错位|统一时钟源（Clock/ZoneId），或至少注释声明时区契约|open|batch-2
R4-XXXXX|d:\6\恋爱小程序\apps\api\src\main\java\com\campuslove\api\mock\MockCampusService.java|119|B|P2|LocalDateTime.now() 未显式指定 ZoneId（JVM 默认时区）(LocalDateTime.now().minusDays(1).toStr)|JVM 时区与 DB Asia/Shanghai 不一致时，时间戳/窗口判断错位|统一时钟源（Clock/ZoneId），或至少注释声明时区契约|open|batch-2
R4-XXXXX|d:\6\恋爱小程序\apps\api\src\main\java\com\campuslove\api\mock\MockCampusService.java|138|B|P2|LocalDate.now() 未显式指定 ZoneId（JVM 默认时区）(12, List.of(), "upcoming", LocalDate.n)|JVM 时区与 DB Asia/Shanghai 不一致时，时间戳/窗口判断错位|统一时钟源（Clock/ZoneId），或至少注释声明时区契约|open|batch-2
R4-XXXXX|d:\6\恋爱小程序\apps\api\src\main\java\com\campuslove\api\mock\MockCampusService.java|143|B|P2|LocalDate.now() 未显式指定 ZoneId（JVM 默认时区）(8, List.of(), "upcoming", LocalDate.no)|JVM 时区与 DB Asia/Shanghai 不一致时，时间戳/窗口判断错位|统一时钟源（Clock/ZoneId），或至少注释声明时区契约|open|batch-2
R4-XXXXX|d:\6\恋爱小程序\apps\api\src\main\java\com\campuslove\api\mock\MockCampusService.java|148|B|P2|LocalDate.now() 未显式指定 ZoneId（JVM 默认时区）(20, List.of(), "ongoing", LocalDate.no)|JVM 时区与 DB Asia/Shanghai 不一致时，时间戳/窗口判断错位|统一时钟源（Clock/ZoneId），或至少注释声明时区契约|open|batch-2
R4-XXXXX|d:\6\恋爱小程序\apps\api\src\main\java\com\campuslove\api\mock\MockCampusService.java|195|B|P2|LocalDateTime.now() 未显式指定 ZoneId（JVM 默认时区）(LocalDateTime.now().minusDays(1), Loca)|JVM 时区与 DB Asia/Shanghai 不一致时，时间戳/窗口判断错位|统一时钟源（Clock/ZoneId），或至少注释声明时区契约|open|batch-2
R4-XXXXX|d:\6\恋爱小程序\apps\api\src\main\java\com\campuslove\api\mock\MockCampusService.java|201|B|P2|LocalDateTime.now() 未显式指定 ZoneId（JVM 默认时区）(LocalDateTime.now().minusDays(2), Loca)|JVM 时区与 DB Asia/Shanghai 不一致时，时间戳/窗口判断错位|统一时钟源（Clock/ZoneId），或至少注释声明时区契约|open|batch-2
R4-XXXXX|d:\6\恋爱小程序\apps\api\src\main\java\com\campuslove\api\mock\MockCampusService.java|207|B|P2|LocalDateTime.now() 未显式指定 ZoneId（JVM 默认时区）(LocalDateTime.now().minusDays(3), Loca)|JVM 时区与 DB Asia/Shanghai 不一致时，时间戳/窗口判断错位|统一时钟源（Clock/ZoneId），或至少注释声明时区契约|open|batch-2
R4-XXXXX|d:\6\恋爱小程序\apps\api\src\main\java\com\campuslove\api\mock\MockCampusService.java|213|B|P2|LocalDateTime.now() 未显式指定 ZoneId（JVM 默认时区）(LocalDateTime.now().minusDays(4), Loca)|JVM 时区与 DB Asia/Shanghai 不一致时，时间戳/窗口判断错位|统一时钟源（Clock/ZoneId），或至少注释声明时区契约|open|batch-2
R4-XXXXX|d:\6\恋爱小程序\apps\api\src\main\java\com\campuslove\api\mock\MockCampusService.java|220|B|P2|LocalDateTime.now() 未显式指定 ZoneId（JVM 默认时区）(LocalDateTime.now().minusDays(5), Loca)|JVM 时区与 DB Asia/Shanghai 不一致时，时间戳/窗口判断错位|统一时钟源（Clock/ZoneId），或至少注释声明时区契约|open|batch-2
R4-XXXXX|d:\6\恋爱小程序\apps\api\src\main\java\com\campuslove\api\mock\MockCampusService.java|227|B|P2|LocalDateTime.now() 未显式指定 ZoneId（JVM 默认时区）(LocalDateTime.now().minusHours(22)),)|JVM 时区与 DB Asia/Shanghai 不一致时，时间戳/窗口判断错位|统一时钟源（Clock/ZoneId），或至少注释声明时区契约|open|batch-2
R4-XXXXX|d:\6\恋爱小程序\apps\api\src\main\java\com\campuslove\api\mock\MockCampusService.java|230|B|P2|LocalDateTime.now() 未显式指定 ZoneId（JVM 默认时区）(LocalDateTime.now().minusHours(20)),)|JVM 时区与 DB Asia/Shanghai 不一致时，时间戳/窗口判断错位|统一时钟源（Clock/ZoneId），或至少注释声明时区契约|open|batch-2
R4-XXXXX|d:\6\恋爱小程序\apps\api\src\main\java\com\campuslove\api\mock\MockCampusService.java|234|B|P2|LocalDateTime.now() 未显式指定 ZoneId（JVM 默认时区）(LocalDateTime.now().minusHours(18)))|JVM 时区与 DB Asia/Shanghai 不一致时，时间戳/窗口判断错位|统一时钟源（Clock/ZoneId），或至少注释声明时区契约|open|batch-2
R4-XXXXX|d:\6\恋爱小程序\apps\api\src\main\java\com\campuslove\api\mock\MockCampusService.java|240|B|P2|LocalDateTime.now() 未显式指定 ZoneId（JVM 默认时区）(LocalDateTime.now().minusDays(1).minus)|JVM 时区与 DB Asia/Shanghai 不一致时，时间戳/窗口判断错位|统一时钟源（Clock/ZoneId），或至少注释声明时区契约|open|batch-2
R4-XXXXX|d:\6\恋爱小程序\apps\api\src\main\java\com\campuslove\api\mock\MockCampusService.java|243|B|P2|LocalDateTime.now() 未显式指定 ZoneId（JVM 默认时区）(LocalDateTime.now().minusDays(1).minus)|JVM 时区与 DB Asia/Shanghai 不一致时，时间戳/窗口判断错位|统一时钟源（Clock/ZoneId），或至少注释声明时区契约|open|batch-2
R4-XXXXX|d:\6\恋爱小程序\apps\api\src\main\java\com\campuslove\api\growth\MockCheckInService.java|61|B|P2|LocalDate.now() 未显式指定 ZoneId（JVM 默认时区）(LocalDate today = LocalDate.now();)|JVM 时区与 DB Asia/Shanghai 不一致时，时间戳/窗口判断错位|统一时钟源（Clock/ZoneId），或至少注释声明时区契约|open|batch-2
R4-XXXXX|d:\6\恋爱小程序\apps\api\src\main\java\com\campuslove\api\growth\MockCheckInService.java|100|B|P2|LocalDate.now() 未显式指定 ZoneId（JVM 默认时区）(LocalDate today = LocalDate.now();)|JVM 时区与 DB Asia/Shanghai 不一致时，时间戳/窗口判断错位|统一时钟源（Clock/ZoneId），或至少注释声明时区契约|open|batch-2
R4-XXXXX|d:\6\恋爱小程序\apps\api\src\main\java\com\campuslove\api\growth\MockCheckInService.java|150|B|P2|LocalDate.now() 未显式指定 ZoneId（JVM 默认时区）(LocalDate today = LocalDate.now();)|JVM 时区与 DB Asia/Shanghai 不一致时，时间戳/窗口判断错位|统一时钟源（Clock/ZoneId），或至少注释声明时区契约|open|batch-2
R4-XXXXX|d:\6\恋爱小程序\apps\api\src\main\java\com\campuslove\api\mock\MockCampusCertificationService.java|61|B|P2|LocalDateTime.now() 未显式指定 ZoneId（JVM 默认时区）(LocalDateTime.now().minusDays(2),)|JVM 时区与 DB Asia/Shanghai 不一致时，时间戳/窗口判断错位|统一时钟源（Clock/ZoneId），或至少注释声明时区契约|open|batch-2
R4-XXXXX|d:\6\恋爱小程序\apps\api\src\main\java\com\campuslove\api\mock\MockCampusCertificationService.java|87|B|P2|LocalDateTime.now() 未显式指定 ZoneId（JVM 默认时区）(existing.setSubmittedAt(LocalDateTime.)|JVM 时区与 DB Asia/Shanghai 不一致时，时间戳/窗口判断错位|统一时钟源（Clock/ZoneId），或至少注释声明时区契约|open|batch-2
R4-XXXXX|d:\6\恋爱小程序\apps\api\src\main\java\com\campuslove\api\mock\MockCampusCertificationService.java|101|B|P2|LocalDateTime.now() 未显式指定 ZoneId（JVM 默认时区）(LocalDateTime.now(),)|JVM 时区与 DB Asia/Shanghai 不一致时，时间戳/窗口判断错位|统一时钟源（Clock/ZoneId），或至少注释声明时区契约|open|batch-2
R4-XXXXX|d:\6\恋爱小程序\apps\api\src\main\java\com\campuslove\api\mock\MockCampusCertificationService.java|136|B|P2|LocalDateTime.now() 未显式指定 ZoneId（JVM 默认时区）(view.setReviewedAt(LocalDateTime.now())|JVM 时区与 DB Asia/Shanghai 不一致时，时间戳/窗口判断错位|统一时钟源（Clock/ZoneId），或至少注释声明时区契约|open|batch-2
R4-XXXXX|d:\6\恋爱小程序\apps\api\src\main\java\com\campuslove\api\mock\MockCampusCertificationService.java|167|B|P2|LocalDateTime.now() 未显式指定 ZoneId（JVM 默认时区）(existing.setReviewedAt(LocalDateTime.n)|JVM 时区与 DB Asia/Shanghai 不一致时，时间戳/窗口判断错位|统一时钟源（Clock/ZoneId），或至少注释声明时区契约|open|batch-2
R4-XXXXX|d:\6\恋爱小程序\apps\api\src\main\java\com\campuslove\api\mock\MockCampusCertificationService.java|180|B|P2|LocalDateTime.now() 未显式指定 ZoneId（JVM 默认时区）(LocalDateTime.now().minusMinutes(5),)|JVM 时区与 DB Asia/Shanghai 不一致时，时间戳/窗口判断错位|统一时钟源（Clock/ZoneId），或至少注释声明时区契约|open|batch-2
R4-XXXXX|d:\6\恋爱小程序\apps\api\src\main\java\com\campuslove\api\mock\MockCampusCertificationService.java|181|B|P2|LocalDateTime.now() 未显式指定 ZoneId（JVM 默认时区）(LocalDateTime.now())|JVM 时区与 DB Asia/Shanghai 不一致时，时间戳/窗口判断错位|统一时钟源（Clock/ZoneId），或至少注释声明时区契约|open|batch-2
R4-XXXXX|d:\6\恋爱小程序\apps\api\src\main\java\com\campuslove\api\mq\NotificationConsumer.java|128|B|P2|LocalDateTime.now() 未显式指定 ZoneId（JVM 默认时区）(LocalDateTime.now().format()|JVM 时区与 DB Asia/Shanghai 不一致时，时间戳/窗口判断错位|统一时钟源（Clock/ZoneId），或至少注释声明时区契约|open|batch-2
R4-XXXXX|d:\6\恋爱小程序\apps\api\src\main\java\com\campuslove\api\mq\NotificationConsumer.java|223|B|P2|LocalDateTime.now() 未显式指定 ZoneId（JVM 默认时区）(return LocalDateTime.now();)|JVM 时区与 DB Asia/Shanghai 不一致时，时间戳/窗口判断错位|统一时钟源（Clock/ZoneId），或至少注释声明时区契约|open|batch-2
R4-XXXXX|d:\6\恋爱小程序\apps\api\src\main\java\com\campuslove\api\mq\MatchEventConsumer.java|238|B|P2|LocalDateTime.now() 未显式指定 ZoneId（JVM 默认时区）(entity.setCreatedAt(createdAt != null )|JVM 时区与 DB Asia/Shanghai 不一致时，时间戳/窗口判断错位|统一时钟源（Clock/ZoneId），或至少注释声明时区契约|open|batch-2
R4-XXXXX|d:\6\恋爱小程序\apps\api\src\main\java\com\campuslove\api\mq\MatchEventConsumer.java|256|B|P2|LocalDateTime.now() 未显式指定 ZoneId（JVM 默认时区）(return LocalDateTime.now();)|JVM 时区与 DB Asia/Shanghai 不一致时，时间戳/窗口判断错位|统一时钟源（Clock/ZoneId），或至少注释声明时区契约|open|batch-2
R4-XXXXX|d:\6\恋爱小程序\apps\api\src\main\java\com\campuslove\api\mq\CheckInEventConsumer.java|197|B|P2|LocalDateTime.now() 未显式指定 ZoneId（JVM 默认时区）(entity.setCreatedAt(createdAt != null )|JVM 时区与 DB Asia/Shanghai 不一致时，时间戳/窗口判断错位|统一时钟源（Clock/ZoneId），或至少注释声明时区契约|open|batch-2
R4-XXXXX|d:\6\恋爱小程序\apps\api\src\main\java\com\campuslove\api\mq\CheckInEventConsumer.java|214|B|P2|LocalDateTime.now() 未显式指定 ZoneId（JVM 默认时区）(return LocalDateTime.now();)|JVM 时区与 DB Asia/Shanghai 不一致时，时间戳/窗口判断错位|统一时钟源（Clock/ZoneId），或至少注释声明时区契约|open|batch-2
R4-XXXXX|d:\6\恋爱小程序\apps\api\src\main\java\com\campuslove\api\entity\PostTag.java|68|B|P2|LocalDateTime.now() 未显式指定 ZoneId（JVM 默认时区）(this.createdAt = LocalDateTime.now();)|JVM 时区与 DB Asia/Shanghai 不一致时，时间戳/窗口判断错位|统一时钟源（Clock/ZoneId），或至少注释声明时区契约|open|batch-2
R4-XXXXX|d:\6\恋爱小程序\apps\api\src\main\java\com\campuslove\api\entity\PostLike.java|71|B|P2|LocalDateTime.now() 未显式指定 ZoneId（JVM 默认时区）(this.createdAt = LocalDateTime.now();)|JVM 时区与 DB Asia/Shanghai 不一致时，时间戳/窗口判断错位|统一时钟源（Clock/ZoneId），或至少注释声明时区契约|open|batch-2
R4-XXXXX|d:\6\恋爱小程序\apps\api\src\main\java\com\campuslove\api\media\LocalMediaStorageService.java|252|B|P2|LocalDate.now() 未显式指定 ZoneId（JVM 默认时区）(String monthSegment = LocalDate.now().)|JVM 时区与 DB Asia/Shanghai 不一致时，时间戳/窗口判断错位|统一时钟源（Clock/ZoneId），或至少注释声明时区契约|open|batch-2
R4-XXXXX|d:\6\恋爱小程序\apps\api\src\main\java\com\campuslove\api\entity\PostFavorite.java|64|B|P2|LocalDateTime.now() 未显式指定 ZoneId（JVM 默认时区）(this.createdAt = LocalDateTime.now();)|JVM 时区与 DB Asia/Shanghai 不一致时，时间戳/窗口判断错位|统一时钟源（Clock/ZoneId），或至少注释声明时区契约|open|batch-2
R4-XXXXX|d:\6\恋爱小程序\apps\api\src\main\java\com\campuslove\api\entity\MediaAsset.java|118|B|P2|LocalDateTime.now() 未显式指定 ZoneId（JVM 默认时区）(this.createdAt = LocalDateTime.now();)|JVM 时区与 DB Asia/Shanghai 不一致时，时间戳/窗口判断错位|统一时钟源（Clock/ZoneId），或至少注释声明时区契约|open|batch-2
R4-XXXXX|d:\6\恋爱小程序\apps\api\src\main\java\com\campuslove\api\feedback\RealFeedbackService.java|74|B|P2|LocalDateTime.now() 未显式指定 ZoneId（JVM 默认时区）(LocalDateTime now = LocalDateTime.now()|JVM 时区与 DB Asia/Shanghai 不一致时，时间戳/窗口判断错位|统一时钟源（Clock/ZoneId），或至少注释声明时区契约|open|batch-2
R4-XXXXX|d:\6\恋爱小程序\apps\api\src\main\java\com\campuslove\api\feedback\RealFeedbackService.java|165|B|P2|LocalDateTime.now() 未显式指定 ZoneId（JVM 默认时区）(feedback.setUpdatedAt(LocalDateTime.no)|JVM 时区与 DB Asia/Shanghai 不一致时，时间戳/窗口判断错位|统一时钟源（Clock/ZoneId），或至少注释声明时区契约|open|batch-2
R4-XXXXX|d:\6\恋爱小程序\apps\api\src\main\java\com\campuslove\api\feedback\RealFeedbackService.java|303|B|P2|LocalDateTime.now() 未显式指定 ZoneId（JVM 默认时区）(feedback.setUpdatedAt(LocalDateTime.no)|JVM 时区与 DB Asia/Shanghai 不一致时，时间戳/窗口判断错位|统一时钟源（Clock/ZoneId），或至少注释声明时区契约|open|batch-2
R4-XXXXX|d:\6\恋爱小程序\apps\api\src\main\java\com\campuslove\api\match\RealMatchService.java|254|B|P2|LocalDateTime.now() 未显式指定 ZoneId（JVM 默认时区）(LocalDateTime now = LocalDateTime.now()|JVM 时区与 DB Asia/Shanghai 不一致时，时间戳/窗口判断错位|统一时钟源（Clock/ZoneId），或至少注释声明时区契约|open|batch-2
R4-XXXXX|d:\6\恋爱小程序\apps\api\src\main\java\com\campuslove\api\match\RealMatchService.java|407|B|P2|LocalDateTime.now() 未显式指定 ZoneId（JVM 默认时区）(userId, userId, java.util.List.of(Sign)|JVM 时区与 DB Asia/Shanghai 不一致时，时间戳/窗口判断错位|统一时钟源（Clock/ZoneId），或至少注释声明时区契约|open|batch-2
R4-XXXXX|d:\6\恋爱小程序\apps\api\src\main\java\com\campuslove\api\match\RealMatchService.java|432|B|P2|LocalDateTime.now() 未显式指定 ZoneId（JVM 默认时区）(LocalDateTime now = LocalDateTime.now()|JVM 时区与 DB Asia/Shanghai 不一致时，时间戳/窗口判断错位|统一时钟源（Clock/ZoneId），或至少注释声明时区契约|open|batch-2
R4-XXXXX|d:\6\恋爱小程序\apps\api\src\main\java\com\campuslove\api\entity\UserFollow.java|71|B|P2|LocalDateTime.now() 未显式指定 ZoneId（JVM 默认时区）(this.createdAt = LocalDateTime.now();)|JVM 时区与 DB Asia/Shanghai 不一致时，时间戳/窗口判断错位|统一时钟源（Clock/ZoneId），或至少注释声明时区契约|open|batch-2
R4-XXXXX|d:\6\恋爱小程序\apps\api\src\main\java\com\campuslove\api\user\RealOnlineStatusService.java|53|B|P2|LocalDateTime.now() 未显式指定 ZoneId（JVM 默认时区）(LocalDateTime now = LocalDateTime.now()|JVM 时区与 DB Asia/Shanghai 不一致时，时间戳/窗口判断错位|统一时钟源（Clock/ZoneId），或至少注释声明时区契约|open|batch-2
R4-XXXXX|d:\6\恋爱小程序\apps\api\src\main\java\com\campuslove\api\user\RealOnlineStatusService.java|154|B|P2|LocalDateTime.now() 未显式指定 ZoneId（JVM 默认时区）(LocalDateTime threshold = LocalDateTim)|JVM 时区与 DB Asia/Shanghai 不一致时，时间戳/窗口判断错位|统一时钟源（Clock/ZoneId），或至少注释声明时区契约|open|batch-2
R4-XXXXX|d:\6\恋爱小程序\apps\api\src\main\java\com\campuslove\api\match\MatchPolicy.java|96|B|P2|LocalDate.now() 未显式指定 ZoneId（JVM 默认时区）(String dateKey = LocalDate.now().forma)|JVM 时区与 DB Asia/Shanghai 不一致时，时间戳/窗口判断错位|统一时钟源（Clock/ZoneId），或至少注释声明时区契约|open|batch-2
R4-XXXXX|d:\6\恋爱小程序\apps\api\src\main\java\com\campuslove\api\match\MatchPolicy.java|129|B|P2|LocalDate.now() 未显式指定 ZoneId（JVM 默认时区）(String dateKey = LocalDate.now().forma)|JVM 时区与 DB Asia/Shanghai 不一致时，时间戳/窗口判断错位|统一时钟源（Clock/ZoneId），或至少注释声明时区契约|open|batch-2
R4-XXXXX|d:\6\恋爱小程序\apps\api\src\main\java\com\campuslove\api\match\MatchPolicy.java|157|B|P2|LocalDate.now() 未显式指定 ZoneId（JVM 默认时区）(String dateKey = LocalDate.now().forma)|JVM 时区与 DB Asia/Shanghai 不一致时，时间戳/窗口判断错位|统一时钟源（Clock/ZoneId），或至少注释声明时区契约|open|batch-2
R4-XXXXX|d:\6\恋爱小程序\apps\api\src\main\java\com\campuslove\api\match\MatchPolicy.java|193|B|P2|LocalDate.now() 未显式指定 ZoneId（JVM 默认时区）(String dateKey = LocalDate.now().forma)|JVM 时区与 DB Asia/Shanghai 不一致时，时间戳/窗口判断错位|统一时钟源（Clock/ZoneId），或至少注释声明时区契约|open|batch-2
R4-XXXXX|d:\6\恋爱小程序\apps\api\src\main\java\com\campuslove\api\match\MatchPolicy.java|216|B|P2|LocalDate.now() 未显式指定 ZoneId（JVM 默认时区）(String dateKey = LocalDate.now().forma)|JVM 时区与 DB Asia/Shanghai 不一致时，时间戳/窗口判断错位|统一时钟源（Clock/ZoneId），或至少注释声明时区契约|open|batch-2
R4-XXXXX|d:\6\恋爱小程序\apps\api\src\main\java\com\campuslove\api\match\MatchRecorder.java|123|B|P2|LocalDateTime.now() 未显式指定 ZoneId（JVM 默认时区）(like.setUpdatedAt(LocalDateTime.now()))|JVM 时区与 DB Asia/Shanghai 不一致时，时间戳/窗口判断错位|统一时钟源（Clock/ZoneId），或至少注释声明时区契约|open|batch-2
R4-XXXXX|d:\6\恋爱小程序\apps\api\src\main\java\com\campuslove\api\match\MatchRecorder.java|182|B|P2|LocalDateTime.now() 未显式指定 ZoneId（JVM 默认时区）(LocalDateTime now = LocalDateTime.now()|JVM 时区与 DB Asia/Shanghai 不一致时，时间戳/窗口判断错位|统一时钟源（Clock/ZoneId），或至少注释声明时区契约|open|batch-2
R4-XXXXX|d:\6\恋爱小程序\apps\api\src\main\java\com\campuslove\api\match\MatchRecorder.java|214|B|P2|LocalDateTime.now() 未显式指定 ZoneId（JVM 默认时区）(record.setCreatedAt(LocalDateTime.now()|JVM 时区与 DB Asia/Shanghai 不一致时，时间戳/窗口判断错位|统一时钟源（Clock/ZoneId），或至少注释声明时区契约|open|batch-2
R4-XXXXX|d:\6\恋爱小程序\apps\api\src\main\java\com\campuslove\api\match\MatchRecorder.java|260|B|P2|LocalDate.now() 未显式指定 ZoneId（JVM 默认时区）(LocalDate today = LocalDate.now();)|JVM 时区与 DB Asia/Shanghai 不一致时，时间戳/窗口判断错位|统一时钟源（Clock/ZoneId），或至少注释声明时区契约|open|batch-2
R4-XXXXX|d:\6\恋爱小程序\apps\api\src\main\java\com\campuslove\api\match\MatchRecorder.java|267|B|P2|LocalDateTime.now() 未显式指定 ZoneId（JVM 默认时区）(visitor.setCreatedAt(LocalDateTime.now)|JVM 时区与 DB Asia/Shanghai 不一致时，时间戳/窗口判断错位|统一时钟源（Clock/ZoneId），或至少注释声明时区契约|open|batch-2
R4-XXXXX|d:\6\恋爱小程序\apps\api\src\main\java\com\campuslove\api\match\MatchRecorder.java|294|B|P2|LocalDateTime.now() 未显式指定 ZoneId（JVM 默认时区）(signal.setUpdatedAt(LocalDateTime.now()|JVM 时区与 DB Asia/Shanghai 不一致时，时间戳/窗口判断错位|统一时钟源（Clock/ZoneId），或至少注释声明时区契约|open|batch-2
R4-XXXXX|d:\6\恋爱小程序\apps\api\src\main\java\com\campuslove\api\match\MatchRecorder.java|305|B|P2|LocalDateTime.now() 未显式指定 ZoneId（JVM 默认时区）(signal.setUpdatedAt(LocalDateTime.now()|JVM 时区与 DB Asia/Shanghai 不一致时，时间戳/窗口判断错位|统一时钟源（Clock/ZoneId），或至少注释声明时区契约|open|batch-2
R4-XXXXX|d:\6\恋爱小程序\apps\api\src\main\java\com\campuslove\api\match\MatchRecorder.java|353|B|P2|Instant.now() 未显式指定 ZoneId（JVM 默认时区）(userId, targetUserId, type, Instant.no)|JVM 时区与 DB Asia/Shanghai 不一致时，时间戳/窗口判断错位|统一时钟源（Clock/ZoneId），或至少注释声明时区契约|open|batch-2
R4-XXXXX|d:\6\恋爱小程序\apps\api\src\main\java\com\campuslove\api\village\MockPostTagService.java|104|B|P2|LocalDateTime.now() 未显式指定 ZoneId（JVM 默认时区）(LocalDateTime.now().minusHours(1))|JVM 时区与 DB Asia/Shanghai 不一致时，时间戳/窗口判断错位|统一时钟源（Clock/ZoneId），或至少注释声明时区契约|open|batch-2
R4-XXXXX|d:\6\恋爱小程序\apps\api\src\main\java\com\campuslove\api\village\MockPostTagService.java|110|B|P2|LocalDateTime.now() 未显式指定 ZoneId（JVM 默认时区）(LocalDateTime.now().minusHours(3))|JVM 时区与 DB Asia/Shanghai 不一致时，时间戳/窗口判断错位|统一时钟源（Clock/ZoneId），或至少注释声明时区契约|open|batch-2
R4-XXXXX|d:\6\恋爱小程序\apps\api\src\main\java\com\campuslove\api\village\MockPostTagService.java|116|B|P2|LocalDateTime.now() 未显式指定 ZoneId（JVM 默认时区）(LocalDateTime.now().minusHours(5))|JVM 时区与 DB Asia/Shanghai 不一致时，时间戳/窗口判断错位|统一时钟源（Clock/ZoneId），或至少注释声明时区契约|open|batch-2
R4-XXXXX|d:\6\恋爱小程序\apps\api\src\main\java\com\campuslove\api\village\MockPostTagService.java|122|B|P2|LocalDateTime.now() 未显式指定 ZoneId（JVM 默认时区）(LocalDateTime.now().minusDays(1))|JVM 时区与 DB Asia/Shanghai 不一致时，时间戳/窗口判断错位|统一时钟源（Clock/ZoneId），或至少注释声明时区契约|open|batch-2
R4-XXXXX|d:\6\恋爱小程序\apps\api\src\main\java\com\campuslove\api\village\MockPostTagService.java|128|B|P2|LocalDateTime.now() 未显式指定 ZoneId（JVM 默认时区）(LocalDateTime.now().minusDays(1).minus)|JVM 时区与 DB Asia/Shanghai 不一致时，时间戳/窗口判断错位|统一时钟源（Clock/ZoneId），或至少注释声明时区契约|open|batch-2
R4-XXXXX|d:\6\恋爱小程序\apps\api\src\main\java\com\campuslove\api\village\MockPostTagService.java|134|B|P2|LocalDateTime.now() 未显式指定 ZoneId（JVM 默认时区）(LocalDateTime.now().minusDays(2))|JVM 时区与 DB Asia/Shanghai 不一致时，时间戳/窗口判断错位|统一时钟源（Clock/ZoneId），或至少注释声明时区契约|open|batch-2
R4-XXXXX|d:\6\恋爱小程序\apps\api\src\main\java\com\campuslove\api\village\PostReportController.java|101|B|P2|LocalDateTime.now() 未显式指定 ZoneId（JVM 默认时区）(report.setCreatedAt(LocalDateTime.now()|JVM 时区与 DB Asia/Shanghai 不一致时，时间戳/窗口判断错位|统一时钟源（Clock/ZoneId），或至少注释声明时区契约|open|batch-2
R4-XXXXX|d:\6\恋爱小程序\apps\api\src\main\java\com\campuslove\api\village\VillageInteractionService.java|150|B|P2|LocalDateTime.now() 未显式指定 ZoneId（JVM 默认时区）(LocalDateTime now = LocalDateTime.now()|JVM 时区与 DB Asia/Shanghai 不一致时，时间戳/窗口判断错位|统一时钟源（Clock/ZoneId），或至少注释声明时区契约|open|batch-2
R4-XXXXX|d:\6\恋爱小程序\apps\api\src\main\java\com\campuslove\api\village\VillageInteractionService.java|313|B|P2|LocalDateTime.now() 未显式指定 ZoneId（JVM 默认时区）(LocalDateTime now = LocalDateTime.now()|JVM 时区与 DB Asia/Shanghai 不一致时，时间戳/窗口判断错位|统一时钟源（Clock/ZoneId），或至少注释声明时区契约|open|batch-2
R4-XXXXX|d:\6\恋爱小程序\apps\api\src\main\java\com\campuslove\api\village\VillageInteractionService.java|384|B|P2|LocalDateTime.now() 未显式指定 ZoneId（JVM 默认时区）(LocalDateTime now = LocalDateTime.now()|JVM 时区与 DB Asia/Shanghai 不一致时，时间戳/窗口判断错位|统一时钟源（Clock/ZoneId），或至少注释声明时区契约|open|batch-2
R4-XXXXX|d:\6\恋爱小程序\apps\api\src\main\java\com\campuslove\api\village\VillageInteractionService.java|439|B|P2|LocalDateTime.now() 未显式指定 ZoneId（JVM 默认时区）(LocalDateTime now = LocalDateTime.now()|JVM 时区与 DB Asia/Shanghai 不一致时，时间戳/窗口判断错位|统一时钟源（Clock/ZoneId），或至少注释声明时区契约|open|batch-2
R4-XXXXX|d:\6\恋爱小程序\apps\api\src\main\java\com\campuslove\api\village\VillagePostService.java|106|B|P2|LocalDateTime.now() 未显式指定 ZoneId（JVM 默认时区）(LocalDateTime now = LocalDateTime.now()|JVM 时区与 DB Asia/Shanghai 不一致时，时间戳/窗口判断错位|统一时钟源（Clock/ZoneId），或至少注释声明时区契约|open|batch-2
R4-XXXXX|d:\6\恋爱小程序\apps\api\src\main\java\com\campuslove\api\auth\OnlineUserService.java|84|B|P2|System.currentTimeMillis() 作日期/过期语义，未统一时间源 (long nowMs = System.currentTimeMillis()|epoch 语义无时区问题，但与 LocalDateTime 混用使换算口径不统一|统一时间源（Clock/Instant 优先），避免与 LocalDateTime 混算|open|batch-2
R4-XXXXX|d:\6\恋爱小程序\apps\api\src\main\java\com\campuslove\api\auth\OnlineUserService.java|163|B|P2|System.currentTimeMillis() 作日期/过期语义，未统一时间源 (expiresAtEpochMs() < System.currentTim)|epoch 语义无时区问题，但与 LocalDateTime 混用使换算口径不统一|统一时间源（Clock/Instant 优先），避免与 LocalDateTime 混算|open|batch-2
R4-XXXXX|d:\6\恋爱小程序\apps\api\src\main\java\com\campuslove\api\auth\OnlineUserService.java|188|B|P2|System.currentTimeMillis() 作日期/过期语义，未统一时间源 (expiresAtEpochMs() < System.currentTim)|epoch 语义无时区问题，但与 LocalDateTime 混用使换算口径不统一|统一时间源（Clock/Instant 优先），避免与 LocalDateTime 混算|open|batch-2
R4-XXXXX|d:\6\恋爱小程序\apps\api\src\main\java\com\campuslove\api\auth\OnlineUserService.java|203|B|P2|System.currentTimeMillis() 作日期/过期语义，未统一时间源 (long now = System.currentTimeMillis())|epoch 语义无时区问题，但与 LocalDateTime 混用使换算口径不统一|统一时间源（Clock/Instant 优先），避免与 LocalDateTime 混算|open|batch-2
R4-XXXXX|d:\6\恋爱小程序\apps\api\src\main\java\com\campuslove\api\auth\OnlineUserService.java|283|B|P2|System.currentTimeMillis() 作日期/过期语义，未统一时间源 (expiresAtEpochMs - System.currentTimeM)|epoch 语义无时区问题，但与 LocalDateTime 混用使换算口径不统一|统一时间源（Clock/Instant 优先），避免与 LocalDateTime 混算|open|batch-2
R4-XXXXX|d:\6\恋爱小程序\apps\api\src\main\java\com\campuslove\api\auth\RedisTokenBlacklistService.java|71|B|P2|System.currentTimeMillis() 作日期/过期语义，未统一时间源 (long now = System.currentTimeMillis())|epoch 语义无时区问题，但与 LocalDateTime 混用使换算口径不统一|统一时间源（Clock/Instant 优先），避免与 LocalDateTime 混算|open|batch-2
R4-XXXXX|d:\6\恋爱小程序\apps\api\src\main\java\com\campuslove\api\auth\RedisTokenBlacklistService.java|119|B|P2|System.currentTimeMillis() 作日期/过期语义，未统一时间源 (currentTimeMillis() + ttlSeconds * 100)|epoch 语义无时区问题，但与 LocalDateTime 混用使换算口径不统一|统一时间源（Clock/Instant 优先），避免与 LocalDateTime 混算|open|batch-2
R4-XXXXX|d:\6\恋爱小程序\apps\api\src\main\java\com\campuslove\api\auth\RedisTokenBlacklistService.java|185|B|P2|System.currentTimeMillis() 作日期/过期语义，未统一时间源 (expireAt < System.currentTimeMillis())|epoch 语义无时区问题，但与 LocalDateTime 混用使换算口径不统一|统一时间源（Clock/Instant 优先），避免与 LocalDateTime 混算|open|batch-2
R4-XXXXX|d:\6\恋爱小程序\apps\api\src\main\java\com\campuslove\api\ratelimit\RateLimitBucketRegistry.java|90|B|P2|System.currentTimeMillis() 作日期/过期语义，未统一时间源 (entry.lastUsedAt = System.currentTimeM)|epoch 语义无时区问题，但与 LocalDateTime 混用使换算口径不统一|统一时间源（Clock/Instant 优先），避免与 LocalDateTime 混算|open|batch-2
R4-XXXXX|d:\6\恋爱小程序\apps\api\src\main\java\com\campuslove\api\ratelimit\RateLimitBucketRegistry.java|134|B|P2|System.currentTimeMillis() 作日期/过期语义，未统一时间源 (long now = System.currentTimeMillis())|epoch 语义无时区问题，但与 LocalDateTime 混用使换算口径不统一|统一时间源（Clock/Instant 优先），避免与 LocalDateTime 混算|open|batch-2
R4-XXXXX|d:\6\恋爱小程序\apps\api\src\main\java\com\campuslove\api\ratelimit\RateLimitBucketRegistry.java|172|B|P2|System.currentTimeMillis() 作日期/过期语义，未统一时间源 (new BucketEntry(bucket, System.current)|epoch 语义无时区问题，但与 LocalDateTime 混用使换算口径不统一|统一时间源（Clock/Instant 优先），避免与 LocalDateTime 混算|open|batch-2
R4-XXXXX|d:\6\恋爱小程序\apps\api\src\main\java\com\campuslove\api\growth\WeChatPushService.java|85|B|P2|System.currentTimeMillis() 作日期/过期语义，未统一时间源 (long now = System.currentTimeMillis())|epoch 语义无时区问题，但与 LocalDateTime 混用使换算口径不统一|统一时间源（Clock/Instant 优先），避免与 LocalDateTime 混算|open|batch-2
R4-XXXXX|d:\6\恋爱小程序\apps\api\src\main\java\com\campuslove\api\growth\WeChatPushService.java|113|B|P2|System.currentTimeMillis() 作日期/过期语义，未统一时间源 (long nowAfterFetch = System.currentTim)|epoch 语义无时区问题，但与 LocalDateTime 混用使换算口径不统一|统一时间源（Clock/Instant 优先），避免与 LocalDateTime 混算|open|batch-2
R4-XXXXX|d:\6\恋爱小程序\apps\api\src\main\java\com\campuslove\api\auth\AppleIdentityTokenVerifier.java|179|B|P2|System.currentTimeMillis() 作日期/过期语义，未统一时间源 (long now = System.currentTimeMillis())|epoch 语义无时区问题，但与 LocalDateTime 混用使换算口径不统一|统一时间源（Clock/Instant 优先），避免与 LocalDateTime 混算|open|batch-2
R4-XXXXX|d:\6\恋爱小程序\apps\api\src\main\java\com\campuslove\api\auth\AppleIdentityTokenVerifier.java|185|B|P2|System.currentTimeMillis() 作日期/过期语义，未统一时间源 (now = System.currentTimeMillis())|epoch 语义无时区问题，但与 LocalDateTime 混用使换算口径不统一|统一时间源（Clock/Instant 优先），避免与 LocalDateTime 混算|open|batch-2
R4-XXXXX|d:\6\恋爱小程序\apps\api\src\main\java\com\campuslove\api\auth\AppleIdentityTokenVerifier.java|192|B|P2|System.currentTimeMillis() 作日期/过期语义，未统一时间源 (keysFetchedAtMillis = System.currentTi)|epoch 语义无时区问题，但与 LocalDateTime 混用使换算口径不统一|统一时间源（Clock/Instant 优先），避免与 LocalDateTime 混算|open|batch-2
R4-XXXXX|d:\6\恋爱小程序\apps\api\src\main\java\com\campuslove\api\campus\RealCampusService.java|123|H|P3|中文 throw 消息未走 i18n（有 I18nConfig/messages.properties 未用）("userId 不能为空")|错误文案硬编码中文，前端无国际化能力，多语言/文案调整需发版|改用 MessageSource.getMessage 从 messages*.properties 取文案|open|batch-4
R4-XXXXX|d:\6\恋爱小程序\apps\api\src\main\java\com\campuslove\api\campus\RealCampusService.java|126|H|P3|中文 throw 消息未走 i18n（有 I18nConfig/messages.properties 未用）("schoolId 不能为空")|错误文案硬编码中文，前端无国际化能力，多语言/文案调整需发版|改用 MessageSource.getMessage 从 messages*.properties 取文案|open|batch-4
R4-XXXXX|d:\6\恋爱小程序\apps\api\src\main\java\com\campuslove\api\campus\RealCampusService.java|129|H|P3|中文 throw 消息未走 i18n（有 I18nConfig/messages.properties 未用）("category 不能为空")|错误文案硬编码中文，前端无国际化能力，多语言/文案调整需发版|改用 MessageSource.getMessage 从 messages*.properties 取文案|open|batch-4
R4-XXXXX|d:\6\恋爱小程序\apps\api\src\main\java\com\campuslove\api\campus\RealCampusService.java|132|H|P3|中文 throw 消息未走 i18n（有 I18nConfig/messages.properties 未用）("title 不能为空")|错误文案硬编码中文，前端无国际化能力，多语言/文案调整需发版|改用 MessageSource.getMessage 从 messages*.properties 取文案|open|batch-4
R4-XXXXX|d:\6\恋爱小程序\apps\api\src\main\java\com\campuslove\api\campus\RealCampusService.java|165|H|P3|中文 throw 消息未走 i18n（有 I18nConfig/messages.properties 未用）("topicId 不能为空")|错误文案硬编码中文，前端无国际化能力，多语言/文案调整需发版|改用 MessageSource.getMessage 从 messages*.properties 取文案|open|batch-4
R4-XXXXX|d:\6\恋爱小程序\apps\api\src\main\java\com\campuslove\api\campus\RealCampusService.java|168|H|P3|中文 throw 消息未走 i18n（有 I18nConfig/messages.properties 未用）("userId 不能为空")|错误文案硬编码中文，前端无国际化能力，多语言/文案调整需发版|改用 MessageSource.getMessage 从 messages*.properties 取文案|open|batch-4
R4-XXXXX|d:\6\恋爱小程序\apps\api\src\main\java\com\campuslove\api\campus\RealCampusService.java|171|H|P3|中文 throw 消息未走 i18n（有 I18nConfig/messages.properties 未用）("content 不能为空")|错误文案硬编码中文，前端无国际化能力，多语言/文案调整需发版|改用 MessageSource.getMessage 从 messages*.properties 取文案|open|batch-4
R4-XXXXX|d:\6\恋爱小程序\apps\api\src\main\java\com\campuslove\api\auth\AppleIdentityTokenVerifier.java|83|H|P3|中文 throw 消息未走 i18n（有 I18nConfig/messages.properties 未用）("identityToken 不能为空")|错误文案硬编码中文，前端无国际化能力，多语言/文案调整需发版|改用 MessageSource.getMessage 从 messages*.properties 取文案|open|batch-4
R4-XXXXX|d:\6\恋爱小程序\apps\api\src\main\java\com\campuslove\api\auth\AppleIdentityTokenVerifier.java|90|H|P3|中文 throw 消息未走 i18n（有 I18nConfig/messages.properties 未用）("无法获取 Apple 公钥（kid=")|错误文案硬编码中文，前端无国际化能力，多语言/文案调整需发版|改用 MessageSource.getMessage 从 messages*.properties 取文案|open|batch-4
R4-XXXXX|d:\6\恋爱小程序\apps\api\src\main\java\com\campuslove\api\auth\AppleIdentityTokenVerifier.java|105|H|P3|中文 throw 消息未走 i18n（有 I18nConfig/messages.properties 未用）("Apple identityToken 签名无效")|错误文案硬编码中文，前端无国际化能力，多语言/文案调整需发版|改用 MessageSource.getMessage 从 messages*.properties 取文案|open|batch-4
R4-XXXXX|d:\6\恋爱小程序\apps\api\src\main\java\com\campuslove\api\auth\AppleIdentityTokenVerifier.java|108|H|P3|中文 throw 消息未走 i18n（有 I18nConfig/messages.properties 未用）("Apple identityToken 无效: ")|错误文案硬编码中文，前端无国际化能力，多语言/文案调整需发版|改用 MessageSource.getMessage 从 messages*.properties 取文案|open|batch-4
R4-XXXXX|d:\6\恋爱小程序\apps\api\src\main\java\com\campuslove\api\auth\AppleIdentityTokenVerifier.java|114|H|P3|中文 throw 消息未走 i18n（有 I18nConfig/messages.properties 未用）("Apple identityToken 已过期")|错误文案硬编码中文，前端无国际化能力，多语言/文案调整需发版|改用 MessageSource.getMessage 从 messages*.properties 取文案|open|batch-4
R4-XXXXX|d:\6\恋爱小程序\apps\api\src\main\java\com\campuslove\api\auth\AppleIdentityTokenVerifier.java|121|H|P3|中文 throw 消息未走 i18n（有 I18nConfig/messages.properties 未用）("Apple identityToken nonce 校验失败")|错误文案硬编码中文，前端无国际化能力，多语言/文案调整需发版|改用 MessageSource.getMessage 从 messages*.properties 取文案|open|batch-4
R4-XXXXX|d:\6\恋爱小程序\apps\api\src\main\java\com\campuslove\api\auth\AppleIdentityTokenVerifier.java|127|H|P3|中文 throw 消息未走 i18n（有 I18nConfig/messages.properties 未用）("Apple identityToken 缺少 sub")|错误文案硬编码中文，前端无国际化能力，多语言/文案调整需发版|改用 MessageSource.getMessage 从 messages*.properties 取文案|open|batch-4
R4-XXXXX|d:\6\恋爱小程序\apps\api\src\main\java\com\campuslove\api\auth\AppleIdentityTokenVerifier.java|137|H|P3|中文 throw 消息未走 i18n（有 I18nConfig/messages.properties 未用）("identityToken 不是合法 JWT")|错误文案硬编码中文，前端无国际化能力，多语言/文案调整需发版|改用 MessageSource.getMessage 从 messages*.properties 取文案|open|batch-4
R4-XXXXX|d:\6\恋爱小程序\apps\api\src\main\java\com\campuslove\api\auth\AppleIdentityTokenVerifier.java|143|H|P3|中文 throw 消息未走 i18n（有 I18nConfig/messages.properties 未用）("identityToken header 缺少 kid")|错误文案硬编码中文，前端无国际化能力，多语言/文案调整需发版|改用 MessageSource.getMessage 从 messages*.properties 取文案|open|batch-4
R4-XXXXX|d:\6\恋爱小程序\apps\api\src\main\java\com\campuslove\api\auth\AppleIdentityTokenVerifier.java|153|H|P3|中文 throw 消息未走 i18n（有 I18nConfig/messages.properties 未用）("identityToken 格式非法")|错误文案硬编码中文，前端无国际化能力，多语言/文案调整需发版|改用 MessageSource.getMessage 从 messages*.properties 取文案|open|batch-4
R4-XXXXX|d:\6\恋爱小程序\apps\api\src\main\java\com\campuslove\api\campus\RealCampusCertificationService.java|77|H|P3|中文 throw 消息未走 i18n（有 I18nConfig/messages.properties 未用）("您的校园认证正在审核中，请耐心等待")|错误文案硬编码中文，前端无国际化能力，多语言/文案调整需发版|改用 MessageSource.getMessage 从 messages*.properties 取文案|open|batch-4
R4-XXXXX|d:\6\恋爱小程序\apps\api\src\main\java\com\campuslove\api\campus\RealCampusCertificationService.java|80|H|P3|中文 throw 消息未走 i18n（有 I18nConfig/messages.properties 未用）("您已完成校园认证，无需重复提交")|错误文案硬编码中文，前端无国际化能力，多语言/文案调整需发版|改用 MessageSource.getMessage 从 messages*.properties 取文案|open|batch-4
R4-XXXXX|d:\6\恋爱小程序\apps\api\src\main\java\com\campuslove\api\campus\RealCampusCertificationService.java|155|H|P3|中文 throw 消息未走 i18n（有 I18nConfig/messages.properties 未用）("审核结果无效，仅支持 APPROVED 或 REJECTED")|错误文案硬编码中文，前端无国际化能力，多语言/文案调整需发版|改用 MessageSource.getMessage 从 messages*.properties 取文案|open|batch-4
R4-XXXXX|d:\6\恋爱小程序\apps\api\src\main\java\com\campuslove\api\admin\AdminActivityController.java|530|H|P3|中文 throw 消息未走 i18n（有 I18nConfig/messages.properties 未用）("活动标题不能为空")|错误文案硬编码中文，前端无国际化能力，多语言/文案调整需发版|改用 MessageSource.getMessage 从 messages*.properties 取文案|open|batch-4
R4-XXXXX|d:\6\恋爱小程序\apps\api\src\main\java\com\campuslove\api\admin\AdminActivityController.java|533|H|P3|中文 throw 消息未走 i18n（有 I18nConfig/messages.properties 未用）("活动标题长度不能超过 128 字")|错误文案硬编码中文，前端无国际化能力，多语言/文案调整需发版|改用 MessageSource.getMessage 从 messages*.properties 取文案|open|batch-4
R4-XXXXX|d:\6\恋爱小程序\apps\api\src\main\java\com\campuslove\api\admin\AdminActivityController.java|536|H|P3|中文 throw 消息未走 i18n（有 I18nConfig/messages.properties 未用）("活动地点不能为空")|错误文案硬编码中文，前端无国际化能力，多语言/文案调整需发版|改用 MessageSource.getMessage 从 messages*.properties 取文案|open|batch-4
R4-XXXXX|d:\6\恋爱小程序\apps\api\src\main\java\com\campuslove\api\admin\AdminActivityController.java|539|H|P3|中文 throw 消息未走 i18n（有 I18nConfig/messages.properties 未用）("活动地点长度不能超过 256 字")|错误文案硬编码中文，前端无国际化能力，多语言/文案调整需发版|改用 MessageSource.getMessage 从 messages*.properties 取文案|open|batch-4
R4-XXXXX|d:\6\恋爱小程序\apps\api\src\main\java\com\campuslove\api\admin\AdminActivityController.java|542|H|P3|中文 throw 消息未走 i18n（有 I18nConfig/messages.properties 未用）("活动时间描述不能为空")|错误文案硬编码中文，前端无国际化能力，多语言/文案调整需发版|改用 MessageSource.getMessage 从 messages*.properties 取文案|open|batch-4
R4-XXXXX|d:\6\恋爱小程序\apps\api\src\main\java\com\campuslove\api\admin\AdminActivityController.java|545|H|P3|中文 throw 消息未走 i18n（有 I18nConfig/messages.properties 未用）("活动时间描述长度不能超过 128 字")|错误文案硬编码中文，前端无国际化能力，多语言/文案调整需发版|改用 MessageSource.getMessage 从 messages*.properties 取文案|open|batch-4
R4-XXXXX|d:\6\恋爱小程序\apps\api\src\main\java\com\campuslove\api\admin\AdminActivityController.java|548|H|P3|中文 throw 消息未走 i18n（有 I18nConfig/messages.properties 未用）("活动描述不能为空")|错误文案硬编码中文，前端无国际化能力，多语言/文案调整需发版|改用 MessageSource.getMessage 从 messages*.properties 取文案|open|batch-4
R4-XXXXX|d:\6\恋爱小程序\apps\api\src\main\java\com\campuslove\api\admin\AdminActivityController.java|567|H|P3|中文 throw 消息未走 i18n（有 I18nConfig/messages.properties 未用）("非法活动状态参数: ")|错误文案硬编码中文，前端无国际化能力，多语言/文案调整需发版|改用 MessageSource.getMessage 从 messages*.properties 取文案|open|batch-4
R4-XXXXX|d:\6\恋爱小程序\apps\api\src\main\java\com\campuslove\api\admin\AdminAccountController.java|96|H|P3|中文 throw 消息未走 i18n（有 I18nConfig/messages.properties 未用）("新密码长度须为 6-64 位")|错误文案硬编码中文，前端无国际化能力，多语言/文案调整需发版|改用 MessageSource.getMessage 从 messages*.properties 取文案|open|batch-4
R4-XXXXX|d:\6\恋爱小程序\apps\api\src\main\java\com\campuslove\api\admin\AdminAccountController.java|103|H|P3|中文 throw 消息未走 i18n（有 I18nConfig/messages.properties 未用）("管理员账号不存在")|错误文案硬编码中文，前端无国际化能力，多语言/文案调整需发版|改用 MessageSource.getMessage 从 messages*.properties 取文案|open|batch-4
R4-XXXXX|d:\6\恋爱小程序\apps\api\src\main\java\com\campuslove\api\admin\AdminAccountController.java|112|H|P3|中文 throw 消息未走 i18n（有 I18nConfig/messages.properties 未用）("旧密码错误")|错误文案硬编码中文，前端无国际化能力，多语言/文案调整需发版|改用 MessageSource.getMessage 从 messages*.properties 取文案|open|batch-4
R4-XXXXX|d:\6\恋爱小程序\apps\api\src\main\java\com\campuslove\api\ai\AiVideoController.java|100|H|P3|中文 throw 消息未走 i18n（有 I18nConfig/messages.properties 未用）("请求体字段数量不能超过 ")|错误文案硬编码中文，前端无国际化能力，多语言/文案调整需发版|改用 MessageSource.getMessage 从 messages*.properties 取文案|open|batch-4
R4-XXXXX|d:\6\恋爱小程序\apps\api\src\main\java\com\campuslove\api\campus\CampusController.java|105|H|P3|中文 throw 消息未走 i18n（有 I18nConfig/messages.properties 未用）("请先完成校园认证/绑定学校，再查看校园话题")|错误文案硬编码中文，前端无国际化能力，多语言/文案调整需发版|改用 MessageSource.getMessage 从 messages*.properties 取文案|open|batch-4
R4-XXXXX|d:\6\恋爱小程序\apps\api\src\main\java\com\campuslove\api\admin\AdminCampusTopicController.java|353|H|P3|中文 throw 消息未走 i18n（有 I18nConfig/messages.properties 未用）("非法话题状态参数: ")|错误文案硬编码中文，前端无国际化能力，多语言/文案调整需发版|改用 MessageSource.getMessage 从 messages*.properties 取文案|open|batch-4
R4-XXXXX|d:\6\恋爱小程序\apps\api\src\main\java\com\campuslove\api\auth\ThirdPartyAuthService.java|97|H|P3|中文 throw 消息未走 i18n（有 I18nConfig/messages.properties 未用）("code 不能为空")|错误文案硬编码中文，前端无国际化能力，多语言/文案调整需发版|改用 MessageSource.getMessage 从 messages*.properties 取文案|open|batch-4
R4-XXXXX|d:\6\恋爱小程序\apps\api\src\main\java\com\campuslove\api\auth\ThirdPartyAuthService.java|102|H|P3|中文 throw 消息未走 i18n（有 I18nConfig/messages.properties 未用）("微信登录凭证无效，请重新登录")|错误文案硬编码中文，前端无国际化能力，多语言/文案调整需发版|改用 MessageSource.getMessage 从 messages*.properties 取文案|open|batch-4
R4-XXXXX|d:\6\恋爱小程序\apps\api\src\main\java\com\campuslove\api\auth\ThirdPartyAuthService.java|218|H|P3|中文 throw 消息未走 i18n（有 I18nConfig/messages.properties 未用）("userId 不能为空")|错误文案硬编码中文，前端无国际化能力，多语言/文案调整需发版|改用 MessageSource.getMessage 从 messages*.properties 取文案|open|batch-4
R4-XXXXX|d:\6\恋爱小程序\apps\api\src\main\java\com\campuslove\api\auth\ThirdPartyAuthService.java|221|H|P3|中文 throw 消息未走 i18n（有 I18nConfig/messages.properties 未用）("provider 不能为空")|错误文案硬编码中文，前端无国际化能力，多语言/文案调整需发版|改用 MessageSource.getMessage 从 messages*.properties 取文案|open|batch-4
R4-XXXXX|d:\6\恋爱小程序\apps\api\src\main\java\com\campuslove\api\auth\ThirdPartyAuthService.java|224|H|P3|中文 throw 消息未走 i18n（有 I18nConfig/messages.properties 未用）("openId 不能为空")|错误文案硬编码中文，前端无国际化能力，多语言/文案调整需发版|改用 MessageSource.getMessage 从 messages*.properties 取文案|open|batch-4
R4-XXXXX|d:\6\恋爱小程序\apps\api\src\main\java\com\campuslove\api\auth\ThirdPartyAuthService.java|269|H|P3|中文 throw 消息未走 i18n（有 I18nConfig/messages.properties 未用）("userId 不能为空")|错误文案硬编码中文，前端无国际化能力，多语言/文案调整需发版|改用 MessageSource.getMessage 从 messages*.properties 取文案|open|batch-4
R4-XXXXX|d:\6\恋爱小程序\apps\api\src\main\java\com\campuslove\api\auth\ThirdPartyAuthService.java|272|H|P3|中文 throw 消息未走 i18n（有 I18nConfig/messages.properties 未用）("provider 不能为空")|错误文案硬编码中文，前端无国际化能力，多语言/文案调整需发版|改用 MessageSource.getMessage 从 messages*.properties 取文案|open|batch-4
R4-XXXXX|d:\6\恋爱小程序\apps\api\src\main\java\com\campuslove\api\auth\ThirdPartyAuthService.java|293|H|P3|中文 throw 消息未走 i18n（有 I18nConfig/messages.properties 未用）("userId 不能为空")|错误文案硬编码中文，前端无国际化能力，多语言/文案调整需发版|改用 MessageSource.getMessage 从 messages*.properties 取文案|open|batch-4
R4-XXXXX|d:\6\恋爱小程序\apps\api\src\main\java\com\campuslove\api\auth\ThirdPartyAuthService.java|320|H|P3|中文 throw 消息未走 i18n（有 I18nConfig/messages.properties 未用）("SHA-256 算法不可用")|错误文案硬编码中文，前端无国际化能力，多语言/文案调整需发版|改用 MessageSource.getMessage 从 messages*.properties 取文案|open|batch-4
R4-XXXXX|d:\6\恋爱小程序\apps\api\src\main\java\com\campuslove\api\auth\RealAuthService.java|350|H|P3|中文 throw 消息未走 i18n（有 I18nConfig/messages.properties 未用）("用户登录处理失败，请稍后重试")|错误文案硬编码中文，前端无国际化能力，多语言/文案调整需发版|改用 MessageSource.getMessage 从 messages*.properties 取文案|open|batch-4
R4-XXXXX|d:\6\恋爱小程序\apps\api\src\main\java\com\campuslove\api\auth\RealAuthService.java|356|H|P3|中文 throw 消息未走 i18n（有 I18nConfig/messages.properties 未用）("用户登录处理失败，请稍后重试")|错误文案硬编码中文，前端无国际化能力，多语言/文案调整需发版|改用 MessageSource.getMessage 从 messages*.properties 取文案|open|batch-4
R4-XXXXX|d:\6\恋爱小程序\apps\api\src\main\java\com\campuslove\api\auth\RealAuthService.java|360|H|P3|中文 throw 消息未走 i18n（有 I18nConfig/messages.properties 未用）("用户登录处理失败，请稍后重试")|错误文案硬编码中文，前端无国际化能力，多语言/文案调整需发版|改用 MessageSource.getMessage 从 messages*.properties 取文案|open|batch-4
R4-XXXXX|d:\6\恋爱小程序\apps\api\src\main\java\com\campuslove\api\auth\RealAuthService.java|366|H|P3|中文 throw 消息未走 i18n（有 I18nConfig/messages.properties 未用）("Token 不能为空")|错误文案硬编码中文，前端无国际化能力，多语言/文案调整需发版|改用 MessageSource.getMessage 从 messages*.properties 取文案|open|batch-4
R4-XXXXX|d:\6\恋爱小程序\apps\api\src\main\java\com\campuslove\api\auth\RealAuthService.java|371|H|P3|中文 throw 消息未走 i18n（有 I18nConfig/messages.properties 未用）("Token 无效或已过期")|错误文案硬编码中文，前端无国际化能力，多语言/文案调整需发版|改用 MessageSource.getMessage 从 messages*.properties 取文案|open|batch-4
R4-XXXXX|d:\6\恋爱小程序\apps\api\src\main\java\com\campuslove\api\auth\RealAuthService.java|379|H|P3|中文 throw 消息未走 i18n（有 I18nConfig/messages.properties 未用）("Token 已被撤销，请重新登录")|错误文案硬编码中文，前端无国际化能力，多语言/文案调整需发版|改用 MessageSource.getMessage 从 messages*.properties 取文案|open|batch-4
R4-XXXXX|d:\6\恋爱小程序\apps\api\src\main\java\com\campuslove\api\auth\RealAuthService.java|385|H|P3|中文 throw 消息未走 i18n（有 I18nConfig/messages.properties 未用）("无法从 Token 中提取用户信息")|错误文案硬编码中文，前端无国际化能力，多语言/文案调整需发版|改用 MessageSource.getMessage 从 messages*.properties 取文案|open|batch-4
R4-XXXXX|d:\6\恋爱小程序\apps\api\src\main\java\com\campuslove\api\auth\RealAuthService.java|396|H|P3|中文 throw 消息未走 i18n（有 I18nConfig/messages.properties 未用）("用户不存在")|错误文案硬编码中文，前端无国际化能力，多语言/文案调整需发版|改用 MessageSource.getMessage 从 messages*.properties 取文案|open|batch-4
R4-XXXXX|d:\6\恋爱小程序\apps\api\src\main\java\com\campuslove\api\auth\RealAuthService.java|413|H|P3|中文 throw 消息未走 i18n（有 I18nConfig/messages.properties 未用）("用户 ID 格式无效")|错误文案硬编码中文，前端无国际化能力，多语言/文案调整需发版|改用 MessageSource.getMessage 从 messages*.properties 取文案|open|batch-4
R4-XXXXX|d:\6\恋爱小程序\apps\api\src\main\java\com\campuslove\api\auth\RealAuthService.java|438|H|P3|中文 throw 消息未走 i18n（有 I18nConfig/messages.properties 未用）("手机号格式不正确")|错误文案硬编码中文，前端无国际化能力，多语言/文案调整需发版|改用 MessageSource.getMessage 从 messages*.properties 取文案|open|batch-4
R4-XXXXX|d:\6\恋爱小程序\apps\api\src\main\java\com\campuslove\api\auth\RealAuthService.java|443|H|P3|中文 throw 消息未走 i18n（有 I18nConfig/messages.properties 未用）("该手机号不可注册")|错误文案硬编码中文，前端无国际化能力，多语言/文案调整需发版|改用 MessageSource.getMessage 从 messages*.properties 取文案|open|batch-4
R4-XXXXX|d:\6\恋爱小程序\apps\api\src\main\java\com\campuslove\api\auth\RealAuthService.java|446|H|P3|中文 throw 消息未走 i18n（有 I18nConfig/messages.properties 未用）("密码长度须为 6-64 位")|错误文案硬编码中文，前端无国际化能力，多语言/文案调整需发版|改用 MessageSource.getMessage 从 messages*.properties 取文案|open|batch-4
R4-XXXXX|d:\6\恋爱小程序\apps\api\src\main\java\com\campuslove\api\auth\RealAuthService.java|449|H|P3|中文 throw 消息未走 i18n（有 I18nConfig/messages.properties 未用）("昵称长度须为 1-20 字")|错误文案硬编码中文，前端无国际化能力，多语言/文案调整需发版|改用 MessageSource.getMessage 从 messages*.properties 取文案|open|batch-4
R4-XXXXX|d:\6\恋爱小程序\apps\api\src\main\java\com\campuslove\api\auth\RealAuthService.java|453|H|P3|中文 throw 消息未走 i18n（有 I18nConfig/messages.properties 未用）("该手机号已注册")|错误文案硬编码中文，前端无国际化能力，多语言/文案调整需发版|改用 MessageSource.getMessage 从 messages*.properties 取文案|open|batch-4
R4-XXXXX|d:\6\恋爱小程序\apps\api\src\main\java\com\campuslove\api\auth\RealAuthService.java|474|H|P3|中文 throw 消息未走 i18n（有 I18nConfig/messages.properties 未用）("该手机号已注册，请直接登录")|错误文案硬编码中文，前端无国际化能力，多语言/文案调整需发版|改用 MessageSource.getMessage 从 messages*.properties 取文案|open|batch-4
R4-XXXXX|d:\6\恋爱小程序\apps\api\src\main\java\com\campuslove\api\auth\RealAuthService.java|494|H|P3|中文 throw 消息未走 i18n（有 I18nConfig/messages.properties 未用）("手机号或密码错误")|错误文案硬编码中文，前端无国际化能力，多语言/文案调整需发版|改用 MessageSource.getMessage 从 messages*.properties 取文案|open|batch-4
R4-XXXXX|d:\6\恋爱小程序\apps\api\src\main\java\com\campuslove\api\auth\RealAuthService.java|499|H|P3|中文 throw 消息未走 i18n（有 I18nConfig/messages.properties 未用）("该手机号不可登录")|错误文案硬编码中文，前端无国际化能力，多语言/文案调整需发版|改用 MessageSource.getMessage 从 messages*.properties 取文案|open|batch-4
R4-XXXXX|d:\6\恋爱小程序\apps\api\src\main\java\com\campuslove\api\auth\RealAuthService.java|503|H|P3|中文 throw 消息未走 i18n（有 I18nConfig/messages.properties 未用）("手机号或密码错误")|错误文案硬编码中文，前端无国际化能力，多语言/文案调整需发版|改用 MessageSource.getMessage 从 messages*.properties 取文案|open|batch-4
R4-XXXXX|d:\6\恋爱小程序\apps\api\src\main\java\com\campuslove\api\auth\RealAuthService.java|511|H|P3|中文 throw 消息未走 i18n（有 I18nConfig/messages.properties 未用）("手机号或密码错误")|错误文案硬编码中文，前端无国际化能力，多语言/文案调整需发版|改用 MessageSource.getMessage 从 messages*.properties 取文案|open|batch-4
R4-XXXXX|d:\6\恋爱小程序\apps\api\src\main\java\com\campuslove\api\auth\RealAuthService.java|536|H|P3|中文 throw 消息未走 i18n（有 I18nConfig/messages.properties 未用）("体验账号入口已关闭，请使用其他方式登录")|错误文案硬编码中文，前端无国际化能力，多语言/文案调整需发版|改用 MessageSource.getMessage 从 messages*.properties 取文案|open|batch-4
R4-XXXXX|d:\6\恋爱小程序\apps\api\src\main\java\com\campuslove\api\auth\RealAuthService.java|633|H|P3|中文 throw 消息未走 i18n（有 I18nConfig/messages.properties 未用）("管理员账号或密码错误")|错误文案硬编码中文，前端无国际化能力，多语言/文案调整需发版|改用 MessageSource.getMessage 从 messages*.properties 取文案|open|batch-4
R4-XXXXX|d:\6\恋爱小程序\apps\api\src\main\java\com\campuslove\api\auth\RealAuthService.java|640|H|P3|中文 throw 消息未走 i18n（有 I18nConfig/messages.properties 未用）("管理员账号或密码错误")|错误文案硬编码中文，前端无国际化能力，多语言/文案调整需发版|改用 MessageSource.getMessage 从 messages*.properties 取文案|open|batch-4
R4-XXXXX|d:\6\恋爱小程序\apps\api\src\main\java\com\campuslove\api\auth\RealAuthService.java|651|H|P3|中文 throw 消息未走 i18n（有 I18nConfig/messages.properties 未用）("管理员账号已被禁用，请联系超级管理员")|错误文案硬编码中文，前端无国际化能力，多语言/文案调整需发版|改用 MessageSource.getMessage 从 messages*.properties 取文案|open|batch-4
R4-XXXXX|d:\6\恋爱小程序\apps\api\src\main\java\com\campuslove\api\auth\RealAuthService.java|662|H|P3|中文 throw 消息未走 i18n（有 I18nConfig/messages.properties 未用）("所在高校已被停用，请联系超级管理员")|错误文案硬编码中文，前端无国际化能力，多语言/文案调整需发版|改用 MessageSource.getMessage 从 messages*.properties 取文案|open|batch-4
R4-XXXXX|d:\6\恋爱小程序\apps\api\src\main\java\com\campuslove\api\auth\RealAuthService.java|685|H|P3|中文 throw 消息未走 i18n（有 I18nConfig/messages.properties 未用）("管理员登录未启用")|错误文案硬编码中文，前端无国际化能力，多语言/文案调整需发版|改用 MessageSource.getMessage 从 messages*.properties 取文案|open|batch-4
R4-XXXXX|d:\6\恋爱小程序\apps\api\src\main\java\com\campuslove\api\auth\RealAuthService.java|688|H|P3|中文 throw 消息未走 i18n（有 I18nConfig/messages.properties 未用）("管理员账号或密码错误")|错误文案硬编码中文，前端无国际化能力，多语言/文案调整需发版|改用 MessageSource.getMessage 从 messages*.properties 取文案|open|batch-4
R4-XXXXX|d:\6\恋爱小程序\apps\api\src\main\java\com\campuslove\api\auth\RealAuthService.java|722|H|P3|中文 throw 消息未走 i18n（有 I18nConfig/messages.properties 未用）("rawPassword 不能为空")|错误文案硬编码中文，前端无国际化能力，多语言/文案调整需发版|改用 MessageSource.getMessage 从 messages*.properties 取文案|open|batch-4
R4-XXXXX|d:\6\恋爱小程序\apps\api\src\main\java\com\campuslove\api\auth\RealAuthService.java|818|H|P3|中文 throw 消息未走 i18n（有 I18nConfig/messages.properties 未用）("rawPassword 不能为空")|错误文案硬编码中文，前端无国际化能力，多语言/文案调整需发版|改用 MessageSource.getMessage 从 messages*.properties 取文案|open|batch-4
R4-XXXXX|d:\6\恋爱小程序\apps\api\src\main\java\com\campuslove\api\auth\RealAuthService.java|928|H|P3|中文 throw 消息未走 i18n（有 I18nConfig/messages.properties 未用）("SHA-256 算法不可用")|错误文案硬编码中文，前端无国际化能力，多语言/文案调整需发版|改用 MessageSource.getMessage 从 messages*.properties 取文案|open|batch-4
R4-XXXXX|d:\6\恋爱小程序\apps\api\src\main\java\com\campuslove\api\admin\AdminCoinController.java|75|H|P3|中文 throw 消息未走 i18n（有 I18nConfig/messages.properties 未用）("起始日期不能晚于结束日期")|错误文案硬编码中文，前端无国际化能力，多语言/文案调整需发版|改用 MessageSource.getMessage 从 messages*.properties 取文案|open|batch-4
R4-XXXXX|d:\6\恋爱小程序\apps\api\src\main\java\com\campuslove\api\admin\AdminCoinController.java|129|H|P3|中文 throw 消息未走 i18n（有 I18nConfig/messages.properties 未用）("非法流水类型参数: ")|错误文案硬编码中文，前端无国际化能力，多语言/文案调整需发版|改用 MessageSource.getMessage 从 messages*.properties 取文案|open|batch-4
R4-XXXXX|d:\6\恋爱小程序\apps\api\src\main\java\com\campuslove\api\admin\AdminCircleController.java|133|H|P3|中文 throw 消息未走 i18n（有 I18nConfig/messages.properties 未用）("圈名不能为空")|错误文案硬编码中文，前端无国际化能力，多语言/文案调整需发版|改用 MessageSource.getMessage 从 messages*.properties 取文案|open|batch-4
R4-XXXXX|d:\6\恋爱小程序\apps\api\src\main\java\com\campuslove\api\admin\AdminCircleController.java|136|H|P3|中文 throw 消息未走 i18n（有 I18nConfig/messages.properties 未用）("圈名长度不能超过 64 字")|错误文案硬编码中文，前端无国际化能力，多语言/文案调整需发版|改用 MessageSource.getMessage 从 messages*.properties 取文案|open|batch-4
R4-XXXXX|d:\6\恋爱小程序\apps\api\src\main\java\com\campuslove\api\admin\AdminCircleController.java|141|H|P3|中文 throw 消息未走 i18n（有 I18nConfig/messages.properties 未用）("该圈名已存在: ")|错误文案硬编码中文，前端无国际化能力，多语言/文案调整需发版|改用 MessageSource.getMessage 从 messages*.properties 取文案|open|batch-4
R4-XXXXX|d:\6\恋爱小程序\apps\api\src\main\java\com\campuslove\api\admin\AdminCircleController.java|184|H|P3|中文 throw 消息未走 i18n（有 I18nConfig/messages.properties 未用）("圈名长度不能超过 64 字")|错误文案硬编码中文，前端无国际化能力，多语言/文案调整需发版|改用 MessageSource.getMessage 从 messages*.properties 取文案|open|batch-4
R4-XXXXX|d:\6\恋爱小程序\apps\api\src\main\java\com\campuslove\api\admin\AdminCircleController.java|189|H|P3|中文 throw 消息未走 i18n（有 I18nConfig/messages.properties 未用）("该圈名已存在: ")|错误文案硬编码中文，前端无国际化能力，多语言/文案调整需发版|改用 MessageSource.getMessage 从 messages*.properties 取文案|open|batch-4
R4-XXXXX|d:\6\恋爱小程序\apps\api\src\main\java\com\campuslove\api\auth\MockAuthService.java|43|H|P3|中文 throw 消息未走 i18n（有 I18nConfig/messages.properties 未用）("Token 不能为空")|错误文案硬编码中文，前端无国际化能力，多语言/文案调整需发版|改用 MessageSource.getMessage 从 messages*.properties 取文案|open|batch-4
R4-XXXXX|d:\6\恋爱小程序\apps\api\src\main\java\com\campuslove\api\admin\AdminDataScope.java|119|H|P3|中文 throw 消息未走 i18n（有 I18nConfig/messages.properties 未用）("校区管理员无权操作其他校区的数据")|错误文案硬编码中文，前端无国际化能力，多语言/文案调整需发版|改用 MessageSource.getMessage 从 messages*.properties 取文案|open|batch-4
R4-XXXXX|d:\6\恋爱小程序\apps\api\src\main\java\com\campuslove\api\chat\RealInteractionEventService.java|59|H|P3|中文 throw 消息未走 i18n（有 I18nConfig/messages.properties 未用）("userId 和 triggerUserId 不能为空")|错误文案硬编码中文，前端无国际化能力，多语言/文案调整需发版|改用 MessageSource.getMessage 从 messages*.properties 取文案|open|batch-4
R4-XXXXX|d:\6\恋爱小程序\apps\api\src\main\java\com\campuslove\api\chat\RealInteractionEventService.java|94|H|P3|中文 throw 消息未走 i18n（有 I18nConfig/messages.properties 未用）("userId 不能为空")|错误文案硬编码中文，前端无国际化能力，多语言/文案调整需发版|改用 MessageSource.getMessage 从 messages*.properties 取文案|open|batch-4
R4-XXXXX|d:\6\恋爱小程序\apps\api\src\main\java\com\campuslove\api\chat\RealInteractionEventService.java|119|H|P3|中文 throw 消息未走 i18n（有 I18nConfig/messages.properties 未用）("userId 不能为空")|错误文案硬编码中文，前端无国际化能力，多语言/文案调整需发版|改用 MessageSource.getMessage 从 messages*.properties 取文案|open|batch-4
R4-XXXXX|d:\6\恋爱小程序\apps\api\src\main\java\com\campuslove\api\chat\RealInteractionEventService.java|135|H|P3|中文 throw 消息未走 i18n（有 I18nConfig/messages.properties 未用）("eventId 和 userId 不能为空")|错误文案硬编码中文，前端无国际化能力，多语言/文案调整需发版|改用 MessageSource.getMessage 从 messages*.properties 取文案|open|batch-4
R4-XXXXX|d:\6\恋爱小程序\apps\api\src\main\java\com\campuslove\api\chat\RealInteractionEventService.java|140|H|P3|中文 throw 消息未走 i18n（有 I18nConfig/messages.properties 未用）("互动事件不存在或不属于该用户: eventId=")|错误文案硬编码中文，前端无国际化能力，多语言/文案调整需发版|改用 MessageSource.getMessage 从 messages*.properties 取文案|open|batch-4
R4-XXXXX|d:\6\恋爱小程序\apps\api\src\main\java\com\campuslove\api\chat\RealInteractionEventService.java|157|H|P3|中文 throw 消息未走 i18n（有 I18nConfig/messages.properties 未用）("userId 不能为空")|错误文案硬编码中文，前端无国际化能力，多语言/文案调整需发版|改用 MessageSource.getMessage 从 messages*.properties 取文案|open|batch-4
R4-XXXXX|d:\6\恋爱小程序\apps\api\src\main\java\com\campuslove\api\chat\VoiceMessageService.java|108|H|P3|中文 throw 消息未走 i18n（有 I18nConfig/messages.properties 未用）("用户 ID 不能为空")|错误文案硬编码中文，前端无国际化能力，多语言/文案调整需发版|改用 MessageSource.getMessage 从 messages*.properties 取文案|open|batch-4
R4-XXXXX|d:\6\恋爱小程序\apps\api\src\main\java\com\campuslove\api\chat\VoiceMessageService.java|112|H|P3|中文 throw 消息未走 i18n（有 I18nConfig/messages.properties 未用）("语音文件不能为空")|错误文案硬编码中文，前端无国际化能力，多语言/文案调整需发版|改用 MessageSource.getMessage 从 messages*.properties 取文案|open|batch-4
R4-XXXXX|d:\6\恋爱小程序\apps\api\src\main\java\com\campuslove\api\chat\VoiceMessageService.java|136|H|P3|中文 throw 消息未走 i18n（有 I18nConfig/messages.properties 未用）("不支持的语音 MIME 类型：")|错误文案硬编码中文，前端无国际化能力，多语言/文案调整需发版|改用 MessageSource.getMessage 从 messages*.properties 取文案|open|batch-4
R4-XXXXX|d:\6\恋爱小程序\apps\api\src\main\java\com\campuslove\api\chat\VoiceMessageService.java|153|H|P3|中文 throw 消息未走 i18n（有 I18nConfig/messages.properties 未用）("语音存储路径异常，已拒绝")|错误文案硬编码中文，前端无国际化能力，多语言/文案调整需发版|改用 MessageSource.getMessage 从 messages*.properties 取文案|open|batch-4
R4-XXXXX|d:\6\恋爱小程序\apps\api\src\main\java\com\campuslove\api\chat\VoiceMessageService.java|172|H|P3|中文 throw 消息未走 i18n（有 I18nConfig/messages.properties 未用）("语音上传失败，请稍后重试")|错误文案硬编码中文，前端无国际化能力，多语言/文案调整需发版|改用 MessageSource.getMessage 从 messages*.properties 取文案|open|batch-4
R4-XXXXX|d:\6\恋爱小程序\apps\api\src\main\java\com\campuslove\api\chat\VoiceMessageService.java|176|H|P3|中文 throw 消息未走 i18n（有 I18nConfig/messages.properties 未用）("语音上传失败，请稍后重试")|错误文案硬编码中文，前端无国际化能力，多语言/文案调整需发版|改用 MessageSource.getMessage 从 messages*.properties 取文案|open|batch-4
R4-XXXXX|d:\6\恋爱小程序\apps\api\src\main\java\com\campuslove\api\chat\VoiceMessageService.java|228|H|P3|中文 throw 消息未走 i18n（有 I18nConfig/messages.properties 未用）("无权删除该语音文件")|错误文案硬编码中文，前端无国际化能力，多语言/文案调整需发版|改用 MessageSource.getMessage 从 messages*.properties 取文案|open|batch-4
R4-XXXXX|d:\6\恋爱小程序\apps\api\src\main\java\com\campuslove\api\chat\VoiceMessageService.java|238|H|P3|中文 throw 消息未走 i18n（有 I18nConfig/messages.properties 未用）("删除语音文件失败，请稍后重试")|错误文案硬编码中文，前端无国际化能力，多语言/文案调整需发版|改用 MessageSource.getMessage 从 messages*.properties 取文案|open|batch-4
R4-XXXXX|d:\6\恋爱小程序\apps\api\src\main\java\com\campuslove\api\chat\VoiceMessageService.java|242|H|P3|中文 throw 消息未走 i18n（有 I18nConfig/messages.properties 未用）("删除语音文件失败，请稍后重试")|错误文案硬编码中文，前端无国际化能力，多语言/文案调整需发版|改用 MessageSource.getMessage 从 messages*.properties 取文案|open|batch-4
R4-XXXXX|d:\6\恋爱小程序\apps\api\src\main\java\com\campuslove\api\chat\VoiceMessageController.java|141|H|P3|中文 throw 消息未走 i18n（有 I18nConfig/messages.properties 未用）("URL 包含非法字符（反斜杠）")|错误文案硬编码中文，前端无国际化能力，多语言/文案调整需发版|改用 MessageSource.getMessage 从 messages*.properties 取文案|open|batch-4
R4-XXXXX|d:\6\恋爱小程序\apps\api\src\main\java\com\campuslove\api\chat\VideoCallService.java|79|H|P3|中文 throw 消息未走 i18n（有 I18nConfig/messages.properties 未用）("发起方用户 ID 不能为空")|错误文案硬编码中文，前端无国际化能力，多语言/文案调整需发版|改用 MessageSource.getMessage 从 messages*.properties 取文案|open|batch-4
R4-XXXXX|d:\6\恋爱小程序\apps\api\src\main\java\com\campuslove\api\chat\VideoCallService.java|82|H|P3|中文 throw 消息未走 i18n（有 I18nConfig/messages.properties 未用）("接收方用户 ID 不能为空")|错误文案硬编码中文，前端无国际化能力，多语言/文案调整需发版|改用 MessageSource.getMessage 从 messages*.properties 取文案|open|batch-4
R4-XXXXX|d:\6\恋爱小程序\apps\api\src\main\java\com\campuslove\api\chat\VideoCallService.java|85|H|P3|中文 throw 消息未走 i18n（有 I18nConfig/messages.properties 未用）("不能与自己进行视频通话")|错误文案硬编码中文，前端无国际化能力，多语言/文案调整需发版|改用 MessageSource.getMessage 从 messages*.properties 取文案|open|batch-4
R4-XXXXX|d:\6\恋爱小程序\apps\api\src\main\java\com\campuslove\api\chat\VideoCallService.java|89|H|P3|中文 throw 消息未走 i18n（有 I18nConfig/messages.properties 未用）("发起方用户不存在")|错误文案硬编码中文，前端无国际化能力，多语言/文案调整需发版|改用 MessageSource.getMessage 从 messages*.properties 取文案|open|batch-4
R4-XXXXX|d:\6\恋爱小程序\apps\api\src\main\java\com\campuslove\api\chat\VideoCallService.java|92|H|P3|中文 throw 消息未走 i18n（有 I18nConfig/messages.properties 未用）("接收方用户不存在")|错误文案硬编码中文，前端无国际化能力，多语言/文案调整需发版|改用 MessageSource.getMessage 从 messages*.properties 取文案|open|batch-4
R4-XXXXX|d:\6\恋爱小程序\apps\api\src\main\java\com\campuslove\api\chat\VideoCallService.java|127|H|P3|中文 throw 消息未走 i18n（有 I18nConfig/messages.properties 未用）("视频通话发起失败，请稍后重试")|错误文案硬编码中文，前端无国际化能力，多语言/文案调整需发版|改用 MessageSource.getMessage 从 messages*.properties 取文案|open|batch-4
R4-XXXXX|d:\6\恋爱小程序\apps\api\src\main\java\com\campuslove\api\chat\VideoCallService.java|151|H|P3|中文 throw 消息未走 i18n（有 I18nConfig/messages.properties 未用）("通话房间 ID 不能为空")|错误文案硬编码中文，前端无国际化能力，多语言/文案调整需发版|改用 MessageSource.getMessage 从 messages*.properties 取文案|open|batch-4
R4-XXXXX|d:\6\恋爱小程序\apps\api\src\main\java\com\campuslove\api\chat\VideoCallService.java|154|H|P3|中文 throw 消息未走 i18n（有 I18nConfig/messages.properties 未用）("操作用户 ID 不能为空")|错误文案硬编码中文，前端无国际化能力，多语言/文案调整需发版|改用 MessageSource.getMessage 从 messages*.properties 取文案|open|batch-4
R4-XXXXX|d:\6\恋爱小程序\apps\api\src\main\java\com\campuslove\api\chat\VideoCallService.java|162|H|P3|中文 throw 消息未走 i18n（有 I18nConfig/messages.properties 未用）("无权操作此通话")|错误文案硬编码中文，前端无国际化能力，多语言/文案调整需发版|改用 MessageSource.getMessage 从 messages*.properties 取文案|open|batch-4
R4-XXXXX|d:\6\恋爱小程序\apps\api\src\main\java\com\campuslove\api\chat\VideoCallService.java|168|H|P3|中文 throw 消息未走 i18n（有 I18nConfig/messages.properties 未用）("通话已结束，无需重复操作")|错误文案硬编码中文，前端无国际化能力，多语言/文案调整需发版|改用 MessageSource.getMessage 从 messages*.properties 取文案|open|batch-4
R4-XXXXX|d:\6\恋爱小程序\apps\api\src\main\java\com\campuslove\api\chat\VideoCallService.java|214|H|P3|中文 throw 消息未走 i18n（有 I18nConfig/messages.properties 未用）("视频通话结束失败，请稍后重试")|错误文案硬编码中文，前端无国际化能力，多语言/文案调整需发版|改用 MessageSource.getMessage 从 messages*.properties 取文案|open|batch-4
R4-XXXXX|d:\6\恋爱小程序\apps\api\src\main\java\com\campuslove\api\chat\VideoCallService.java|230|H|P3|中文 throw 消息未走 i18n（有 I18nConfig/messages.properties 未用）("用户 ID 不能为空")|错误文案硬编码中文，前端无国际化能力，多语言/文案调整需发版|改用 MessageSource.getMessage 从 messages*.properties 取文案|open|batch-4
R4-XXXXX|d:\6\恋爱小程序\apps\api\src\main\java\com\campuslove\api\chat\VideoCallService.java|243|H|P3|中文 throw 消息未走 i18n（有 I18nConfig/messages.properties 未用）("查询通话记录失败，请稍后重试")|错误文案硬编码中文，前端无国际化能力，多语言/文案调整需发版|改用 MessageSource.getMessage 从 messages*.properties 取文案|open|batch-4
R4-XXXXX|d:\6\恋爱小程序\apps\api\src\main\java\com\campuslove\api\discover\UserPreferenceCalculator.java|119|H|P3|中文 throw 消息未走 i18n（有 I18nConfig/messages.properties 未用）("userId 不能为空")|错误文案硬编码中文，前端无国际化能力，多语言/文案调整需发版|改用 MessageSource.getMessage 从 messages*.properties 取文案|open|batch-4
R4-XXXXX|d:\6\恋爱小程序\apps\api\src\main\java\com\campuslove\api\discover\UserPreferenceCalculator.java|122|H|P3|中文 throw 消息未走 i18n（有 I18nConfig/messages.properties 未用）("偏好数据不能为空")|错误文案硬编码中文，前端无国际化能力，多语言/文案调整需发版|改用 MessageSource.getMessage 从 messages*.properties 取文案|open|batch-4
R4-XXXXX|d:\6\恋爱小程序\apps\api\src\main\java\com\campuslove\api\discover\UserPreferenceCalculator.java|125|H|P3|中文 throw 消息未走 i18n（有 I18nConfig/messages.properties 未用）("推荐时间偏好(preferredTime)不能为空")|错误文案硬编码中文，前端无国际化能力，多语言/文案调整需发版|改用 MessageSource.getMessage 从 messages*.properties 取文案|open|batch-4
R4-XXXXX|d:\6\恋爱小程序\apps\api\src\main\java\com\campuslove\api\discover\UserPreferenceCalculator.java|128|H|P3|中文 throw 消息未走 i18n（有 I18nConfig/messages.properties 未用）("推荐范围(scope)不能为空")|错误文案硬编码中文，前端无国际化能力，多语言/文案调整需发版|改用 MessageSource.getMessage 从 messages*.properties 取文案|open|batch-4
R4-XXXXX|d:\6\恋爱小程序\apps\api\src\main\java\com\campuslove\api\discover\UserPreferenceCalculator.java|156|H|P3|中文 throw 消息未走 i18n（有 I18nConfig/messages.properties 未用）("保存推荐偏好失败，用户ID: ")|错误文案硬编码中文，前端无国际化能力，多语言/文案调整需发版|改用 MessageSource.getMessage 从 messages*.properties 取文案|open|batch-4
R4-XXXXX|d:\6\恋爱小程序\apps\api\src\main\java\com\campuslove\api\chat\TempChatMessageService.java|77|H|P3|中文 throw 消息未走 i18n（有 I18nConfig/messages.properties 未用）("当前用户 ID 不能为空")|错误文案硬编码中文，前端无国际化能力，多语言/文案调整需发版|改用 MessageSource.getMessage 从 messages*.properties 取文案|open|batch-4
R4-XXXXX|d:\6\恋爱小程序\apps\api\src\main\java\com\campuslove\api\chat\TempChatMessageService.java|222|H|P3|中文 throw 消息未走 i18n（有 I18nConfig/messages.properties 未用）("当前用户 ID 不能为空")|错误文案硬编码中文，前端无国际化能力，多语言/文案调整需发版|改用 MessageSource.getMessage 从 messages*.properties 取文案|open|batch-4
R4-XXXXX|d:\6\恋爱小程序\apps\api\src\main\java\com\campuslove\api\chat\TempChatCleanupService.java|168|H|P3|中文 throw 消息未走 i18n（有 I18nConfig/messages.properties 未用）("当前用户 ID 不能为空")|错误文案硬编码中文，前端无国际化能力，多语言/文案调整需发版|改用 MessageSource.getMessage 从 messages*.properties 取文案|open|batch-4
R4-XXXXX|d:\6\恋爱小程序\apps\api\src\main\java\com\campuslove\api\chat\TempChatCleanupService.java|266|H|P3|中文 throw 消息未走 i18n（有 I18nConfig/messages.properties 未用）("非法操作方: ")|错误文案硬编码中文，前端无国际化能力，多语言/文案调整需发版|改用 MessageSource.getMessage 从 messages*.properties 取文案|open|batch-4
R4-XXXXX|d:\6\恋爱小程序\apps\api\src\main\java\com\campuslove\api\chat\TempChatSessionService.java|142|H|P3|中文 throw 消息未走 i18n（有 I18nConfig/messages.properties 未用）("无法解析推荐人信息: recommendedPersonId=")|错误文案硬编码中文，前端无国际化能力，多语言/文案调整需发版|改用 MessageSource.getMessage 从 messages*.properties 取文案|open|batch-4
R4-XXXXX|d:\6\恋爱小程序\apps\api\src\main\java\com\campuslove\api\chat\TempChatSessionService.java|335|H|P3|中文 throw 消息未走 i18n（有 I18nConfig/messages.properties 未用）("会话 ID 不能为空")|错误文案硬编码中文，前端无国际化能力，多语言/文案调整需发版|改用 MessageSource.getMessage 从 messages*.properties 取文案|open|batch-4
R4-XXXXX|d:\6\恋爱小程序\apps\api\src\main\java\com\campuslove\api\chat\TempChatSessionService.java|376|H|P3|中文 throw 消息未走 i18n（有 I18nConfig/messages.properties 未用）("当前用户 ID 不能为空")|错误文案硬编码中文，前端无国际化能力，多语言/文案调整需发版|改用 MessageSource.getMessage 从 messages*.properties 取文案|open|batch-4
R4-XXXXX|d:\6\恋爱小程序\apps\api\src\main\java\com\campuslove\api\chat\TempChatSessionService.java|517|H|P3|中文 throw 消息未走 i18n（有 I18nConfig/messages.properties 未用）("心动信号无效或已过期: signalId=")|错误文案硬编码中文，前端无国际化能力，多语言/文案调整需发版|改用 MessageSource.getMessage 从 messages*.properties 取文案|open|batch-4
R4-XXXXX|d:\6\恋爱小程序\apps\api\src\main\java\com\campuslove\api\chat\TempChatSessionService.java|522|H|P3|中文 throw 消息未走 i18n（有 I18nConfig/messages.properties 未用）("心动信号无效或已过期: signalId=")|错误文案硬编码中文，前端无国际化能力，多语言/文案调整需发版|改用 MessageSource.getMessage 从 messages*.properties 取文案|open|batch-4
R4-XXXXX|d:\6\恋爱小程序\apps\api\src\main\java\com\campuslove\api\discover\RecommendationController.java|186|H|P3|中文 throw 消息未走 i18n（有 I18nConfig/messages.properties 未用）("heightMin 不能大于 heightMax")|错误文案硬编码中文，前端无国际化能力，多语言/文案调整需发版|改用 MessageSource.getMessage 从 messages*.properties 取文案|open|batch-4
R4-XXXXX|d:\6\恋爱小程序\apps\api\src\main\java\com\campuslove\api\discover\RecommendationController.java|190|H|P3|中文 throw 消息未走 i18n（有 I18nConfig/messages.properties 未用）("ageMin 必须在 ")|错误文案硬编码中文，前端无国际化能力，多语言/文案调整需发版|改用 MessageSource.getMessage 从 messages*.properties 取文案|open|batch-4
R4-XXXXX|d:\6\恋爱小程序\apps\api\src\main\java\com\campuslove\api\discover\RecommendationController.java|193|H|P3|中文 throw 消息未走 i18n（有 I18nConfig/messages.properties 未用）("ageMax 必须在 ")|错误文案硬编码中文，前端无国际化能力，多语言/文案调整需发版|改用 MessageSource.getMessage 从 messages*.properties 取文案|open|batch-4
R4-XXXXX|d:\6\恋爱小程序\apps\api\src\main\java\com\campuslove\api\discover\RecommendationController.java|196|H|P3|中文 throw 消息未走 i18n（有 I18nConfig/messages.properties 未用）("ageMin 不能大于 ageMax")|错误文案硬编码中文，前端无国际化能力，多语言/文案调整需发版|改用 MessageSource.getMessage 从 messages*.properties 取文案|open|batch-4
R4-XXXXX|d:\6\恋爱小程序\apps\api\src\main\java\com\campuslove\api\config\PasswordEncoderConfig.java|82|H|P3|中文 throw 消息未走 i18n（有 I18nConfig/messages.properties 未用）("rawPassword 不能为 null")|错误文案硬编码中文，前端无国际化能力，多语言/文案调整需发版|改用 MessageSource.getMessage 从 messages*.properties 取文案|open|batch-4
R4-XXXXX|d:\6\恋爱小程序\apps\api\src\main\java\com\campuslove\api\discover\RealDailyQuestionService.java|100|H|P3|中文 throw 消息未走 i18n（有 I18nConfig/messages.properties 未用）("暂无每日一问记录，请稍后再试")|错误文案硬编码中文，前端无国际化能力，多语言/文案调整需发版|改用 MessageSource.getMessage 从 messages*.properties 取文案|open|batch-4
R4-XXXXX|d:\6\恋爱小程序\apps\api\src\main\java\com\campuslove\api\discover\RealDailyQuestionService.java|147|H|P3|中文 throw 消息未走 i18n（有 I18nConfig/messages.properties 未用）("您已经回答过该问题，不能重复回答")|错误文案硬编码中文，前端无国际化能力，多语言/文案调整需发版|改用 MessageSource.getMessage 从 messages*.properties 取文案|open|batch-4
R4-XXXXX|d:\6\恋爱小程序\apps\api\src\main\java\com\campuslove\api\discover\RealDailyQuestionService.java|191|H|P3|中文 throw 消息未走 i18n（有 I18nConfig/messages.properties 未用）("请先回答问题才能查看其他人的回答")|错误文案硬编码中文，前端无国际化能力，多语言/文案调整需发版|改用 MessageSource.getMessage 从 messages*.properties 取文案|open|batch-4
R4-XXXXX|d:\6\恋爱小程序\apps\api\src\main\java\com\campuslove\api\discover\RealDailyQuestionService.java|196|H|P3|中文 throw 消息未走 i18n（有 I18nConfig/messages.properties 未用）("问题不存在: ")|错误文案硬编码中文，前端无国际化能力，多语言/文案调整需发版|改用 MessageSource.getMessage 从 messages*.properties 取文案|open|batch-4
R4-XXXXX|d:\6\恋爱小程序\apps\api\src\main\java\com\campuslove\api\discover\RealCircleService.java|206|H|P3|中文 throw 消息未走 i18n（有 I18nConfig/messages.properties 未用）("userId 不能为空")|错误文案硬编码中文，前端无国际化能力，多语言/文案调整需发版|改用 MessageSource.getMessage 从 messages*.properties 取文案|open|batch-4
R4-XXXXX|d:\6\恋爱小程序\apps\api\src\main\java\com\campuslove\api\discover\RealCircleService.java|261|H|P3|中文 throw 消息未走 i18n（有 I18nConfig/messages.properties 未用）("userId 不能为空")|错误文案硬编码中文，前端无国际化能力，多语言/文案调整需发版|改用 MessageSource.getMessage 从 messages*.properties 取文案|open|batch-4
R4-XXXXX|d:\6\恋爱小程序\apps\api\src\main\java\com\campuslove\api\discover\RealCircleService.java|351|H|P3|中文 throw 消息未走 i18n（有 I18nConfig/messages.properties 未用）("authorId 不能为空")|错误文案硬编码中文，前端无国际化能力，多语言/文案调整需发版|改用 MessageSource.getMessage 从 messages*.properties 取文案|open|batch-4
R4-XXXXX|d:\6\恋爱小程序\apps\api\src\main\java\com\campuslove\api\discover\RealCircleService.java|354|H|P3|中文 throw 消息未走 i18n（有 I18nConfig/messages.properties 未用）("标题不能为空")|错误文案硬编码中文，前端无国际化能力，多语言/文案调整需发版|改用 MessageSource.getMessage 从 messages*.properties 取文案|open|batch-4
R4-XXXXX|d:\6\恋爱小程序\apps\api\src\main\java\com\campuslove\api\discover\RealCircleService.java|357|H|P3|中文 throw 消息未走 i18n（有 I18nConfig/messages.properties 未用）("内容不能为空")|错误文案硬编码中文，前端无国际化能力，多语言/文案调整需发版|改用 MessageSource.getMessage 从 messages*.properties 取文案|open|batch-4
R4-XXXXX|d:\6\恋爱小程序\apps\api\src\main\java\com\campuslove\api\discover\RealCircleService.java|427|H|P3|中文 throw 消息未走 i18n（有 I18nConfig/messages.properties 未用）("authorId 不能为空")|错误文案硬编码中文，前端无国际化能力，多语言/文案调整需发版|改用 MessageSource.getMessage 从 messages*.properties 取文案|open|batch-4
R4-XXXXX|d:\6\恋爱小程序\apps\api\src\main\java\com\campuslove\api\discover\RealCircleService.java|430|H|P3|中文 throw 消息未走 i18n（有 I18nConfig/messages.properties 未用）("回复内容不能为空")|错误文案硬编码中文，前端无国际化能力，多语言/文案调整需发版|改用 MessageSource.getMessage 从 messages*.properties 取文案|open|batch-4
R4-XXXXX|d:\6\恋爱小程序\apps\api\src\main\java\com\campuslove\api\discover\RealCircleService.java|438|H|P3|中文 throw 消息未走 i18n（有 I18nConfig/messages.properties 未用）("回复内容不能为空")|错误文案硬编码中文，前端无国际化能力，多语言/文案调整需发版|改用 MessageSource.getMessage 从 messages*.properties 取文案|open|batch-4
R4-XXXXX|d:\6\恋爱小程序\apps\api\src\main\java\com\campuslove\api\config\ContentFilterController.java|49|H|P3|中文 throw 消息未走 i18n（有 I18nConfig/messages.properties 未用）("content 长度不能超过 ")|错误文案硬编码中文，前端无国际化能力，多语言/文案调整需发版|改用 MessageSource.getMessage 从 messages*.properties 取文案|open|batch-4
R4-XXXXX|d:\6\恋爱小程序\apps\api\src\main\java\com\campuslove\api\discover\RealActivityService.java|128|H|P3|中文 throw 消息未走 i18n（有 I18nConfig/messages.properties 未用）("活动已结束，无法报名")|错误文案硬编码中文，前端无国际化能力，多语言/文案调整需发版|改用 MessageSource.getMessage 从 messages*.properties 取文案|open|batch-4
R4-XXXXX|d:\6\恋爱小程序\apps\api\src\main\java\com\campuslove\api\discover\MockRecommendationService.java|448|H|P3|中文 throw 消息未走 i18n（有 I18nConfig/messages.properties 未用）("userId 不能为空")|错误文案硬编码中文，前端无国际化能力，多语言/文案调整需发版|改用 MessageSource.getMessage 从 messages*.properties 取文案|open|batch-4
R4-XXXXX|d:\6\恋爱小程序\apps\api\src\main\java\com\campuslove\api\discover\MockRecommendationService.java|451|H|P3|中文 throw 消息未走 i18n（有 I18nConfig/messages.properties 未用）("偏好数据不能为空")|错误文案硬编码中文，前端无国际化能力，多语言/文案调整需发版|改用 MessageSource.getMessage 从 messages*.properties 取文案|open|batch-4
R4-XXXXX|d:\6\恋爱小程序\apps\api\src\main\java\com\campuslove\api\config\JwtAuthenticationFilter.java|144|H|P3|中文 throw 消息未走 i18n（有 I18nConfig/messages.properties 未用）("无效或已过期的 JWT token")|错误文案硬编码中文，前端无国际化能力，多语言/文案调整需发版|改用 MessageSource.getMessage 从 messages*.properties 取文案|open|batch-4
R4-XXXXX|d:\6\恋爱小程序\apps\api\src\main\java\com\campuslove\api\config\JwtAuthenticationFilter.java|151|H|P3|中文 throw 消息未走 i18n（有 I18nConfig/messages.properties 未用）("JWT token 中的用户ID格式无效: ")|错误文案硬编码中文，前端无国际化能力，多语言/文案调整需发版|改用 MessageSource.getMessage 从 messages*.properties 取文案|open|batch-4
R4-XXXXX|d:\6\恋爱小程序\apps\api\src\main\java\com\campuslove\api\config\JwtAuthenticationFilter.java|163|H|P3|中文 throw 消息未走 i18n（有 I18nConfig/messages.properties 未用）("用户不存在或已被删除: ")|错误文案硬编码中文，前端无国际化能力，多语言/文案调整需发版|改用 MessageSource.getMessage 从 messages*.properties 取文案|open|batch-4
R4-XXXXX|d:\6\恋爱小程序\apps\api\src\main\java\com\campuslove\api\config\JwtAuthenticationFilter.java|168|H|P3|中文 throw 消息未走 i18n（有 I18nConfig/messages.properties 未用）("用户已被禁用: ")|错误文案硬编码中文，前端无国际化能力，多语言/文案调整需发版|改用 MessageSource.getMessage 从 messages*.properties 取文案|open|batch-4
R4-XXXXX|d:\6\恋爱小程序\apps\api\src\main\java\com\campuslove\api\discover\MockDailyQuestionService.java|84|H|P3|中文 throw 消息未走 i18n（有 I18nConfig/messages.properties 未用）("请先回答问题才能查看其他人的回答")|错误文案硬编码中文，前端无国际化能力，多语言/文案调整需发版|改用 MessageSource.getMessage 从 messages*.properties 取文案|open|batch-4
R4-XXXXX|d:\6\恋爱小程序\apps\api\src\main\java\com\campuslove\api\config\AesEncryptor.java|113|H|P3|中文 throw 消息未走 i18n（有 I18nConfig/messages.properties 未用）("SHA-256 算法不可用")|错误文案硬编码中文，前端无国际化能力，多语言/文案调整需发版|改用 MessageSource.getMessage 从 messages*.properties 取文案|open|batch-4
R4-XXXXX|d:\6\恋爱小程序\apps\api\src\main\java\com\campuslove\api\config\AesEncryptor.java|141|H|P3|中文 throw 消息未走 i18n（有 I18nConfig/messages.properties 未用）("AES 加密失败")|错误文案硬编码中文，前端无国际化能力，多语言/文案调整需发版|改用 MessageSource.getMessage 从 messages*.properties 取文案|open|batch-4
R4-XXXXX|d:\6\恋爱小程序\apps\api\src\main\java\com\campuslove\api\feedback\RealFeedbackService.java|160|H|P3|中文 throw 消息未走 i18n（有 I18nConfig/messages.properties 未用）("提案已被转换，无需重复操作，ID: ")|错误文案硬编码中文，前端无国际化能力，多语言/文案调整需发版|改用 MessageSource.getMessage 从 messages*.properties 取文案|open|batch-4
R4-XXXXX|d:\6\恋爱小程序\apps\api\src\main\java\com\campuslove\api\feedback\RealFeedbackService.java|228|H|P3|中文 throw 消息未走 i18n（有 I18nConfig/messages.properties 未用）("文件不能为空")|错误文案硬编码中文，前端无国际化能力，多语言/文案调整需发版|改用 MessageSource.getMessage 从 messages*.properties 取文案|open|batch-4
R4-XXXXX|d:\6\恋爱小程序\apps\api\src\main\java\com\campuslove\api\feedback\RealFeedbackService.java|232|H|P3|中文 throw 消息未走 i18n（有 I18nConfig/messages.properties 未用）("图片大小不能超过 5MB")|错误文案硬编码中文，前端无国际化能力，多语言/文案调整需发版|改用 MessageSource.getMessage 从 messages*.properties 取文案|open|batch-4
R4-XXXXX|d:\6\恋爱小程序\apps\api\src\main\java\com\campuslove\api\feedback\RealFeedbackService.java|276|H|P3|中文 throw 消息未走 i18n（有 I18nConfig/messages.properties 未用）("无权访问该反馈记录")|错误文案硬编码中文，前端无国际化能力，多语言/文案调整需发版|改用 MessageSource.getMessage 从 messages*.properties 取文案|open|batch-4
R4-XXXXX|d:\6\恋爱小程序\apps\api\src\main\java\com\campuslove\api\feedback\RealFeedbackService.java|292|H|P3|中文 throw 消息未走 i18n（有 I18nConfig/messages.properties 未用）("回复内容不能为空")|错误文案硬编码中文，前端无国际化能力，多语言/文案调整需发版|改用 MessageSource.getMessage 从 messages*.properties 取文案|open|batch-4
R4-XXXXX|d:\6\恋爱小程序\apps\api\src\main\java\com\campuslove\api\feedback\MockFeedbackService.java|176|H|P3|中文 throw 消息未走 i18n（有 I18nConfig/messages.properties 未用）("回复内容不能为空")|错误文案硬编码中文，前端无国际化能力，多语言/文案调整需发版|改用 MessageSource.getMessage 从 messages*.properties 取文案|open|batch-4
R4-XXXXX|d:\6\恋爱小程序\apps\api\src\main\java\com\campuslove\api\feedback\MockFeedbackService.java|217|H|P3|中文 throw 消息未走 i18n（有 I18nConfig/messages.properties 未用）("文件不能为空")|错误文案硬编码中文，前端无国际化能力，多语言/文案调整需发版|改用 MessageSource.getMessage 从 messages*.properties 取文案|open|batch-4
R4-XXXXX|d:\6\恋爱小程序\apps\api\src\main\java\com\campuslove\api\feedback\MockFeedbackService.java|221|H|P3|中文 throw 消息未走 i18n（有 I18nConfig/messages.properties 未用）("图片大小不能超过 5MB")|错误文案硬编码中文，前端无国际化能力，多语言/文案调整需发版|改用 MessageSource.getMessage 从 messages*.properties 取文案|open|batch-4
R4-XXXXX|d:\6\恋爱小程序\apps\api\src\main\java\com\campuslove\api\feedback\MockFeedbackService.java|248|H|P3|中文 throw 消息未走 i18n（有 I18nConfig/messages.properties 未用）("反馈记录不存在，ID: ")|错误文案硬编码中文，前端无国际化能力，多语言/文案调整需发版|改用 MessageSource.getMessage 从 messages*.properties 取文案|open|batch-4
R4-XXXXX|d:\6\恋爱小程序\apps\api\src\main\java\com\campuslove\api\growth\MockCheckInService.java|147|H|P3|中文 throw 消息未走 i18n（有 I18nConfig/messages.properties 未用）("日期格式无效，必须为 yyyy-MM-dd")|错误文案硬编码中文，前端无国际化能力，多语言/文案调整需发版|改用 MessageSource.getMessage 从 messages*.properties 取文案|open|batch-4
R4-XXXXX|d:\6\恋爱小程序\apps\api\src\main\java\com\campuslove\api\growth\MockCheckInService.java|155|H|P3|中文 throw 消息未走 i18n（有 I18nConfig/messages.properties 未用）("补签日期必须早于今天")|错误文案硬编码中文，前端无国际化能力，多语言/文案调整需发版|改用 MessageSource.getMessage 从 messages*.properties 取文案|open|batch-4
R4-XXXXX|d:\6\恋爱小程序\apps\api\src\main\java\com\campuslove\api\common\IdempotentInterceptor.java|114|H|P3|中文 throw 消息未走 i18n（有 I18nConfig/messages.properties 未用）("缺少 Idempotency-Key 请求头")|错误文案硬编码中文，前端无国际化能力，多语言/文案调整需发版|改用 MessageSource.getMessage 从 messages*.properties 取文案|open|batch-4
R4-XXXXX|d:\6\恋爱小程序\apps\api\src\main\java\com\campuslove\api\growth\RealCheckInService.java|256|H|P3|中文 throw 消息未走 i18n（有 I18nConfig/messages.properties 未用）("签到失败，请稍后重试")|错误文案硬编码中文，前端无国际化能力，多语言/文案调整需发版|改用 MessageSource.getMessage 从 messages*.properties 取文案|open|batch-4
R4-XXXXX|d:\6\恋爱小程序\apps\api\src\main\java\com\campuslove\api\growth\RealCheckInService.java|393|H|P3|中文 throw 消息未走 i18n（有 I18nConfig/messages.properties 未用）("日期格式无效，必须为 yyyy-MM-dd")|错误文案硬编码中文，前端无国际化能力，多语言/文案调整需发版|改用 MessageSource.getMessage 从 messages*.properties 取文案|open|batch-4
R4-XXXXX|d:\6\恋爱小程序\apps\api\src\main\java\com\campuslove\api\growth\RealCheckInService.java|401|H|P3|中文 throw 消息未走 i18n（有 I18nConfig/messages.properties 未用）("补签日期必须早于今天")|错误文案硬编码中文，前端无国际化能力，多语言/文案调整需发版|改用 MessageSource.getMessage 从 messages*.properties 取文案|open|batch-4
R4-XXXXX|d:\6\恋爱小程序\apps\api\src\main\java\com\campuslove\api\growth\RealCheckInService.java|405|H|P3|中文 throw 消息未走 i18n（有 I18nConfig/messages.properties 未用）("仅可补签昨日及之前 ")|错误文案硬编码中文，前端无国际化能力，多语言/文案调整需发版|改用 MessageSource.getMessage 从 messages*.properties 取文案|open|batch-4
R4-XXXXX|d:\6\恋爱小程序\apps\api\src\main\java\com\campuslove\api\growth\RealCheckInService.java|411|H|P3|中文 throw 消息未走 i18n（有 I18nConfig/messages.properties 未用）("该日期已签到，无法重复补签")|错误文案硬编码中文，前端无国际化能力，多语言/文案调整需发版|改用 MessageSource.getMessage 从 messages*.properties 取文案|open|batch-4
R4-XXXXX|d:\6\恋爱小程序\apps\api\src\main\java\com\campuslove\api\growth\RealCheckInService.java|457|H|P3|中文 throw 消息未走 i18n（有 I18nConfig/messages.properties 未用）("该日期已签到，无法重复补签")|错误文案硬编码中文，前端无国际化能力，多语言/文案调整需发版|改用 MessageSource.getMessage 从 messages*.properties 取文案|open|batch-4
R4-XXXXX|d:\6\恋爱小程序\apps\api\src\main\java\com\campuslove\api\growth\RealPushSummaryService.java|304|H|P3|中文 throw 消息未走 i18n（有 I18nConfig/messages.properties 未用）("无权操作该摘要")|错误文案硬编码中文，前端无国际化能力，多语言/文案调整需发版|改用 MessageSource.getMessage 从 messages*.properties 取文案|open|batch-4
R4-XXXXX|d:\6\恋爱小程序\apps\api\src\main\java\com\campuslove\api\growth\RealPushSummaryService.java|311|H|P3|中文 throw 消息未走 i18n（有 I18nConfig/messages.properties 未用）("未认证，无法标记推送为已发送")|错误文案硬编码中文，前端无国际化能力，多语言/文案调整需发版|改用 MessageSource.getMessage 从 messages*.properties 取文案|open|batch-4
R4-XXXXX|d:\6\恋爱小程序\apps\api\src\main\java\com\campuslove\api\growth\RealDoNotDisturbService.java|105|H|P3|中文 throw 消息未走 i18n（有 I18nConfig/messages.properties 未用）("CUSTOM 模式下必须指定 customWeekdays")|错误文案硬编码中文，前端无国际化能力，多语言/文案调整需发版|改用 MessageSource.getMessage 从 messages*.properties 取文案|open|batch-4
R4-XXXXX|d:\6\恋爱小程序\apps\api\src\main\java\com\campuslove\api\growth\RealDoNotDisturbService.java|113|H|P3|中文 throw 消息未走 i18n（有 I18nConfig/messages.properties 未用）("customWeekdays 的值必须在 1-7 范围内: ")|错误文案硬编码中文，前端无国际化能力，多语言/文案调整需发版|改用 MessageSource.getMessage 从 messages*.properties 取文案|open|batch-4
R4-XXXXX|d:\6\恋爱小程序\apps\api\src\main\java\com\campuslove\api\growth\RealDoNotDisturbService.java|116|H|P3|中文 throw 消息未走 i18n（有 I18nConfig/messages.properties 未用）("customWeekdays 必须为数字 CSV: ")|错误文案硬编码中文，前端无国际化能力，多语言/文案调整需发版|改用 MessageSource.getMessage 从 messages*.properties 取文案|open|batch-4
R4-XXXXX|d:\6\恋爱小程序\apps\api\src\main\java\com\campuslove\api\growth\RealDoNotDisturbService.java|123|H|P3|中文 throw 消息未走 i18n（有 I18nConfig/messages.properties 未用）("开始时间与结束时间不能相同")|错误文案硬编码中文，前端无国际化能力，多语言/文案调整需发版|改用 MessageSource.getMessage 从 messages*.properties 取文案|open|batch-4
R4-XXXXX|d:\6\恋爱小程序\apps\api\src\main\java\com\campuslove\api\wallet\WalletServiceImpl.java|113|H|P3|中文 throw 消息未走 i18n（有 I18nConfig/messages.properties 未用）("不支持的扣费业务类型: ")|错误文案硬编码中文，前端无国际化能力，多语言/文案调整需发版|改用 MessageSource.getMessage 从 messages*.properties 取文案|open|batch-4
R4-XXXXX|d:\6\恋爱小程序\apps\api\src\main\java\com\campuslove\api\wallet\WalletServiceImpl.java|183|H|P3|中文 throw 消息未走 i18n（有 I18nConfig/messages.properties 未用）("钱包扣减失败且幂等查询无记录，已回滚")|错误文案硬编码中文，前端无国际化能力，多语言/文案调整需发版|改用 MessageSource.getMessage 从 messages*.properties 取文案|open|batch-4
R4-XXXXX|d:\6\恋爱小程序\apps\api\src\main\java\com\campuslove\api\wallet\WalletServiceImpl.java|186|H|P3|中文 throw 消息未走 i18n（有 I18nConfig/messages.properties 未用）("钱包扣减失败，请稍后重试")|错误文案硬编码中文，前端无国际化能力，多语言/文案调整需发版|改用 MessageSource.getMessage 从 messages*.properties 取文案|open|batch-4
R4-XXXXX|d:\6\恋爱小程序\apps\api\src\main\java\com\campuslove\api\wallet\WalletServiceImpl.java|250|H|P3|中文 throw 消息未走 i18n（有 I18nConfig/messages.properties 未用）("钱包充值失败且幂等查询无记录，已回滚")|错误文案硬编码中文，前端无国际化能力，多语言/文案调整需发版|改用 MessageSource.getMessage 从 messages*.properties 取文案|open|batch-4
R4-XXXXX|d:\6\恋爱小程序\apps\api\src\main\java\com\campuslove\api\wallet\WalletServiceImpl.java|253|H|P3|中文 throw 消息未走 i18n（有 I18nConfig/messages.properties 未用）("钱包充值失败，请稍后重试")|错误文案硬编码中文，前端无国际化能力，多语言/文案调整需发版|改用 MessageSource.getMessage 从 messages*.properties 取文案|open|batch-4
R4-XXXXX|d:\6\恋爱小程序\apps\api\src\main\java\com\campuslove\api\wallet\WalletServiceImpl.java|266|H|P3|中文 throw 消息未走 i18n（有 I18nConfig/messages.properties 未用）("用户 ID 不能为空")|错误文案硬编码中文，前端无国际化能力，多语言/文案调整需发版|改用 MessageSource.getMessage 从 messages*.properties 取文案|open|batch-4
R4-XXXXX|d:\6\恋爱小程序\apps\api\src\main\java\com\campuslove\api\wallet\WalletServiceImpl.java|282|H|P3|中文 throw 消息未走 i18n（有 I18nConfig/messages.properties 未用）("用户 ID 不能为空")|错误文案硬编码中文，前端无国际化能力，多语言/文案调整需发版|改用 MessageSource.getMessage 从 messages*.properties 取文案|open|batch-4
R4-XXXXX|d:\6\恋爱小程序\apps\api\src\main\java\com\campuslove\api\wallet\WalletServiceImpl.java|314|H|P3|中文 throw 消息未走 i18n（有 I18nConfig/messages.properties 未用）("用户 ID 不能为空")|错误文案硬编码中文，前端无国际化能力，多语言/文案调整需发版|改用 MessageSource.getMessage 从 messages*.properties 取文案|open|batch-4
R4-XXXXX|d:\6\恋爱小程序\apps\api\src\main\java\com\campuslove\api\wallet\WalletServiceImpl.java|317|H|P3|中文 throw 消息未走 i18n（有 I18nConfig/messages.properties 未用）("金额必须为正数")|错误文案硬编码中文，前端无国际化能力，多语言/文案调整需发版|改用 MessageSource.getMessage 从 messages*.properties 取文案|open|batch-4
R4-XXXXX|d:\6\恋爱小程序\apps\api\src\main\java\com\campuslove\api\wallet\WalletServiceImpl.java|320|H|P3|中文 throw 消息未走 i18n（有 I18nConfig/messages.properties 未用）("订单号不能为空")|错误文案硬编码中文，前端无国际化能力，多语言/文案调整需发版|改用 MessageSource.getMessage 从 messages*.properties 取文案|open|batch-4
R4-XXXXX|d:\6\恋爱小程序\apps\api\src\main\java\com\campuslove\api\wallet\WalletServiceImpl.java|323|H|P3|中文 throw 消息未走 i18n（有 I18nConfig/messages.properties 未用）("关联业务类型不能为空")|错误文案硬编码中文，前端无国际化能力，多语言/文案调整需发版|改用 MessageSource.getMessage 从 messages*.properties 取文案|open|batch-4
R4-XXXXX|d:\6\恋爱小程序\apps\api\src\main\java\com\campuslove\api\wallet\WalletController.java|175|H|P3|中文 throw 消息未走 i18n（有 I18nConfig/messages.properties 未用）("演示充值已关闭，请通过官方充值渠道完成支付")|错误文案硬编码中文，前端无国际化能力，多语言/文案调整需发版|改用 MessageSource.getMessage 从 messages*.properties 取文案|open|batch-4
R4-XXXXX|d:\6\恋爱小程序\apps\api\src\main\java\com\campuslove\api\wallet\RealWalletUnlockService.java|57|H|P3|中文 throw 消息未走 i18n（有 I18nConfig/messages.properties 未用）("用户 ID 不能为空")|错误文案硬编码中文，前端无国际化能力，多语言/文案调整需发版|改用 MessageSource.getMessage 从 messages*.properties 取文案|open|batch-4
R4-XXXXX|d:\6\恋爱小程序\apps\api\src\main\java\com\campuslove\api\wallet\RealWalletUnlockService.java|60|H|P3|中文 throw 消息未走 i18n（有 I18nConfig/messages.properties 未用）("解锁目标 ID 必须为正数")|错误文案硬编码中文，前端无国际化能力，多语言/文案调整需发版|改用 MessageSource.getMessage 从 messages*.properties 取文案|open|batch-4
R4-XXXXX|d:\6\恋爱小程序\apps\api\src\main\java\com\campuslove\api\wallet\RealWalletUnlockService.java|128|H|P3|中文 throw 消息未走 i18n（有 I18nConfig/messages.properties 未用）("不支持的解锁类型: ")|错误文案硬编码中文，前端无国际化能力，多语言/文案调整需发版|改用 MessageSource.getMessage 从 messages*.properties 取文案|open|batch-4
R4-XXXXX|d:\6\恋爱小程序\apps\api\src\main\java\com\campuslove\api\wallet\MockWalletUnlockService.java|46|H|P3|中文 throw 消息未走 i18n（有 I18nConfig/messages.properties 未用）("用户 ID 不能为空")|错误文案硬编码中文，前端无国际化能力，多语言/文案调整需发版|改用 MessageSource.getMessage 从 messages*.properties 取文案|open|batch-4
R4-XXXXX|d:\6\恋爱小程序\apps\api\src\main\java\com\campuslove\api\wallet\MockWalletUnlockService.java|49|H|P3|中文 throw 消息未走 i18n（有 I18nConfig/messages.properties 未用）("解锁目标 ID 必须为正数")|错误文案硬编码中文，前端无国际化能力，多语言/文案调整需发版|改用 MessageSource.getMessage 从 messages*.properties 取文案|open|batch-4
R4-XXXXX|d:\6\恋爱小程序\apps\api\src\main\java\com\campuslove\api\wallet\MockWalletUnlockService.java|95|H|P3|中文 throw 消息未走 i18n（有 I18nConfig/messages.properties 未用）("不支持的解锁类型: ")|错误文案硬编码中文，前端无国际化能力，多语言/文案调整需发版|改用 MessageSource.getMessage 从 messages*.properties 取文案|open|batch-4
R4-XXXXX|d:\6\恋爱小程序\apps\api\src\main\java\com\campuslove\api\wallet\MockWalletServiceImpl.java|131|H|P3|中文 throw 消息未走 i18n（有 I18nConfig/messages.properties 未用）("用户 ID 不能为空")|错误文案硬编码中文，前端无国际化能力，多语言/文案调整需发版|改用 MessageSource.getMessage 从 messages*.properties 取文案|open|batch-4
R4-XXXXX|d:\6\恋爱小程序\apps\api\src\main\java\com\campuslove\api\wallet\MockWalletServiceImpl.java|134|H|P3|中文 throw 消息未走 i18n（有 I18nConfig/messages.properties 未用）("金额必须为正数")|错误文案硬编码中文，前端无国际化能力，多语言/文案调整需发版|改用 MessageSource.getMessage 从 messages*.properties 取文案|open|batch-4
R4-XXXXX|d:\6\恋爱小程序\apps\api\src\main\java\com\campuslove\api\wallet\MockWalletServiceImpl.java|137|H|P3|中文 throw 消息未走 i18n（有 I18nConfig/messages.properties 未用）("订单号不能为空")|错误文案硬编码中文，前端无国际化能力，多语言/文案调整需发版|改用 MessageSource.getMessage 从 messages*.properties 取文案|open|batch-4
R4-XXXXX|d:\6\恋爱小程序\apps\api\src\main\java\com\campuslove\api\wallet\MockWalletServiceImpl.java|140|H|P3|中文 throw 消息未走 i18n（有 I18nConfig/messages.properties 未用）("关联业务类型不能为空")|错误文案硬编码中文，前端无国际化能力，多语言/文案调整需发版|改用 MessageSource.getMessage 从 messages*.properties 取文案|open|batch-4
R4-XXXXX|d:\6\恋爱小程序\apps\api\src\main\java\com\campuslove\api\growth\MockDoNotDisturbService.java|56|H|P3|中文 throw 消息未走 i18n（有 I18nConfig/messages.properties 未用）("CUSTOM 模式下必须指定 customWeekdays")|错误文案硬编码中文，前端无国际化能力，多语言/文案调整需发版|改用 MessageSource.getMessage 从 messages*.properties 取文案|open|batch-4
R4-XXXXX|d:\6\恋爱小程序\apps\api\src\main\java\com\campuslove\api\growth\MockDoNotDisturbService.java|62|H|P3|中文 throw 消息未走 i18n（有 I18nConfig/messages.properties 未用）("开始时间与结束时间不能相同")|错误文案硬编码中文，前端无国际化能力，多语言/文案调整需发版|改用 MessageSource.getMessage 从 messages*.properties 取文案|open|batch-4
R4-XXXXX|d:\6\恋爱小程序\apps\api\src\main\java\com\campuslove\api\admin\AdminPromoCodeController.java|148|H|P3|中文 throw 消息未走 i18n（有 I18nConfig/messages.properties 未用）("生成数量须为 1-")|错误文案硬编码中文，前端无国际化能力，多语言/文案调整需发版|改用 MessageSource.getMessage 从 messages*.properties 取文案|open|batch-4
R4-XXXXX|d:\6\恋爱小程序\apps\api\src\main\java\com\campuslove\api\admin\AdminPromoCodeController.java|152|H|P3|中文 throw 消息未走 i18n（有 I18nConfig/messages.properties 未用）("折扣值必须为正数")|错误文案硬编码中文，前端无国际化能力，多语言/文案调整需发版|改用 MessageSource.getMessage 从 messages*.properties 取文案|open|batch-4
R4-XXXXX|d:\6\恋爱小程序\apps\api\src\main\java\com\campuslove\api\admin\AdminPromoCodeController.java|155|H|P3|中文 throw 消息未走 i18n（有 I18nConfig/messages.properties 未用）("百分比折扣值不能超过 ")|错误文案硬编码中文，前端无国际化能力，多语言/文案调整需发版|改用 MessageSource.getMessage 从 messages*.properties 取文案|open|batch-4
R4-XXXXX|d:\6\恋爱小程序\apps\api\src\main\java\com\campuslove\api\admin\AdminPromoCodeController.java|158|H|P3|中文 throw 消息未走 i18n（有 I18nConfig/messages.properties 未用）("最大使用次数不能为负数")|错误文案硬编码中文，前端无国际化能力，多语言/文案调整需发版|改用 MessageSource.getMessage 从 messages*.properties 取文案|open|batch-4
R4-XXXXX|d:\6\恋爱小程序\apps\api\src\main\java\com\campuslove\api\admin\AdminPromoCodeController.java|161|H|P3|中文 throw 消息未走 i18n（有 I18nConfig/messages.properties 未用）("有效期起止时间不能为空")|错误文案硬编码中文，前端无国际化能力，多语言/文案调整需发版|改用 MessageSource.getMessage 从 messages*.properties 取文案|open|batch-4
R4-XXXXX|d:\6\恋爱小程序\apps\api\src\main\java\com\campuslove\api\admin\AdminPromoCodeController.java|164|H|P3|中文 throw 消息未走 i18n（有 I18nConfig/messages.properties 未用）("有效期结束时间必须晚于开始时间")|错误文案硬编码中文，前端无国际化能力，多语言/文案调整需发版|改用 MessageSource.getMessage 从 messages*.properties 取文案|open|batch-4
R4-XXXXX|d:\6\恋爱小程序\apps\api\src\main\java\com\campuslove\api\admin\AdminPromoCodeController.java|297|H|P3|中文 throw 消息未走 i18n（有 I18nConfig/messages.properties 未用）("兑换码生成失败，唯一性冲突，请重试")|错误文案硬编码中文，前端无国际化能力，多语言/文案调整需发版|改用 MessageSource.getMessage 从 messages*.properties 取文案|open|batch-4
R4-XXXXX|d:\6\恋爱小程序\apps\api\src\main\java\com\campuslove\api\admin\AdminPromoCodeController.java|335|H|P3|中文 throw 消息未走 i18n（有 I18nConfig/messages.properties 未用）("非法兑换码状态参数: ")|错误文案硬编码中文，前端无国际化能力，多语言/文案调整需发版|改用 MessageSource.getMessage 从 messages*.properties 取文案|open|batch-4
R4-XXXXX|d:\6\恋爱小程序\apps\api\src\main\java\com\campuslove\api\admin\AdminPromoCodeController.java|343|H|P3|中文 throw 消息未走 i18n（有 I18nConfig/messages.properties 未用）("折扣类型不能为空")|错误文案硬编码中文，前端无国际化能力，多语言/文案调整需发版|改用 MessageSource.getMessage 从 messages*.properties 取文案|open|batch-4
R4-XXXXX|d:\6\恋爱小程序\apps\api\src\main\java\com\campuslove\api\admin\AdminPromoCodeController.java|351|H|P3|中文 throw 消息未走 i18n（有 I18nConfig/messages.properties 未用）("非法折扣类型: ")|错误文案硬编码中文，前端无国际化能力，多语言/文案调整需发版|改用 MessageSource.getMessage 从 messages*.properties 取文案|open|batch-4
R4-XXXXX|d:\6\恋爱小程序\apps\api\src\main\java\com\campuslove\api\vip\PromoCodeService.java|57|H|P3|中文 throw 消息未走 i18n（有 I18nConfig/messages.properties 未用）("优惠码不能为空")|错误文案硬编码中文，前端无国际化能力，多语言/文案调整需发版|改用 MessageSource.getMessage 从 messages*.properties 取文案|open|batch-4
R4-XXXXX|d:\6\恋爱小程序\apps\api\src\main\java\com\campuslove\api\vip\PromoCodeService.java|60|H|P3|中文 throw 消息未走 i18n（有 I18nConfig/messages.properties 未用）("基础金额不能为负数")|错误文案硬编码中文，前端无国际化能力，多语言/文案调整需发版|改用 MessageSource.getMessage 从 messages*.properties 取文案|open|batch-4
R4-XXXXX|d:\6\恋爱小程序\apps\api\src\main\java\com\campuslove\api\vip\PromoCodeService.java|115|H|P3|中文 throw 消息未走 i18n（有 I18nConfig/messages.properties 未用）("优惠码不能为空")|错误文案硬编码中文，前端无国际化能力，多语言/文案调整需发版|改用 MessageSource.getMessage 从 messages*.properties 取文案|open|batch-4
R4-XXXXX|d:\6\恋爱小程序\apps\api\src\main\java\com\campuslove\api\vip\PromoCodeService.java|118|H|P3|中文 throw 消息未走 i18n（有 I18nConfig/messages.properties 未用）("用户 ID 不能为空")|错误文案硬编码中文，前端无国际化能力，多语言/文案调整需发版|改用 MessageSource.getMessage 从 messages*.properties 取文案|open|batch-4
R4-XXXXX|d:\6\恋爱小程序\apps\api\src\main\java\com\campuslove\api\vip\PromoCodeService.java|121|H|P3|中文 throw 消息未走 i18n（有 I18nConfig/messages.properties 未用）("基础金额不能为负数")|错误文案硬编码中文，前端无国际化能力，多语言/文案调整需发版|改用 MessageSource.getMessage 从 messages*.properties 取文案|open|batch-4
R4-XXXXX|d:\6\恋爱小程序\apps\api\src\main\java\com\campuslove\api\vip\PromoCodeService.java|143|H|P3|中文 throw 消息未走 i18n（有 I18nConfig/messages.properties 未用）("优惠码已用完")|错误文案硬编码中文，前端无国际化能力，多语言/文案调整需发版|改用 MessageSource.getMessage 从 messages*.properties 取文案|open|batch-4
R4-XXXXX|d:\6\恋爱小程序\apps\api\src\main\java\com\campuslove\api\vip\PromoCodeService.java|170|H|P3|中文 throw 消息未走 i18n（有 I18nConfig/messages.properties 未用）("优惠码兑换失败，请稍后重试")|错误文案硬编码中文，前端无国际化能力，多语言/文案调整需发版|改用 MessageSource.getMessage 从 messages*.properties 取文案|open|batch-4
R4-XXXXX|d:\6\恋爱小程序\apps\api\src\main\java\com\campuslove\api\vip\PromoCodeService.java|183|H|P3|中文 throw 消息未走 i18n（有 I18nConfig/messages.properties 未用）("用户 ID 不能为空")|错误文案硬编码中文，前端无国际化能力，多语言/文案调整需发版|改用 MessageSource.getMessage 从 messages*.properties 取文案|open|batch-4
R4-XXXXX|d:\6\恋爱小程序\apps\api\src\main\java\com\campuslove\api\vip\PromoCodeService.java|201|H|P3|中文 throw 消息未走 i18n（有 I18nConfig/messages.properties 未用）("优惠码已被禁用")|错误文案硬编码中文，前端无国际化能力，多语言/文案调整需发版|改用 MessageSource.getMessage 从 messages*.properties 取文案|open|batch-4
R4-XXXXX|d:\6\恋爱小程序\apps\api\src\main\java\com\campuslove\api\vip\PromoCodeService.java|206|H|P3|中文 throw 消息未走 i18n（有 I18nConfig/messages.properties 未用）("优惠码尚未生效")|错误文案硬编码中文，前端无国际化能力，多语言/文案调整需发版|改用 MessageSource.getMessage 从 messages*.properties 取文案|open|batch-4
R4-XXXXX|d:\6\恋爱小程序\apps\api\src\main\java\com\campuslove\api\vip\PromoCodeService.java|209|H|P3|中文 throw 消息未走 i18n（有 I18nConfig/messages.properties 未用）("优惠码已过期")|错误文案硬编码中文，前端无国际化能力，多语言/文案调整需发版|改用 MessageSource.getMessage 从 messages*.properties 取文案|open|batch-4
R4-XXXXX|d:\6\恋爱小程序\apps\api\src\main\java\com\campuslove\api\vip\PromoCodeService.java|215|H|P3|中文 throw 消息未走 i18n（有 I18nConfig/messages.properties 未用）("优惠码使用次数已达上限")|错误文案硬编码中文，前端无国际化能力，多语言/文案调整需发版|改用 MessageSource.getMessage 从 messages*.properties 取文案|open|batch-4
R4-XXXXX|d:\6\恋爱小程序\apps\api\src\main\java\com\campuslove\api\admin\AdminPostController.java|290|H|P3|中文 throw 消息未走 i18n（有 I18nConfig/messages.properties 未用）("非法审核状态参数: ")|错误文案硬编码中文，前端无国际化能力，多语言/文案调整需发版|改用 MessageSource.getMessage 从 messages*.properties 取文案|open|batch-4
R4-XXXXX|d:\6\恋爱小程序\apps\api\src\main\java\com\campuslove\api\admin\AdminPostController.java|305|H|P3|中文 throw 消息未走 i18n（有 I18nConfig/messages.properties 未用）("非法帖子状态参数: ")|错误文案硬编码中文，前端无国际化能力，多语言/文案调整需发版|改用 MessageSource.getMessage 从 messages*.properties 取文案|open|batch-4
R4-XXXXX|d:\6\恋爱小程序\apps\api\src\main\java\com\campuslove\api\admin\AdminPostController.java|320|H|P3|中文 throw 消息未走 i18n（有 I18nConfig/messages.properties 未用）("非法帖子分类参数: ")|错误文案硬编码中文，前端无国际化能力，多语言/文案调整需发版|改用 MessageSource.getMessage 从 messages*.properties 取文案|open|batch-4
R4-XXXXX|d:\6\恋爱小程序\apps\api\src\main\java\com\campuslove\api\match\RealIcebreakerService.java|93|H|P3|中文 throw 消息未走 i18n（有 I18nConfig/messages.properties 未用）("matchId 不能为空")|错误文案硬编码中文，前端无国际化能力，多语言/文案调整需发版|改用 MessageSource.getMessage 从 messages*.properties 取文案|open|batch-4
R4-XXXXX|d:\6\恋爱小程序\apps\api\src\main\java\com\campuslove\api\match\RealIcebreakerService.java|130|H|P3|中文 throw 消息未走 i18n（有 I18nConfig/messages.properties 未用）("userId 和 matchUserId 不能为空")|错误文案硬编码中文，前端无国际化能力，多语言/文案调整需发版|改用 MessageSource.getMessage 从 messages*.properties 取文案|open|batch-4
R4-XXXXX|d:\6\恋爱小程序\apps\api\src\main\java\com\campuslove\api\match\RealIcebreakerService.java|168|H|P3|中文 throw 消息未走 i18n（有 I18nConfig/messages.properties 未用）("userId 和 peerUserId 不能为空")|错误文案硬编码中文，前端无国际化能力，多语言/文案调整需发版|改用 MessageSource.getMessage 从 messages*.properties 取文案|open|batch-4
R4-XXXXX|d:\6\恋爱小程序\apps\api\src\main\java\com\campuslove\api\vip\BillingService.java|74|H|P3|中文 throw 消息未走 i18n（有 I18nConfig/messages.properties 未用）("用户 ID 不能为空")|错误文案硬编码中文，前端无国际化能力，多语言/文案调整需发版|改用 MessageSource.getMessage 从 messages*.properties 取文案|open|batch-4
R4-XXXXX|d:\6\恋爱小程序\apps\api\src\main\java\com\campuslove\api\vip\BillingService.java|77|H|P3|中文 throw 消息未走 i18n（有 I18nConfig/messages.properties 未用）("页码不能为负数")|错误文案硬编码中文，前端无国际化能力，多语言/文案调整需发版|改用 MessageSource.getMessage 从 messages*.properties 取文案|open|batch-4
R4-XXXXX|d:\6\恋爱小程序\apps\api\src\main\java\com\campuslove\api\vip\BillingService.java|80|H|P3|中文 throw 消息未走 i18n（有 I18nConfig/messages.properties 未用）("每页大小必须大于 0")|错误文案硬编码中文，前端无国际化能力，多语言/文案调整需发版|改用 MessageSource.getMessage 从 messages*.properties 取文案|open|batch-4
R4-XXXXX|d:\6\恋爱小程序\apps\api\src\main\java\com\campuslove\api\vip\BillingService.java|102|H|P3|中文 throw 消息未走 i18n（有 I18nConfig/messages.properties 未用）("账单查询失败，请稍后重试")|错误文案硬编码中文，前端无国际化能力，多语言/文案调整需发版|改用 MessageSource.getMessage 从 messages*.properties 取文案|open|batch-4
R4-XXXXX|d:\6\恋爱小程序\apps\api\src\main\java\com\campuslove\api\vip\BillingService.java|133|H|P3|中文 throw 消息未走 i18n（有 I18nConfig/messages.properties 未用）("用户 ID 不能为空")|错误文案硬编码中文，前端无国际化能力，多语言/文案调整需发版|改用 MessageSource.getMessage 从 messages*.properties 取文案|open|batch-4
R4-XXXXX|d:\6\恋爱小程序\apps\api\src\main\java\com\campuslove\api\vip\BillingService.java|136|H|P3|中文 throw 消息未走 i18n（有 I18nConfig/messages.properties 未用）("支付金额不能为负数")|错误文案硬编码中文，前端无国际化能力，多语言/文案调整需发版|改用 MessageSource.getMessage 从 messages*.properties 取文案|open|batch-4
R4-XXXXX|d:\6\恋爱小程序\apps\api\src\main\java\com\campuslove\api\vip\BillingService.java|176|H|P3|中文 throw 消息未走 i18n（有 I18nConfig/messages.properties 未用）("账单创建失败，请稍后重试")|错误文案硬编码中文，前端无国际化能力，多语言/文案调整需发版|改用 MessageSource.getMessage 从 messages*.properties 取文案|open|batch-4
R4-XXXXX|d:\6\恋爱小程序\apps\api\src\main\java\com\campuslove\api\vip\AutoRenewService.java|115|H|P3|中文 throw 消息未走 i18n（有 I18nConfig/messages.properties 未用）("用户 ID 不能为空")|错误文案硬编码中文，前端无国际化能力，多语言/文案调整需发版|改用 MessageSource.getMessage 从 messages*.properties 取文案|open|batch-4
R4-XXXXX|d:\6\恋爱小程序\apps\api\src\main\java\com\campuslove\api\vip\AutoRenewService.java|128|H|P3|中文 throw 消息未走 i18n（有 I18nConfig/messages.properties 未用）("查询自动续费状态失败，请稍后重试")|错误文案硬编码中文，前端无国际化能力，多语言/文案调整需发版|改用 MessageSource.getMessage 从 messages*.properties 取文案|open|batch-4
R4-XXXXX|d:\6\恋爱小程序\apps\api\src\main\java\com\campuslove\api\vip\AutoRenewService.java|143|H|P3|中文 throw 消息未走 i18n（有 I18nConfig/messages.properties 未用）("用户 ID 不能为空")|错误文案硬编码中文，前端无国际化能力，多语言/文案调整需发版|改用 MessageSource.getMessage 从 messages*.properties 取文案|open|batch-4
R4-XXXXX|d:\6\恋爱小程序\apps\api\src\main\java\com\campuslove\api\vip\AutoRenewService.java|146|H|P3|中文 throw 消息未走 i18n（有 I18nConfig/messages.properties 未用）("套餐 ID 不能为空")|错误文案硬编码中文，前端无国际化能力，多语言/文案调整需发版|改用 MessageSource.getMessage 从 messages*.properties 取文案|open|batch-4
R4-XXXXX|d:\6\恋爱小程序\apps\api\src\main\java\com\campuslove\api\vip\AutoRenewService.java|160|H|P3|中文 throw 消息未走 i18n（有 I18nConfig/messages.properties 未用）("开启自动续费失败，请稍后重试")|错误文案硬编码中文，前端无国际化能力，多语言/文案调整需发版|改用 MessageSource.getMessage 从 messages*.properties 取文案|open|batch-4
R4-XXXXX|d:\6\恋爱小程序\apps\api\src\main\java\com\campuslove\api\vip\AutoRenewService.java|174|H|P3|中文 throw 消息未走 i18n（有 I18nConfig/messages.properties 未用）("用户 ID 不能为空")|错误文案硬编码中文，前端无国际化能力，多语言/文案调整需发版|改用 MessageSource.getMessage 从 messages*.properties 取文案|open|batch-4
R4-XXXXX|d:\6\恋爱小程序\apps\api\src\main\java\com\campuslove\api\vip\AutoRenewService.java|188|H|P3|中文 throw 消息未走 i18n（有 I18nConfig/messages.properties 未用）("关闭自动续费失败，请稍后重试")|错误文案硬编码中文，前端无国际化能力，多语言/文案调整需发版|改用 MessageSource.getMessage 从 messages*.properties 取文案|open|batch-4
R4-XXXXX|d:\6\恋爱小程序\apps\api\src\main\java\com\campuslove\api\vip\AutoRenewService.java|202|H|P3|中文 throw 消息未走 i18n（有 I18nConfig/messages.properties 未用）("启用状态不能为空")|错误文案硬编码中文，前端无国际化能力，多语言/文案调整需发版|改用 MessageSource.getMessage 从 messages*.properties 取文案|open|batch-4
R4-XXXXX|d:\6\恋爱小程序\apps\api\src\main\java\com\campuslove\api\vip\AutoRenewService.java|241|H|P3|中文 throw 消息未走 i18n（有 I18nConfig/messages.properties 未用）("用户 ID 不能为空")|错误文案硬编码中文，前端无国际化能力，多语言/文案调整需发版|改用 MessageSource.getMessage 从 messages*.properties 取文案|open|batch-4
R4-XXXXX|d:\6\恋爱小程序\apps\api\src\main\java\com\campuslove\api\vip\AutoRenewService.java|321|H|P3|中文 throw 消息未走 i18n（有 I18nConfig/messages.properties 未用）("自动续费被中断，请稍后重试")|错误文案硬编码中文，前端无国际化能力，多语言/文案调整需发版|改用 MessageSource.getMessage 从 messages*.properties 取文案|open|batch-4
R4-XXXXX|d:\6\恋爱小程序\apps\api\src\main\java\com\campuslove\api\vip\AutoRenewService.java|326|H|P3|中文 throw 消息未走 i18n（有 I18nConfig/messages.properties 未用）("自动续费失败，请稍后重试")|错误文案硬编码中文，前端无国际化能力，多语言/文案调整需发版|改用 MessageSource.getMessage 从 messages*.properties 取文案|open|batch-4
R4-XXXXX|d:\6\恋爱小程序\apps\api\src\main\java\com\campuslove\api\media\MediaUploadController.java|133|H|P3|中文 throw 消息未走 i18n（有 I18nConfig/messages.properties 未用）("未认证")|错误文案硬编码中文，前端无国际化能力，多语言/文案调整需发版|改用 MessageSource.getMessage 从 messages*.properties 取文案|open|batch-4
R4-XXXXX|d:\6\恋爱小程序\apps\api\src\main\java\com\campuslove\api\media\MediaUploadController.java|146|H|P3|中文 throw 消息未走 i18n（有 I18nConfig/messages.properties 未用）("未认证")|错误文案硬编码中文，前端无国际化能力，多语言/文案调整需发版|改用 MessageSource.getMessage 从 messages*.properties 取文案|open|batch-4
R4-XXXXX|d:\6\恋爱小程序\apps\api\src\main\java\com\campuslove\api\media\MediaUploadController.java|149|H|P3|中文 throw 消息未走 i18n（有 I18nConfig/messages.properties 未用）("未认证")|错误文案硬编码中文，前端无国际化能力，多语言/文案调整需发版|改用 MessageSource.getMessage 从 messages*.properties 取文案|open|batch-4
R4-XXXXX|d:\6\恋爱小程序\apps\api\src\main\java\com\campuslove\api\media\MediaAccessController.java|264|H|P3|中文 throw 消息未走 i18n（有 I18nConfig/messages.properties 未用）("未认证，拒绝访问媒体文件")|错误文案硬编码中文，前端无国际化能力，多语言/文案调整需发版|改用 MessageSource.getMessage 从 messages*.properties 取文案|open|batch-4
R4-XXXXX|d:\6\恋爱小程序\apps\api\src\main\java\com\campuslove\api\media\MediaAccessService.java|98|H|P3|中文 throw 消息未走 i18n（有 I18nConfig/messages.properties 未用）("未认证，拒绝访问媒体文件")|错误文案硬编码中文，前端无国际化能力，多语言/文案调整需发版|改用 MessageSource.getMessage 从 messages*.properties 取文案|open|batch-4
R4-XXXXX|d:\6\恋爱小程序\apps\api\src\main\java\com\campuslove\api\media\MediaAccessService.java|106|H|P3|中文 throw 消息未走 i18n（有 I18nConfig/messages.properties 未用）("无权访问该用户的媒体文件")|错误文案硬编码中文，前端无国际化能力，多语言/文案调整需发版|改用 MessageSource.getMessage 从 messages*.properties 取文案|open|batch-4
R4-XXXXX|d:\6\恋爱小程序\apps\api\src\main\java\com\campuslove\api\report\ReportController.java|77|H|P3|中文 throw 消息未走 i18n（有 I18nConfig/messages.properties 未用）("举报")|错误文案硬编码中文，前端无国际化能力，多语言/文案调整需发版|改用 MessageSource.getMessage 从 messages*.properties 取文案|open|batch-4
R4-XXXXX|d:\6\恋爱小程序\apps\api\src\main\java\com\campuslove\api\media\LocalMediaStorageService.java|216|H|P3|中文 throw 消息未走 i18n（有 I18nConfig/messages.properties 未用）("userId 不能为空")|错误文案硬编码中文，前端无国际化能力，多语言/文案调整需发版|改用 MessageSource.getMessage 从 messages*.properties 取文案|open|batch-4
R4-XXXXX|d:\6\恋爱小程序\apps\api\src\main\java\com\campuslove\api\media\LocalMediaStorageService.java|219|H|P3|中文 throw 消息未走 i18n（有 I18nConfig/messages.properties 未用）("上传文件不能为空")|错误文案硬编码中文，前端无国际化能力，多语言/文案调整需发版|改用 MessageSource.getMessage 从 messages*.properties 取文案|open|batch-4
R4-XXXXX|d:\6\恋爱小程序\apps\api\src\main\java\com\campuslove\api\media\LocalMediaStorageService.java|261|H|P3|中文 throw 消息未走 i18n（有 I18nConfig/messages.properties 未用）("上传路径异常，已拒绝")|错误文案硬编码中文，前端无国际化能力，多语言/文案调整需发版|改用 MessageSource.getMessage 从 messages*.properties 取文案|open|batch-4
R4-XXXXX|d:\6\恋爱小程序\apps\api\src\main\java\com\campuslove\api\media\LocalMediaStorageService.java|270|H|P3|中文 throw 消息未走 i18n（有 I18nConfig/messages.properties 未用）("创建存储目录失败: ")|错误文案硬编码中文，前端无国际化能力，多语言/文案调整需发版|改用 MessageSource.getMessage 从 messages*.properties 取文案|open|batch-4
R4-XXXXX|d:\6\恋爱小程序\apps\api\src\main\java\com\campuslove\api\media\LocalMediaStorageService.java|278|H|P3|中文 throw 消息未走 i18n（有 I18nConfig/messages.properties 未用）("写入上传文件失败: ")|错误文案硬编码中文，前端无国际化能力，多语言/文案调整需发版|改用 MessageSource.getMessage 从 messages*.properties 取文案|open|batch-4
R4-XXXXX|d:\6\恋爱小程序\apps\api\src\main\java\com\campuslove\api\media\LocalMediaStorageService.java|378|H|P3|中文 throw 消息未走 i18n（有 I18nConfig/messages.properties 未用）("删除媒体文件失败: ")|错误文案硬编码中文，前端无国际化能力，多语言/文案调整需发版|改用 MessageSource.getMessage 从 messages*.properties 取文案|open|batch-4
R4-XXXXX|d:\6\恋爱小程序\apps\api\src\main\java\com\campuslove\api\media\LocalMediaStorageService.java|392|H|P3|中文 throw 消息未走 i18n（有 I18nConfig/messages.properties 未用）("媒体类型 type 不能为空")|错误文案硬编码中文，前端无国际化能力，多语言/文案调整需发版|改用 MessageSource.getMessage 从 messages*.properties 取文案|open|batch-4
R4-XXXXX|d:\6\恋爱小程序\apps\api\src\main\java\com\campuslove\api\media\LocalMediaStorageService.java|404|H|P3|中文 throw 消息未走 i18n（有 I18nConfig/messages.properties 未用）("不支持的媒体类型: ")|错误文案硬编码中文，前端无国际化能力，多语言/文案调整需发版|改用 MessageSource.getMessage 从 messages*.properties 取文案|open|batch-4
R4-XXXXX|d:\6\恋爱小程序\apps\api\src\main\java\com\campuslove\api\media\LocalMediaStorageService.java|416|H|P3|中文 throw 消息未走 i18n（有 I18nConfig/messages.properties 未用）("文件名无效")|错误文案硬编码中文，前端无国际化能力，多语言/文案调整需发版|改用 MessageSource.getMessage 从 messages*.properties 取文案|open|batch-4
R4-XXXXX|d:\6\恋爱小程序\apps\api\src\main\java\com\campuslove\api\media\LocalMediaStorageService.java|420|H|P3|中文 throw 消息未走 i18n（有 I18nConfig/messages.properties 未用）("文件缺少扩展名: ")|错误文案硬编码中文，前端无国际化能力，多语言/文案调整需发版|改用 MessageSource.getMessage 从 messages*.properties 取文案|open|batch-4
R4-XXXXX|d:\6\恋爱小程序\apps\api\src\main\java\com\campuslove\api\media\LocalMediaStorageService.java|548|H|P3|中文 throw 消息未走 i18n（有 I18nConfig/messages.properties 未用）("读取文件内容失败: ")|错误文案硬编码中文，前端无国际化能力，多语言/文案调整需发版|改用 MessageSource.getMessage 从 messages*.properties 取文案|open|batch-4
R4-XXXXX|d:\6\恋爱小程序\apps\api\src\main\java\com\campuslove\api\media\LocalMediaStorageService.java|552|H|P3|中文 throw 消息未走 i18n（有 I18nConfig/messages.properties 未用）("文件内容为空，无法校验 magic bytes")|错误文案硬编码中文，前端无国际化能力，多语言/文案调整需发版|改用 MessageSource.getMessage 从 messages*.properties 取文案|open|batch-4
R4-XXXXX|d:\6\恋爱小程序\apps\api\src\main\java\com\campuslove\api\village\VillageQueryService.java|174|H|P3|中文 throw 消息未走 i18n（有 I18nConfig/messages.properties 未用）("不支持的帖子分类: ")|错误文案硬编码中文，前端无国际化能力，多语言/文案调整需发版|改用 MessageSource.getMessage 从 messages*.properties 取文案|open|batch-4
R4-XXXXX|d:\6\恋爱小程序\apps\api\src\main\java\com\campuslove\api\village\VillageQueryService.java|475|H|P3|中文 throw 消息未走 i18n（有 I18nConfig/messages.properties 未用）("userId 不能为空")|错误文案硬编码中文，前端无国际化能力，多语言/文案调整需发版|改用 MessageSource.getMessage 从 messages*.properties 取文案|open|batch-4
R4-XXXXX|d:\6\恋爱小程序\apps\api\src\main\java\com\campuslove\api\village\VillagePostService.java|96|H|P3|中文 throw 消息未走 i18n（有 I18nConfig/messages.properties 未用）("帖子标题必填，长度需为 5-30 字")|错误文案硬编码中文，前端无国际化能力，多语言/文案调整需发版|改用 MessageSource.getMessage 从 messages*.properties 取文案|open|batch-4
R4-XXXXX|d:\6\恋爱小程序\apps\api\src\main\java\com\campuslove\api\village\VillagePostService.java|118|H|P3|中文 throw 消息未走 i18n（有 I18nConfig/messages.properties 未用）("不支持的帖子分类: ")|错误文案硬编码中文，前端无国际化能力，多语言/文案调整需发版|改用 MessageSource.getMessage 从 messages*.properties 取文案|open|batch-4
R4-XXXXX|d:\6\恋爱小程序\apps\api\src\main\java\com\campuslove\api\village\VillageInteractionService.java|375|H|P3|中文 throw 消息未走 i18n（有 I18nConfig/messages.properties 未用）("父评论不属于该帖子，无法回复")|错误文案硬编码中文，前端无国际化能力，多语言/文案调整需发版|改用 MessageSource.getMessage 从 messages*.properties 取文案|open|batch-4
R4-XXXXX|d:\6\恋爱小程序\apps\api\src\main\java\com\campuslove\api\mock\MockCampusCertificationService.java|73|H|P3|中文 throw 消息未走 i18n（有 I18nConfig/messages.properties 未用）("您的校园认证正在审核中，请耐心等待")|错误文案硬编码中文，前端无国际化能力，多语言/文案调整需发版|改用 MessageSource.getMessage 从 messages*.properties 取文案|open|batch-4
R4-XXXXX|d:\6\恋爱小程序\apps\api\src\main\java\com\campuslove\api\mock\MockCampusCertificationService.java|76|H|P3|中文 throw 消息未走 i18n（有 I18nConfig/messages.properties 未用）("您已完成校园认证，无需重复提交")|错误文案硬编码中文，前端无国际化能力，多语言/文案调整需发版|改用 MessageSource.getMessage 从 messages*.properties 取文案|open|batch-4
R4-XXXXX|d:\6\恋爱小程序\apps\api\src\main\java\com\campuslove\api\mock\MockCampusCertificationService.java|123|H|P3|中文 throw 消息未走 i18n（有 I18nConfig/messages.properties 未用）("审核结果无效，仅支持 APPROVED 或 REJECTED")|错误文案硬编码中文，前端无国际化能力，多语言/文案调整需发版|改用 MessageSource.getMessage 从 messages*.properties 取文案|open|batch-4
R4-XXXXX|d:\6\恋爱小程序\apps\api\src\main\java\com\campuslove\api\mock\MockCampusCertificationService.java|145|H|P3|中文 throw 消息未走 i18n（有 I18nConfig/messages.properties 未用）("认证记录不存在: ")|错误文案硬编码中文，前端无国际化能力，多语言/文案调整需发版|改用 MessageSource.getMessage 从 messages*.properties 取文案|open|batch-4
R4-XXXXX|d:\6\恋爱小程序\apps\api\src\main\java\com\campuslove\api\profile\ProfileVisitorController.java|189|H|P3|中文 throw 消息未走 i18n（有 I18nConfig/messages.properties 未用）("目标用户 ID 不能为空")|错误文案硬编码中文，前端无国际化能力，多语言/文案调整需发版|改用 MessageSource.getMessage 从 messages*.properties 取文案|open|batch-4
R4-XXXXX|d:\6\恋爱小程序\apps\api\src\main\java\com\campuslove\api\profile\ProfileVisitorController.java|201|H|P3|中文 throw 消息未走 i18n（有 I18nConfig/messages.properties 未用）("目标用户不存在")|错误文案硬编码中文，前端无国际化能力，多语言/文案调整需发版|改用 MessageSource.getMessage 从 messages*.properties 取文案|open|batch-4
R4-XXXXX|d:\6\恋爱小程序\apps\api\src\main\java\com\campuslove\api\village\PostReportController.java|87|H|P3|中文 throw 消息未走 i18n（有 I18nConfig/messages.properties 未用）("帖子 ID 非法")|错误文案硬编码中文，前端无国际化能力，多语言/文案调整需发版|改用 MessageSource.getMessage 从 messages*.properties 取文案|open|batch-4
R4-XXXXX|d:\6\恋爱小程序\apps\api\src\main\java\com\campuslove\api\village\PostReportController.java|90|H|P3|中文 throw 消息未走 i18n（有 I18nConfig/messages.properties 未用）("帖子不存在或已删除")|错误文案硬编码中文，前端无国际化能力，多语言/文案调整需发版|改用 MessageSource.getMessage 从 messages*.properties 取文案|open|batch-4
R4-XXXXX|d:\6\恋爱小程序\apps\api\src\main\java\com\campuslove\api\village\PostReportController.java|118|H|P3|中文 throw 消息未走 i18n（有 I18nConfig/messages.properties 未用）("举报提交失败，请稍后重试")|错误文案硬编码中文，前端无国际化能力，多语言/文案调整需发版|改用 MessageSource.getMessage 从 messages*.properties 取文案|open|batch-4
R4-XXXXX|d:\6\恋爱小程序\apps\api\src\main\java\com\campuslove\api\profile\MockProfileService.java|125|H|P3|中文 throw 消息未走 i18n（有 I18nConfig/messages.properties 未用）("指定索引无照片可删除: ")|错误文案硬编码中文，前端无国际化能力，多语言/文案调整需发版|改用 MessageSource.getMessage 从 messages*.properties 取文案|open|batch-4
R4-XXXXX|d:\6\恋爱小程序\apps\api\src\main\java\com\campuslove\api\profile\MockProfileService.java|268|H|P3|中文 throw 消息未走 i18n（有 I18nConfig/messages.properties 未用）("上传文件不能为空")|错误文案硬编码中文，前端无国际化能力，多语言/文案调整需发版|改用 MessageSource.getMessage 从 messages*.properties 取文案|open|batch-4
R4-XXXXX|d:\6\恋爱小程序\apps\api\src\main\java\com\campuslove\api\profile\FollowService.java|61|H|P3|中文 throw 消息未走 i18n（有 I18nConfig/messages.properties 未用）("userId 和 targetUserId 不能为空")|错误文案硬编码中文，前端无国际化能力，多语言/文案调整需发版|改用 MessageSource.getMessage 从 messages*.properties 取文案|open|batch-4
R4-XXXXX|d:\6\恋爱小程序\apps\api\src\main\java\com\campuslove\api\profile\FollowService.java|64|H|P3|中文 throw 消息未走 i18n（有 I18nConfig/messages.properties 未用）("不能关注自己")|错误文案硬编码中文，前端无国际化能力，多语言/文案调整需发版|改用 MessageSource.getMessage 从 messages*.properties 取文案|open|batch-4
R4-XXXXX|d:\6\恋爱小程序\apps\api\src\main\java\com\campuslove\api\profile\FollowService.java|73|H|P3|中文 throw 消息未走 i18n（有 I18nConfig/messages.properties 未用）("已经关注了该用户")|错误文案硬编码中文，前端无国际化能力，多语言/文案调整需发版|改用 MessageSource.getMessage 从 messages*.properties 取文案|open|batch-4
R4-XXXXX|d:\6\恋爱小程序\apps\api\src\main\java\com\campuslove\api\profile\FollowService.java|115|H|P3|中文 throw 消息未走 i18n（有 I18nConfig/messages.properties 未用）("userId 和 targetUserId 不能为空")|错误文案硬编码中文，前端无国际化能力，多语言/文案调整需发版|改用 MessageSource.getMessage 从 messages*.properties 取文案|open|batch-4
R4-XXXXX|d:\6\恋爱小程序\apps\api\src\main\java\com\campuslove\api\profile\FollowService.java|118|H|P3|中文 throw 消息未走 i18n（有 I18nConfig/messages.properties 未用）("不能取消关注自己")|错误文案硬编码中文，前端无国际化能力，多语言/文案调整需发版|改用 MessageSource.getMessage 从 messages*.properties 取文案|open|batch-4
R4-XXXXX|d:\6\恋爱小程序\apps\api\src\main\java\com\campuslove\api\profile\FollowService.java|122|H|P3|中文 throw 消息未走 i18n（有 I18nConfig/messages.properties 未用）("未关注该用户，无法取关")|错误文案硬编码中文，前端无国际化能力，多语言/文案调整需发版|改用 MessageSource.getMessage 从 messages*.properties 取文案|open|batch-4
R4-XXXXX|d:\6\恋爱小程序\apps\api\src\main\java\com\campuslove\api\profile\ProfileQueryService.java|204|H|P3|中文 throw 消息未走 i18n（有 I18nConfig/messages.properties 未用）("userId 不能为空")|错误文案硬编码中文，前端无国际化能力，多语言/文案调整需发版|改用 MessageSource.getMessage 从 messages*.properties 取文案|open|batch-4
R4-XXXXX|d:\6\恋爱小程序\apps\api\src\main\java\com\campuslove\api\profile\ProfileQueryService.java|229|H|P3|中文 throw 消息未走 i18n（有 I18nConfig/messages.properties 未用）("userId 不能为空")|错误文案硬编码中文，前端无国际化能力，多语言/文案调整需发版|改用 MessageSource.getMessage 从 messages*.properties 取文案|open|batch-4
R4-XXXXX|d:\6\恋爱小程序\apps\api\src\main\java\com\campuslove\api\utils\SensitiveDataMasker.java|51|H|P3|中文 throw 消息未走 i18n（有 I18nConfig/messages.properties 未用）("SensitiveDataMasker 是工具类，禁止实例化")|错误文案硬编码中文，前端无国际化能力，多语言/文案调整需发版|改用 MessageSource.getMessage 从 messages*.properties 取文案|open|batch-4
R4-XXXXX|d:\6\恋爱小程序\apps\api\src\main\java\com\campuslove\api\admin\AdminWalletController.java|95|H|P3|中文 throw 消息未走 i18n（有 I18nConfig/messages.properties 未用）("余额下限不能大于上限")|错误文案硬编码中文，前端无国际化能力，多语言/文案调整需发版|改用 MessageSource.getMessage 从 messages*.properties 取文案|open|batch-4
R4-XXXXX|d:\6\恋爱小程序\apps\api\src\main\java\com\campuslove\api\admin\AdminWalletController.java|190|H|P3|中文 throw 消息未走 i18n（有 I18nConfig/messages.properties 未用）("调整金额不能为空且不能为 0（正数充值、负数扣减）")|错误文案硬编码中文，前端无国际化能力，多语言/文案调整需发版|改用 MessageSource.getMessage 从 messages*.properties 取文案|open|batch-4
R4-XXXXX|d:\6\恋爱小程序\apps\api\src\main\java\com\campuslove\api\admin\AdminWalletController.java|195|H|P3|中文 throw 消息未走 i18n（有 I18nConfig/messages.properties 未用）("用户不存在: userId=")|错误文案硬编码中文，前端无国际化能力，多语言/文案调整需发版|改用 MessageSource.getMessage 从 messages*.properties 取文案|open|batch-4
R4-XXXXX|d:\6\恋爱小程序\apps\api\src\main\java\com\campuslove\api\admin\AdminWalletController.java|265|H|P3|中文 throw 消息未走 i18n（有 I18nConfig/messages.properties 未用）("非法交易类型参数: ")|错误文案硬编码中文，前端无国际化能力，多语言/文案调整需发版|改用 MessageSource.getMessage 从 messages*.properties 取文案|open|batch-4
R4-XXXXX|d:\6\恋爱小程序\apps\api\src\main\java\com\campuslove\api\admin\AdminUserController.java|108|H|P3|中文 throw 消息未走 i18n（有 I18nConfig/messages.properties 未用）("手机号格式不正确")|错误文案硬编码中文，前端无国际化能力，多语言/文案调整需发版|改用 MessageSource.getMessage 从 messages*.properties 取文案|open|batch-4
R4-XXXXX|d:\6\恋爱小程序\apps\api\src\main\java\com\campuslove\api\admin\AdminUserController.java|111|H|P3|中文 throw 消息未走 i18n（有 I18nConfig/messages.properties 未用）("密码长度须为 6-64 位")|错误文案硬编码中文，前端无国际化能力，多语言/文案调整需发版|改用 MessageSource.getMessage 从 messages*.properties 取文案|open|batch-4
R4-XXXXX|d:\6\恋爱小程序\apps\api\src\main\java\com\campuslove\api\admin\AdminUserController.java|114|H|P3|中文 throw 消息未走 i18n（有 I18nConfig/messages.properties 未用）("昵称长度须为 1-20 字")|错误文案硬编码中文，前端无国际化能力，多语言/文案调整需发版|改用 MessageSource.getMessage 从 messages*.properties 取文案|open|batch-4
R4-XXXXX|d:\6\恋爱小程序\apps\api\src\main\java\com\campuslove\api\admin\AdminUserController.java|120|H|P3|中文 throw 消息未走 i18n（有 I18nConfig/messages.properties 未用）("该手机号已注册")|错误文案硬编码中文，前端无国际化能力，多语言/文案调整需发版|改用 MessageSource.getMessage 从 messages*.properties 取文案|open|batch-4
R4-XXXXX|d:\6\恋爱小程序\apps\api\src\main\java\com\campuslove\api\admin\AdminUserController.java|171|H|P3|中文 throw 消息未走 i18n（有 I18nConfig/messages.properties 未用）("手机号格式不正确")|错误文案硬编码中文，前端无国际化能力，多语言/文案调整需发版|改用 MessageSource.getMessage 从 messages*.properties 取文案|open|batch-4
R4-XXXXX|d:\6\恋爱小程序\apps\api\src\main\java\com\campuslove\api\admin\AdminUserController.java|174|H|P3|中文 throw 消息未走 i18n（有 I18nConfig/messages.properties 未用）("密码长度须为 6-64 位")|错误文案硬编码中文，前端无国际化能力，多语言/文案调整需发版|改用 MessageSource.getMessage 从 messages*.properties 取文案|open|batch-4
R4-XXXXX|d:\6\恋爱小程序\apps\api\src\main\java\com\campuslove\api\admin\AdminUserController.java|177|H|P3|中文 throw 消息未走 i18n（有 I18nConfig/messages.properties 未用）("昵称长度须为 1-20 字")|错误文案硬编码中文，前端无国际化能力，多语言/文案调整需发版|改用 MessageSource.getMessage 从 messages*.properties 取文案|open|batch-4
R4-XXXXX|d:\6\恋爱小程序\apps\api\src\main\java\com\campuslove\api\admin\AdminUserController.java|183|H|P3|中文 throw 消息未走 i18n（有 I18nConfig/messages.properties 未用）("该手机号已注册")|错误文案硬编码中文，前端无国际化能力，多语言/文案调整需发版|改用 MessageSource.getMessage 从 messages*.properties 取文案|open|batch-4
R4-XXXXX|d:\6\恋爱小程序\apps\api\src\main\java\com\campuslove\api\admin\AdminUserController.java|188|H|P3|中文 throw 消息未走 i18n（有 I18nConfig/messages.properties 未用）("校区管理员（ADMIN）必须指定 campusName")|错误文案硬编码中文，前端无国际化能力，多语言/文案调整需发版|改用 MessageSource.getMessage 从 messages*.properties 取文案|open|batch-4
R4-XXXXX|d:\6\恋爱小程序\apps\api\src\main\java\com\campuslove\api\admin\AdminUserController.java|191|H|P3|中文 throw 消息未走 i18n（有 I18nConfig/messages.properties 未用）("全局管理员（SUPER_ADMIN）不能指定 campusName")|错误文案硬编码中文，前端无国际化能力，多语言/文案调整需发版|改用 MessageSource.getMessage 从 messages*.properties 取文案|open|batch-4
R4-XXXXX|d:\6\恋爱小程序\apps\api\src\main\java\com\campuslove\api\admin\RealAdminConfigService.java|108|H|P3|中文 throw 消息未走 i18n（有 I18nConfig/messages.properties 未用）("配置键不能为空")|错误文案硬编码中文，前端无国际化能力，多语言/文案调整需发版|改用 MessageSource.getMessage 从 messages*.properties 取文案|open|batch-4
R4-XXXXX|d:\6\恋爱小程序\apps\api\src\main\java\com\campuslove\api\admin\RealAdminConfigService.java|111|H|P3|中文 throw 消息未走 i18n（有 I18nConfig/messages.properties 未用）("配置值不能为空")|错误文案硬编码中文，前端无国际化能力，多语言/文案调整需发版|改用 MessageSource.getMessage 从 messages*.properties 取文案|open|batch-4
R4-XXXXX|d:\6\恋爱小程序\apps\api\src\main\java\com\campuslove\api\admin\RealAdminConfigService.java|115|H|P3|中文 throw 消息未走 i18n（有 I18nConfig/messages.properties 未用）("配置值长度不能超过 ")|错误文案硬编码中文，前端无国际化能力，多语言/文案调整需发版|改用 MessageSource.getMessage 从 messages*.properties 取文案|open|batch-4
R4-XXXXX|d:\6\恋爱小程序\apps\api\src\main\java\com\campuslove\api\admin\RealAdminConfigService.java|167|H|P3|中文 throw 消息未走 i18n（有 I18nConfig/messages.properties 未用）("规则 ID 不能为空")|错误文案硬编码中文，前端无国际化能力，多语言/文案调整需发版|改用 MessageSource.getMessage 从 messages*.properties 取文案|open|batch-4
R4-XXXXX|d:\6\恋爱小程序\apps\api\src\main\java\com\campuslove\api\admin\RealAdminConfigService.java|201|H|P3|中文 throw 消息未走 i18n（有 I18nConfig/messages.properties 未用）("开关键不能为空")|错误文案硬编码中文，前端无国际化能力，多语言/文案调整需发版|改用 MessageSource.getMessage 从 messages*.properties 取文案|open|batch-4
R4-XXXXX|d:\6\恋爱小程序\apps\api\src\main\java\com\campuslove\api\admin\RealAdminConfigService.java|204|H|P3|中文 throw 消息未走 i18n（有 I18nConfig/messages.properties 未用）("开关状态不能为空")|错误文案硬编码中文，前端无国际化能力，多语言/文案调整需发版|改用 MessageSource.getMessage 从 messages*.properties 取文案|open|batch-4
R4-XXXXX|d:\6\恋爱小程序\apps\api\src\main\java\com\campuslove\api\admin\AdminVillagePostController.java|592|H|P3|中文 throw 消息未走 i18n（有 I18nConfig/messages.properties 未用）("非法审核状态参数: ")|错误文案硬编码中文，前端无国际化能力，多语言/文案调整需发版|改用 MessageSource.getMessage 从 messages*.properties 取文案|open|batch-4
R4-XXXXX|d:\6\恋爱小程序\apps\api\src\main\java\com\campuslove\api\admin\AdminVillagePostController.java|606|H|P3|中文 throw 消息未走 i18n（有 I18nConfig/messages.properties 未用）("非法帖子状态参数: ")|错误文案硬编码中文，前端无国际化能力，多语言/文案调整需发版|改用 MessageSource.getMessage 从 messages*.properties 取文案|open|batch-4
R4-XXXXX|d:\6\恋爱小程序\apps\api\src\main\java\com\campuslove\api\admin\OnlineUserAdminController.java|131|H|P3|中文 throw 消息未走 i18n（有 I18nConfig/messages.properties 未用）("该用户当前不在线")|错误文案硬编码中文，前端无国际化能力，多语言/文案调整需发版|改用 MessageSource.getMessage 从 messages*.properties 取文案|open|batch-4
R4-XXXXX|d:\6\恋爱小程序\apps\api\src\main\java\com\campuslove\api\profile\ProfileUpdateService.java|271|H|P3|中文 throw 消息未走 i18n（有 I18nConfig/messages.properties 未用）("指定索引无照片可删除: ")|错误文案硬编码中文，前端无国际化能力，多语言/文案调整需发版|改用 MessageSource.getMessage 从 messages*.properties 取文案|open|batch-4
R4-XXXXX|d:\6\恋爱小程序\apps\api\src\main\java\com\campuslove\api\user\RealOnlineStatusService.java|50|H|P3|中文 throw 消息未走 i18n（有 I18nConfig/messages.properties 未用）("userId 不能为空")|错误文案硬编码中文，前端无国际化能力，多语言/文案调整需发版|改用 MessageSource.getMessage 从 messages*.properties 取文案|open|batch-4
R4-XXXXX|d:\6\恋爱小程序\apps\api\src\main\java\com\campuslove\api\user\RealOnlineStatusService.java|90|H|P3|中文 throw 消息未走 i18n（有 I18nConfig/messages.properties 未用）("userId 不能为空")|错误文案硬编码中文，前端无国际化能力，多语言/文案调整需发版|改用 MessageSource.getMessage 从 messages*.properties 取文案|open|batch-4
R4-XXXXX|d:\6\恋爱小程序\apps\api\src\main\java\com\campuslove\api\growth\DoNotDisturbRequest.java|30|H|P3|Bean Validation message 中文硬编码未走 i18n (message = 开始时间格式必须为 HH:mm)|校验失败文案不可国际化，多语言环境直接暴露中文|改用 MessageSource / messages.properties|open|batch-4
R4-XXXXX|d:\6\恋爱小程序\apps\api\src\main\java\com\campuslove\api\growth\DoNotDisturbRequest.java|32|H|P3|Bean Validation message 中文硬编码未走 i18n (message = 结束时间格式必须为 HH:mm)|校验失败文案不可国际化，多语言环境直接暴露中文|改用 MessageSource / messages.properties|open|batch-4
R4-XXXXX|d:\6\恋爱小程序\apps\api\src\main\java\com\campuslove\api\growth\DoNotDisturbRequest.java|34|H|P3|Bean Validation message 中文硬编码未走 i18n (message = 重复方式必须为 EVERYDAY/WEEKDAYS/WEEKENDS)|校验失败文案不可国际化，多语言环境直接暴露中文|改用 MessageSource / messages.properties|open|batch-4
R4-XXXXX|d:\6\恋爱小程序\apps\api\src\main\java\com\campuslove\api\growth\DoNotDisturbRequest.java|35|H|P3|Bean Validation message 中文硬编码未走 i18n (message = 自定义星期长度不能超过 16)|校验失败文案不可国际化，多语言环境直接暴露中文|改用 MessageSource / messages.properties|open|batch-4
R4-XXXXX|d:\6\恋爱小程序\apps\api\src\main\java\com\campuslove\api\chat\VideoCallController.java|118|H|P3|Bean Validation message 中文硬编码未走 i18n (message = endReason 必须为 CALLER_HANGUP/CALLEE)|校验失败文案不可国际化，多语言环境直接暴露中文|改用 MessageSource / messages.properties|open|batch-4
R4-XXXXX|d:\6\恋爱小程序\apps\api\src\main\java\com\campuslove\api\wallet\WalletController.java|320|H|P3|Bean Validation message 中文硬编码未走 i18n (message = 扣减金额不能为空)|校验失败文案不可国际化，多语言环境直接暴露中文|改用 MessageSource / messages.properties|open|batch-4
R4-XXXXX|d:\6\恋爱小程序\apps\api\src\main\java\com\campuslove\api\wallet\WalletController.java|321|H|P3|Bean Validation message 中文硬编码未走 i18n (message = 扣减金额必须大于 0)|校验失败文案不可国际化，多语言环境直接暴露中文|改用 MessageSource / messages.properties|open|batch-4
R4-XXXXX|d:\6\恋爱小程序\apps\api\src\main\java\com\campuslove\api\wallet\WalletController.java|322|H|P3|Bean Validation message 中文硬编码未走 i18n (message = 单次扣减金额超出上限)|校验失败文案不可国际化，多语言环境直接暴露中文|改用 MessageSource / messages.properties|open|batch-4
R4-XXXXX|d:\6\恋爱小程序\apps\api\src\main\java\com\campuslove\api\wallet\WalletController.java|325|H|P3|Bean Validation message 中文硬编码未走 i18n (message = 关联业务类型不能为空)|校验失败文案不可国际化，多语言环境直接暴露中文|改用 MessageSource / messages.properties|open|batch-4
R4-XXXXX|d:\6\恋爱小程序\apps\api\src\main\java\com\campuslove\api\wallet\WalletController.java|366|H|P3|Bean Validation message 中文硬编码未走 i18n (message = 充值金额不能为空)|校验失败文案不可国际化，多语言环境直接暴露中文|改用 MessageSource / messages.properties|open|batch-4
R4-XXXXX|d:\6\恋爱小程序\apps\api\src\main\java\com\campuslove\api\wallet\WalletController.java|367|H|P3|Bean Validation message 中文硬编码未走 i18n (message = 充值金额必须大于 0)|校验失败文案不可国际化，多语言环境直接暴露中文|改用 MessageSource / messages.properties|open|batch-4
R4-XXXXX|d:\6\恋爱小程序\apps\api\src\main\java\com\campuslove\api\wallet\WalletController.java|368|H|P3|Bean Validation message 中文硬编码未走 i18n (message = 单次充值金额超出上限)|校验失败文案不可国际化，多语言环境直接暴露中文|改用 MessageSource / messages.properties|open|batch-4
R4-XXXXX|d:\6\恋爱小程序\apps\api\src\main\java\com\campuslove\api\wallet\WalletController.java|379|H|P3|Bean Validation message 中文硬编码未走 i18n (message = 解锁类型不能为空)|校验失败文案不可国际化，多语言环境直接暴露中文|改用 MessageSource / messages.properties|open|batch-4
R4-XXXXX|d:\6\恋爱小程序\apps\api\src\main\java\com\campuslove\api\wallet\WalletController.java|381|H|P3|Bean Validation message 中文硬编码未走 i18n (message = 解锁目标 ID 不能为空)|校验失败文案不可国际化，多语言环境直接暴露中文|改用 MessageSource / messages.properties|open|batch-4
R4-XXXXX|d:\6\恋爱小程序\apps\api\src\main\java\com\campuslove\api\wallet\WalletController.java|382|H|P3|Bean Validation message 中文硬编码未走 i18n (message = 解锁目标 ID 必须为正数)|校验失败文案不可国际化，多语言环境直接暴露中文|改用 MessageSource / messages.properties|open|batch-4
R4-XXXXX|d:\6\恋爱小程序\apps\api\src\main\java\com\campuslove\api\chat\TempChatController.java|146|H|P3|Bean Validation message 中文硬编码未走 i18n (message = kind 必须为 text/voice/emoji/system)|校验失败文案不可国际化，多语言环境直接暴露中文|改用 MessageSource / messages.properties|open|batch-4
R4-XXXXX|d:\6\恋爱小程序\apps\api\src\main\java\com\campuslove\api\chat\TempChatController.java|163|H|P3|Bean Validation message 中文硬编码未走 i18n (message = decision 必须为 accept/reject/revoke)|校验失败文案不可国际化，多语言环境直接暴露中文|改用 MessageSource / messages.properties|open|batch-4
R4-XXXXX|d:\6\恋爱小程序\apps\api\src\main\java\com\campuslove\api\growth\MakeUpCheckInRequest.java|15|H|P3|Bean Validation message 中文硬编码未走 i18n (message = 补签日期不能为空)|校验失败文案不可国际化，多语言环境直接暴露中文|改用 MessageSource / messages.properties|open|batch-4
R4-XXXXX|d:\6\恋爱小程序\apps\api\src\main\java\com\campuslove\api\growth\MakeUpCheckInRequest.java|16|H|P3|Bean Validation message 中文硬编码未走 i18n (message = 日期格式必须为 yyyy-MM-dd)|校验失败文案不可国际化，多语言环境直接暴露中文|改用 MessageSource / messages.properties|open|batch-4
R4-XXXXX|d:\6\恋爱小程序\apps\api\src\main\java\com\campuslove\api\chat\PrivateMessageController.java|170|H|P3|Bean Validation message 中文硬编码未走 i18n (message = content 不能为空)|校验失败文案不可国际化，多语言环境直接暴露中文|改用 MessageSource / messages.properties|open|batch-4
R4-XXXXX|d:\6\恋爱小程序\apps\api\src\main\java\com\campuslove\api\chat\PrivateMessageController.java|172|H|P3|Bean Validation message 中文硬编码未走 i18n (message = kind 必须为 TEXT/IMAGE/VOICE/VIDEO/SY)|校验失败文案不可国际化，多语言环境直接暴露中文|改用 MessageSource / messages.properties|open|batch-4
R4-XXXXX|d:\6\恋爱小程序\apps\api\src\main\java\com\campuslove\api\vip\BillingController.java|49|H|P3|Bean Validation message 中文硬编码未走 i18n (message = 页码不能小于 0)|校验失败文案不可国际化，多语言环境直接暴露中文|改用 MessageSource / messages.properties|open|batch-4
R4-XXXXX|d:\6\恋爱小程序\apps\api\src\main\java\com\campuslove\api\vip\BillingController.java|51|H|P3|Bean Validation message 中文硬编码未走 i18n (message = 每页大小不能小于 1)|校验失败文案不可国际化，多语言环境直接暴露中文|改用 MessageSource / messages.properties|open|batch-4
R4-XXXXX|d:\6\恋爱小程序\apps\api\src\main\java\com\campuslove\api\vip\BillingController.java|52|H|P3|Bean Validation message 中文硬编码未走 i18n (message = 每页大小不能超过 100)|校验失败文案不可国际化，多语言环境直接暴露中文|改用 MessageSource / messages.properties|open|batch-4
R4-XXXXX|d:\6\恋爱小程序\apps\api\src\main\java\com\campuslove\api\discover\RecommendationController.java|328|H|P3|Bean Validation message 中文硬编码未走 i18n (message = dailyNotifyTime 不能为空)|校验失败文案不可国际化，多语言环境直接暴露中文|改用 MessageSource / messages.properties|open|batch-4
R4-XXXXX|d:\6\恋爱小程序\apps\api\src\main\java\com\campuslove\api\discover\RecommendationController.java|329|H|P3|Bean Validation message 中文硬编码未走 i18n (message = scope 不能为空)|校验失败文案不可国际化，多语言环境直接暴露中文|改用 MessageSource / messages.properties|open|batch-4
R4-XXXXX|d:\6\恋爱小程序\apps\api\src\main\java\com\campuslove\api\discover\ActivityController.java|53|H|P3|Bean Validation message 中文硬编码未走 i18n (message = campusName 长度不能超过 50)|校验失败文案不可国际化，多语言环境直接暴露中文|改用 MessageSource / messages.properties|open|batch-4
R4-XXXXX|d:\6\恋爱小程序\apps\api\src\main\java\com\campuslove\api\discover\DailyQuestionController.java|98|H|P3|Bean Validation message 中文硬编码未走 i18n (message = isAnonymous 不能为空)|校验失败文案不可国际化，多语言环境直接暴露中文|改用 MessageSource / messages.properties|open|batch-4
R4-XXXXX|d:\6\恋爱小程序\apps\api\src\main\java\com\campuslove\api\profile\ProfileController.java|303|H|P3|Bean Validation message 中文硬编码未走 i18n (message = educationLevel 必须为 high_school/bac)|校验失败文案不可国际化，多语言环境直接暴露中文|改用 MessageSource / messages.properties|open|batch-4
R4-XXXXX|d:\6\恋爱小程序\apps\api\src\main\java\com\campuslove\api\profile\ProfileController.java|306|H|P3|Bean Validation message 中文硬编码未走 i18n (message = relationshipStatus 必须为 never/marri)|校验失败文案不可国际化，多语言环境直接暴露中文|改用 MessageSource / messages.properties|open|batch-4
R4-XXXXX|d:\6\恋爱小程序\apps\api\src\main\java\com\campuslove\api\village\PostTagController.java|69|H|P3|Bean Validation message 中文硬编码未走 i18n (message = tagName 不能为空 且 tagName 长度不能超过 32)|校验失败文案不可国际化，多语言环境直接暴露中文|改用 MessageSource / messages.properties|open|batch-4
R4-XXXXX|d:\6\恋爱小程序\apps\api\src\main\java\com\campuslove\api\official\OfficialAccountController.java|57|H|P3|Bean Validation message 中文硬编码未走 i18n (message = code 不能为空)|校验失败文案不可国际化，多语言环境直接暴露中文|改用 MessageSource / messages.properties|open|batch-4
R4-XXXXX|d:\6\恋爱小程序\apps\api\src\main\java\com\campuslove\api\official\OfficialAccountController.java|58|H|P3|Bean Validation message 中文硬编码未走 i18n (message = code 长度不能超过 32)|校验失败文案不可国际化，多语言环境直接暴露中文|改用 MessageSource / messages.properties|open|batch-4
R4-XXXXX|d:\6\恋爱小程序\apps\api\src\main\java\com\campuslove\api\admin\AdminUserUpdateRequest.java|24|H|P3|Bean Validation message 中文硬编码未走 i18n (message = status 必须为 active 或 disabled)|校验失败文案不可国际化，多语言环境直接暴露中文|改用 MessageSource / messages.properties|open|batch-4
R4-XXXXX|d:\6\恋爱小程序\apps\api\src\main\java\com\campuslove\api\admin\AdminUserController.java|561|H|P3|Bean Validation message 中文硬编码未走 i18n (message = 手机号不能为空)|校验失败文案不可国际化，多语言环境直接暴露中文|改用 MessageSource / messages.properties|open|batch-4
R4-XXXXX|d:\6\恋爱小程序\apps\api\src\main\java\com\campuslove\api\admin\AdminUserController.java|562|H|P3|Bean Validation message 中文硬编码未走 i18n (message = 手机号格式不正确)|校验失败文案不可国际化，多语言环境直接暴露中文|改用 MessageSource / messages.properties|open|batch-4
R4-XXXXX|d:\6\恋爱小程序\apps\api\src\main\java\com\campuslove\api\admin\AdminUserController.java|563|H|P3|Bean Validation message 中文硬编码未走 i18n (message = 密码不能为空)|校验失败文案不可国际化，多语言环境直接暴露中文|改用 MessageSource / messages.properties|open|batch-4
R4-XXXXX|d:\6\恋爱小程序\apps\api\src\main\java\com\campuslove\api\admin\AdminUserController.java|564|H|P3|Bean Validation message 中文硬编码未走 i18n (message = 密码长度须为 6-64 位)|校验失败文案不可国际化，多语言环境直接暴露中文|改用 MessageSource / messages.properties|open|batch-4
R4-XXXXX|d:\6\恋爱小程序\apps\api\src\main\java\com\campuslove\api\admin\AdminUserController.java|565|H|P3|Bean Validation message 中文硬编码未走 i18n (message = 昵称不能为空)|校验失败文案不可国际化，多语言环境直接暴露中文|改用 MessageSource / messages.properties|open|batch-4
R4-XXXXX|d:\6\恋爱小程序\apps\api\src\main\java\com\campuslove\api\admin\AdminUserController.java|566|H|P3|Bean Validation message 中文硬编码未走 i18n (message = 昵称长度须为 1-20 字)|校验失败文案不可国际化，多语言环境直接暴露中文|改用 MessageSource / messages.properties|open|batch-4
R4-XXXXX|d:\6\恋爱小程序\apps\api\src\main\java\com\campuslove\api\admin\AdminShopController.java|320|H|P3|Bean Validation message 中文硬编码未走 i18n (message = 商品标题不能为空)|校验失败文案不可国际化，多语言环境直接暴露中文|改用 MessageSource / messages.properties|open|batch-4
R4-XXXXX|d:\6\恋爱小程序\apps\api\src\main\java\com\campuslove\api\admin\AdminShopController.java|321|H|P3|Bean Validation message 中文硬编码未走 i18n (message = 商品标题长度须为 1-128 字)|校验失败文案不可国际化，多语言环境直接暴露中文|改用 MessageSource / messages.properties|open|batch-4
R4-XXXXX|d:\6\恋爱小程序\apps\api\src\main\java\com\campuslove\api\admin\AdminSensitiveWordController.java|230|H|P3|Bean Validation message 中文硬编码未走 i18n (message = category 必须为 POLITICS/PORN/ABUSE/A)|校验失败文案不可国际化，多语言环境直接暴露中文|改用 MessageSource / messages.properties|open|batch-4
R4-XXXXX|d:\6\恋爱小程序\apps\api\src\main\java\com\campuslove\api\admin\AdminSensitiveWordController.java|242|H|P3|Bean Validation message 中文硬编码未走 i18n (message = words 列表不能超过 10000 条)|校验失败文案不可国际化，多语言环境直接暴露中文|改用 MessageSource / messages.properties|open|batch-4
R4-XXXXX|d:\6\恋爱小程序\apps\api\src\main\java\com\campuslove\api\admin\AdminSensitiveWordController.java|245|H|P3|Bean Validation message 中文硬编码未走 i18n (message = category 必须为 POLITICS/PORN/ABUSE/A)|校验失败文案不可国际化，多语言环境直接暴露中文|改用 MessageSource / messages.properties|open|batch-4
R4-XXXXX|d:\6\恋爱小程序\apps\api\src\main\java\com\campuslove\api\admin\AdminSchoolController.java|295|H|P3|Bean Validation message 中文硬编码未走 i18n (message = 高校名称不能为空)|校验失败文案不可国际化，多语言环境直接暴露中文|改用 MessageSource / messages.properties|open|batch-4
R4-XXXXX|d:\6\恋爱小程序\apps\api\src\main\java\com\campuslove\api\admin\AdminSchoolController.java|296|H|P3|Bean Validation message 中文硬编码未走 i18n (message = 高校名称长度须为 1-128 字)|校验失败文案不可国际化，多语言环境直接暴露中文|改用 MessageSource / messages.properties|open|batch-4
R4-XXXXX|d:\6\恋爱小程序\apps\api\src\main\java\com\campuslove\api\admin\AdminSchoolController.java|297|H|P3|Bean Validation message 中文硬编码未走 i18n (message = 高校编码不能为空)|校验失败文案不可国际化，多语言环境直接暴露中文|改用 MessageSource / messages.properties|open|batch-4
R4-XXXXX|d:\6\恋爱小程序\apps\api\src\main\java\com\campuslove\api\admin\AdminSchoolController.java|298|H|P3|Bean Validation message 中文硬编码未走 i18n (message = 高校编码须为 1-32 位字母数字)|校验失败文案不可国际化，多语言环境直接暴露中文|改用 MessageSource / messages.properties|open|batch-4
R4-XXXXX|d:\6\恋爱小程序\apps\api\src\main\java\com\campuslove\api\admin\AdminRoleController.java|275|H|P3|Bean Validation message 中文硬编码未走 i18n (message = 角色名称不能为空)|校验失败文案不可国际化，多语言环境直接暴露中文|改用 MessageSource / messages.properties|open|batch-4
R4-XXXXX|d:\6\恋爱小程序\apps\api\src\main\java\com\campuslove\api\admin\AdminRoleController.java|276|H|P3|Bean Validation message 中文硬编码未走 i18n (message = 角色名称长度须为 1-64 字)|校验失败文案不可国际化，多语言环境直接暴露中文|改用 MessageSource / messages.properties|open|batch-4
R4-XXXXX|d:\6\恋爱小程序\apps\api\src\main\java\com\campuslove\api\admin\AdminRoleController.java|277|H|P3|Bean Validation message 中文硬编码未走 i18n (message = 角色编码不能为空)|校验失败文案不可国际化，多语言环境直接暴露中文|改用 MessageSource / messages.properties|open|batch-4
R4-XXXXX|d:\6\恋爱小程序\apps\api\src\main\java\com\campuslove\api\admin\AdminRoleController.java|278|H|P3|Bean Validation message 中文硬编码未走 i18n (message = 角色编码长度须为 1-32 字)|校验失败文案不可国际化，多语言环境直接暴露中文|改用 MessageSource / messages.properties|open|batch-4
R4-XXXXX|d:\6\恋爱小程序\apps\api\src\main\java\com\campuslove\api\admin\AdminReportHandleRequest.java|18|H|P3|Bean Validation message 中文硬编码未走 i18n (message = result 必须为 HANDLE 或 REJECT)|校验失败文案不可国际化，多语言环境直接暴露中文|改用 MessageSource / messages.properties|open|batch-4
R4-XXXXX|d:\6\恋爱小程序\apps\api\src\main\java\com\campuslove\api\admin\AdminPostAuditRequest.java|16|H|P3|Bean Validation message 中文硬编码未走 i18n (message = decision 必须为 approved 或 rejected)|校验失败文案不可国际化，多语言环境直接暴露中文|改用 MessageSource / messages.properties|open|batch-4
R4-XXXXX|d:\6\恋爱小程序\apps\api\src\main\java\com\campuslove\api\admin\AdminOfficialAccountController.java|60|H|P3|Bean Validation message 中文硬编码未走 i18n (message = code 不能为空)|校验失败文案不可国际化，多语言环境直接暴露中文|改用 MessageSource / messages.properties|open|batch-4
R4-XXXXX|d:\6\恋爱小程序\apps\api\src\main\java\com\campuslove\api\admin\AdminOfficialAccountController.java|61|H|P3|Bean Validation message 中文硬编码未走 i18n (message = code 长度不能超过 32)|校验失败文案不可国际化，多语言环境直接暴露中文|改用 MessageSource / messages.properties|open|batch-4
R4-XXXXX|d:\6\恋爱小程序\apps\api\src\main\java\com\campuslove\api\admin\AdminNotifyConfigController.java|149|H|P3|Bean Validation message 中文硬编码未走 i18n (message = configs 列表不能为空)|校验失败文案不可国际化，多语言环境直接暴露中文|改用 MessageSource / messages.properties|open|batch-4
R4-XXXXX|d:\6\恋爱小程序\apps\api\src\main\java\com\campuslove\api\user\UserController.java|151|H|P3|Bean Validation message 中文硬编码未走 i18n (message = userIds 列表不能为空)|校验失败文案不可国际化，多语言环境直接暴露中文|改用 MessageSource / messages.properties|open|batch-4
R4-XXXXX|d:\6\恋爱小程序\apps\api\src\main\java\com\campuslove\api\user\UserController.java|152|H|P3|Bean Validation message 中文硬编码未走 i18n (message = userIds 列表不能超过 500 条)|校验失败文案不可国际化，多语言环境直接暴露中文|改用 MessageSource / messages.properties|open|batch-4
R4-XXXXX|d:\6\恋爱小程序\apps\api\src\main\java\com\campuslove\api\admin\AdminMenuController.java|439|H|P3|Bean Validation message 中文硬编码未走 i18n (message = 菜单标题不能为空)|校验失败文案不可国际化，多语言环境直接暴露中文|改用 MessageSource / messages.properties|open|batch-4
R4-XXXXX|d:\6\恋爱小程序\apps\api\src\main\java\com\campuslove\api\admin\AdminMenuController.java|440|H|P3|Bean Validation message 中文硬编码未走 i18n (message = 菜单标题长度须为 1-64 字)|校验失败文案不可国际化，多语言环境直接暴露中文|改用 MessageSource / messages.properties|open|batch-4
R4-XXXXX|d:\6\恋爱小程序\apps\api\src\main\java\com\campuslove\api\admin\AdminMenuController.java|441|H|P3|Bean Validation message 中文硬编码未走 i18n (message = 路由 name 不能为空)|校验失败文案不可国际化，多语言环境直接暴露中文|改用 MessageSource / messages.properties|open|batch-4
R4-XXXXX|d:\6\恋爱小程序\apps\api\src\main\java\com\campuslove\api\admin\AdminMenuController.java|442|H|P3|Bean Validation message 中文硬编码未走 i18n (message = 路由 name 长度须为 1-64 字)|校验失败文案不可国际化，多语言环境直接暴露中文|改用 MessageSource / messages.properties|open|batch-4
R4-XXXXX|d:\6\恋爱小程序\apps\api\src\main\java\com\campuslove\api\admin\AdminMenuController.java|443|H|P3|Bean Validation message 中文硬编码未走 i18n (message = 路由路径不能为空)|校验失败文案不可国际化，多语言环境直接暴露中文|改用 MessageSource / messages.properties|open|batch-4
R4-XXXXX|d:\6\恋爱小程序\apps\api\src\main\java\com\campuslove\api\admin\AdminMenuController.java|444|H|P3|Bean Validation message 中文硬编码未走 i18n (message = 路由路径长度须为 1-128 字)|校验失败文案不可国际化，多语言环境直接暴露中文|改用 MessageSource / messages.properties|open|batch-4
R4-XXXXX|d:\6\恋爱小程序\apps\api\src\main\java\com\campuslove\api\report\ReportController.java|115|H|P3|Bean Validation message 中文硬编码未走 i18n (message = targetType 必须为 POST/COMMENT/USER/T)|校验失败文案不可国际化，多语言环境直接暴露中文|改用 MessageSource / messages.properties|open|batch-4
R4-XXXXX|d:\6\恋爱小程序\apps\api\src\main\java\com\campuslove\api\admin\AdminCircleController.java|461|H|P3|Bean Validation message 中文硬编码未走 i18n (message = 圈名长度不能超过 64 字)|校验失败文案不可国际化，多语言环境直接暴露中文|改用 MessageSource / messages.properties|open|batch-4
R4-XXXXX|d:\6\恋爱小程序\apps\api\src\main\java\com\campuslove\api\admin\AdminCircleController.java|463|H|P3|Bean Validation message 中文硬编码未走 i18n (message = 图标长度不能超过 16 字符)|校验失败文案不可国际化，多语言环境直接暴露中文|改用 MessageSource / messages.properties|open|batch-4
R4-XXXXX|d:\6\恋爱小程序\apps\api\src\main\java\com\campuslove\api\admin\AdminCircleController.java|465|H|P3|Bean Validation message 中文硬编码未走 i18n (message = 圈子描述长度不能超过 256 字)|校验失败文案不可国际化，多语言环境直接暴露中文|改用 MessageSource / messages.properties|open|batch-4
R4-XXXXX|d:\6\恋爱小程序\apps\api\src\main\java\com\campuslove\api\admin\AdminDictController.java|325|H|P3|Bean Validation message 中文硬编码未走 i18n (message = 字典名称不能为空)|校验失败文案不可国际化，多语言环境直接暴露中文|改用 MessageSource / messages.properties|open|batch-4
R4-XXXXX|d:\6\恋爱小程序\apps\api\src\main\java\com\campuslove\api\admin\AdminDictController.java|326|H|P3|Bean Validation message 中文硬编码未走 i18n (message = 字典名称长度须为 1-64 字)|校验失败文案不可国际化，多语言环境直接暴露中文|改用 MessageSource / messages.properties|open|batch-4
R4-XXXXX|d:\6\恋爱小程序\apps\api\src\main\java\com\campuslove\api\admin\AdminDictController.java|327|H|P3|Bean Validation message 中文硬编码未走 i18n (message = 字典编码不能为空)|校验失败文案不可国际化，多语言环境直接暴露中文|改用 MessageSource / messages.properties|open|batch-4
R4-XXXXX|d:\6\恋爱小程序\apps\api\src\main\java\com\campuslove\api\admin\AdminDictController.java|328|H|P3|Bean Validation message 中文硬编码未走 i18n (message = 字典编码长度须为 1-64 字)|校验失败文案不可国际化，多语言环境直接暴露中文|改用 MessageSource / messages.properties|open|batch-4
R4-XXXXX|d:\6\恋爱小程序\apps\api\src\main\java\com\campuslove\api\admin\AdminDictController.java|341|H|P3|Bean Validation message 中文硬编码未走 i18n (message = 条目显示名不能为空)|校验失败文案不可国际化，多语言环境直接暴露中文|改用 MessageSource / messages.properties|open|batch-4
R4-XXXXX|d:\6\恋爱小程序\apps\api\src\main\java\com\campuslove\api\admin\AdminDictController.java|342|H|P3|Bean Validation message 中文硬编码未走 i18n (message = 条目显示名长度须为 1-64 字)|校验失败文案不可国际化，多语言环境直接暴露中文|改用 MessageSource / messages.properties|open|batch-4
R4-XXXXX|d:\6\恋爱小程序\apps\api\src\main\java\com\campuslove\api\admin\AdminDictController.java|343|H|P3|Bean Validation message 中文硬编码未走 i18n (message = 条目值不能为空)|校验失败文案不可国际化，多语言环境直接暴露中文|改用 MessageSource / messages.properties|open|batch-4
R4-XXXXX|d:\6\恋爱小程序\apps\api\src\main\java\com\campuslove\api\admin\AdminDictController.java|344|H|P3|Bean Validation message 中文硬编码未走 i18n (message = 条目值长度须为 1-64 字)|校验失败文案不可国际化，多语言环境直接暴露中文|改用 MessageSource / messages.properties|open|batch-4
R4-XXXXX|d:\6\恋爱小程序\apps\api\src\main\java\com\campuslove\api\admin\AdminCertificationController.java|173|H|P3|Bean Validation message 中文硬编码未走 i18n (message = status 必须为 APPROVED/REJECTED/PENDI)|校验失败文案不可国际化，多语言环境直接暴露中文|改用 MessageSource / messages.properties|open|batch-4
R4-XXXXX|d:\6\恋爱小程序\apps\api\src\main\java\com\campuslove\api\admin\AdminCreateAdminRequest.java|21|H|P3|Bean Validation message 中文硬编码未走 i18n (message = 手机号不能为空)|校验失败文案不可国际化，多语言环境直接暴露中文|改用 MessageSource / messages.properties|open|batch-4
R4-XXXXX|d:\6\恋爱小程序\apps\api\src\main\java\com\campuslove\api\admin\AdminCreateAdminRequest.java|22|H|P3|Bean Validation message 中文硬编码未走 i18n (message = 手机号格式不正确)|校验失败文案不可国际化，多语言环境直接暴露中文|改用 MessageSource / messages.properties|open|batch-4
R4-XXXXX|d:\6\恋爱小程序\apps\api\src\main\java\com\campuslove\api\admin\AdminCreateAdminRequest.java|23|H|P3|Bean Validation message 中文硬编码未走 i18n (message = 密码不能为空)|校验失败文案不可国际化，多语言环境直接暴露中文|改用 MessageSource / messages.properties|open|batch-4
R4-XXXXX|d:\6\恋爱小程序\apps\api\src\main\java\com\campuslove\api\admin\AdminCreateAdminRequest.java|24|H|P3|Bean Validation message 中文硬编码未走 i18n (message = 密码长度须为 6-64 位)|校验失败文案不可国际化，多语言环境直接暴露中文|改用 MessageSource / messages.properties|open|batch-4
R4-XXXXX|d:\6\恋爱小程序\apps\api\src\main\java\com\campuslove\api\admin\AdminCreateAdminRequest.java|25|H|P3|Bean Validation message 中文硬编码未走 i18n (message = 昵称不能为空)|校验失败文案不可国际化，多语言环境直接暴露中文|改用 MessageSource / messages.properties|open|batch-4
R4-XXXXX|d:\6\恋爱小程序\apps\api\src\main\java\com\campuslove\api\admin\AdminCreateAdminRequest.java|26|H|P3|Bean Validation message 中文硬编码未走 i18n (message = 昵称长度须为 1-20 字)|校验失败文案不可国际化，多语言环境直接暴露中文|改用 MessageSource / messages.properties|open|batch-4
R4-XXXXX|d:\6\恋爱小程序\apps\api\src\main\java\com\campuslove\api\admin\AdminCreateAdminRequest.java|27|H|P3|Bean Validation message 中文硬编码未走 i18n (message = role 必须为 ADMIN 或 SUPER_ADMIN)|校验失败文案不可国际化，多语言环境直接暴露中文|改用 MessageSource / messages.properties|open|batch-4
R4-XXXXX|d:\6\恋爱小程序\apps\api\src\main\java\com\campuslove\api\admin\AdminCreateAdminRequest.java|28|H|P3|Bean Validation message 中文硬编码未走 i18n (message = 校区名长度不能超过 128 字)|校验失败文案不可国际化，多语言环境直接暴露中文|改用 MessageSource / messages.properties|open|batch-4
R4-XXXXX|d:\6\恋爱小程序\apps\api\src\main\java\com\campuslove\api\admin\AdminAccountController.java|132|H|P3|Bean Validation message 中文硬编码未走 i18n (message = 旧密码不能为空)|校验失败文案不可国际化，多语言环境直接暴露中文|改用 MessageSource / messages.properties|open|batch-4
R4-XXXXX|d:\6\恋爱小程序\apps\api\src\main\java\com\campuslove\api\admin\AdminAccountController.java|133|H|P3|Bean Validation message 中文硬编码未走 i18n (message = oldPassword 长度不能超过 128)|校验失败文案不可国际化，多语言环境直接暴露中文|改用 MessageSource / messages.properties|open|batch-4
R4-XXXXX|d:\6\恋爱小程序\apps\api\src\main\java\com\campuslove\api\admin\AdminAccountController.java|134|H|P3|Bean Validation message 中文硬编码未走 i18n (message = 新密码不能为空)|校验失败文案不可国际化，多语言环境直接暴露中文|改用 MessageSource / messages.properties|open|batch-4
R4-XXXXX|d:\6\恋爱小程序\apps\api\src\main\java\com\campuslove\api\admin\AdminAccountController.java|135|H|P3|Bean Validation message 中文硬编码未走 i18n (message = 新密码长度须为 6-64 位)|校验失败文案不可国际化，多语言环境直接暴露中文|改用 MessageSource / messages.properties|open|batch-4
R4-XXXXX|d:\6\恋爱小程序\apps\api\src\main\java\com\campuslove\api\admin\AdminActivityController.java|619|H|P3|Bean Validation message 中文硬编码未走 i18n (message = 活动标题不能为空)|校验失败文案不可国际化，多语言环境直接暴露中文|改用 MessageSource / messages.properties|open|batch-4
R4-XXXXX|d:\6\恋爱小程序\apps\api\src\main\java\com\campuslove\api\admin\AdminActivityController.java|620|H|P3|Bean Validation message 中文硬编码未走 i18n (message = 活动标题长度不能超过 128 字)|校验失败文案不可国际化，多语言环境直接暴露中文|改用 MessageSource / messages.properties|open|batch-4
R4-XXXXX|d:\6\恋爱小程序\apps\api\src\main\java\com\campuslove\api\admin\AdminActivityController.java|621|H|P3|Bean Validation message 中文硬编码未走 i18n (message = 活动地点不能为空)|校验失败文案不可国际化，多语言环境直接暴露中文|改用 MessageSource / messages.properties|open|batch-4
R4-XXXXX|d:\6\恋爱小程序\apps\api\src\main\java\com\campuslove\api\admin\AdminActivityController.java|622|H|P3|Bean Validation message 中文硬编码未走 i18n (message = 活动地点长度不能超过 256 字)|校验失败文案不可国际化，多语言环境直接暴露中文|改用 MessageSource / messages.properties|open|batch-4
R4-XXXXX|d:\6\恋爱小程序\apps\api\src\main\java\com\campuslove\api\admin\AdminActivityController.java|623|H|P3|Bean Validation message 中文硬编码未走 i18n (message = 活动时间描述不能为空)|校验失败文案不可国际化，多语言环境直接暴露中文|改用 MessageSource / messages.properties|open|batch-4
R4-XXXXX|d:\6\恋爱小程序\apps\api\src\main\java\com\campuslove\api\admin\AdminActivityController.java|624|H|P3|Bean Validation message 中文硬编码未走 i18n (message = 活动时间描述长度不能超过 128 字)|校验失败文案不可国际化，多语言环境直接暴露中文|改用 MessageSource / messages.properties|open|batch-4
R4-XXXXX|d:\6\恋爱小程序\apps\api\src\main\java\com\campuslove\api\admin\AdminActivityController.java|625|H|P3|Bean Validation message 中文硬编码未走 i18n (message = 活动描述不能为空)|校验失败文案不可国际化，多语言环境直接暴露中文|改用 MessageSource / messages.properties|open|batch-4
R4-XXXXX|d:\6\恋爱小程序\apps\api\src\main\java\com\campuslove\api\admin\AdminActivityController.java|626|H|P3|Bean Validation message 中文硬编码未走 i18n (message = 城市名称长度不能超过 64 字)|校验失败文案不可国际化，多语言环境直接暴露中文|改用 MessageSource / messages.properties|open|batch-4
R4-XXXXX|d:\6\恋爱小程序\apps\api\src\main\java\com\campuslove\api\admin\AdminActivityController.java|627|H|P3|Bean Validation message 中文硬编码未走 i18n (message = 校区名称长度不能超过 128 字)|校验失败文案不可国际化，多语言环境直接暴露中文|改用 MessageSource / messages.properties|open|batch-4
R4-XXXXX|d:\6\恋爱小程序\apps\api\src\main\java\com\campuslove\api\auth\AuthController.java|419|H|P3|Bean Validation message 中文硬编码未走 i18n (message = username 长度不能超过 128)|校验失败文案不可国际化，多语言环境直接暴露中文|改用 MessageSource / messages.properties|open|batch-4
R4-XXXXX|d:\6\恋爱小程序\apps\api\src\main\java\com\campuslove\api\auth\AuthController.java|421|H|P3|Bean Validation message 中文硬编码未走 i18n (message = password 长度不能超过 128)|校验失败文案不可国际化，多语言环境直接暴露中文|改用 MessageSource / messages.properties|open|batch-4
R4-XXXXX|d:\6\恋爱小程序\apps\api\src\main\java\com\campuslove\api\auth\AuthController.java|432|H|P3|Bean Validation message 中文硬编码未走 i18n (message = 手机号格式不正确)|校验失败文案不可国际化，多语言环境直接暴露中文|改用 MessageSource / messages.properties|open|batch-4
R4-XXXXX|d:\6\恋爱小程序\apps\api\src\main\java\com\campuslove\api\auth\AuthController.java|433|H|P3|Bean Validation message 中文硬编码未走 i18n (message = 密码长度须为 6-64 位)|校验失败文案不可国际化，多语言环境直接暴露中文|改用 MessageSource / messages.properties|open|batch-4
R4-XXXXX|d:\6\恋爱小程序\apps\api\src\main\java\com\campuslove\api\auth\AuthController.java|434|H|P3|Bean Validation message 中文硬编码未走 i18n (message = 昵称长度须为 1-20 字)|校验失败文案不可国际化，多语言环境直接暴露中文|改用 MessageSource / messages.properties|open|batch-4
R4-XXXXX|d:\6\恋爱小程序\apps\api\src\main\java\com\campuslove\api\auth\AuthController.java|444|H|P3|Bean Validation message 中文硬编码未走 i18n (message = 手机号长度不合法)|校验失败文案不可国际化，多语言环境直接暴露中文|改用 MessageSource / messages.properties|open|batch-4
R4-XXXXX|d:\6\恋爱小程序\apps\api\src\main\java\com\campuslove\api\auth\AuthController.java|445|H|P3|Bean Validation message 中文硬编码未走 i18n (message = 密码长度不合法)|校验失败文案不可国际化，多语言环境直接暴露中文|改用 MessageSource / messages.properties|open|batch-4
R4-XXXXX|d:\6\恋爱小程序\apps\api\src\main\java\com\campuslove\api\chat\VoiceMessageService.java|118|H|P3|中文 throw 消息未走 i18n (语音文件超过 2MB 限制)|错误文案硬编码中文，前端无国际化能力，文案调整需发版|改用 MessageSource.getMessage 从 messages*.properties 取文案|open|batch-4
R4-XXXXX|d:\6\恋爱小程序\apps\api\src\main\java\com\campuslove\api\match\MatchPolicy.java|79|H|P3|中文 throw 消息未走 i18n (今日反悔次数已用完（上限 N 次），请明日再来)|错误文案硬编码中文，前端无国际化能力，文案调整需发版|改用 MessageSource.getMessage 从 messages*.properties 取文案|open|batch-4
R4-XXXXX|d:\6\恋爱小程序\apps\api\src\main\java\com\campuslove\api\report\ReportController.java|78|H|P3|中文 throw 消息未走 i18n (DailyLimitExceededException 举报 每日上限)|错误文案硬编码中文，前端无国际化能力，文案调整需发版|改用 MessageSource.getMessage 从 messages*.properties 取文案|open|batch-4
R4-XXXXX|d:\6\恋爱小程序\apps\api\src\main\java\com\campuslove\api\wallet\RealWalletUnlockService.java|129|H|P3|中文 throw 消息未走 i18n (不支持的解锁类型: )|错误文案硬编码中文，前端无国际化能力，文案调整需发版|改用 MessageSource.getMessage 从 messages*.properties 取文案|open|batch-4
R4-XXXXX|d:\6\恋爱小程序\apps\api\src\main\java\com\campuslove\api\village\VillageQueryService.java|175|H|P3|中文 throw 消息未走 i18n (不支持的帖子分类: )|错误文案硬编码中文，前端无国际化能力，文案调整需发版|改用 MessageSource.getMessage 从 messages*.properties 取文案|open|batch-4
R4-XXXXX|d:\6\恋爱小程序\apps\api\src\main\java\com\campuslove\api\village\VillagePostService.java|119|H|P3|中文 throw 消息未走 i18n (不支持的帖子分类: )|错误文案硬编码中文，前端无国际化能力，文案调整需发版|改用 MessageSource.getMessage 从 messages*.properties 取文案|open|batch-4
R4-XXXXX|d:\6\恋爱小程序\apps\api\src\main\java\com\campuslove\api\chat\TempChatSessionService.java|143|H|P3|中文 throw 消息未走 i18n (无法解析推荐人信息: recommendedPersonId=)|错误文案硬编码中文，前端无国际化能力，文案调整需发版|改用 MessageSource.getMessage 从 messages*.properties 取文案|open|batch-4
R4-XXXXX|d:\6\恋爱小程序\apps\api\src\main\java\com\campuslove\api\media\LocalMediaStorageService.java|438|H|P3|中文 throw 消息未走 i18n (图片大小超过限制（10MB）)|错误文案硬编码中文，前端无国际化能力，文案调整需发版|改用 MessageSource.getMessage 从 messages*.properties 取文案|open|batch-4
R4-XXXXX|d:\6\恋爱小程序\apps\api\src\main\java\com\campuslove\api\config\AesEncryptor.java|88|H|P1|AES 兜底密钥字面量 campus-love-default-aes-key-change-in-production-32bytes（strictAes=false 时生效）|生产漏配密钥时 openid/phone 用公开密钥加密约等于明文，账号数据可被解密|删除兜底默认值，strict 模式强制启动失败；密钥外部化(KMS/Vault)|open|batch-1
R4-XXXXX|d:\6\恋爱小程序\apps\api\src\main\resources\application-real.yml|95|H|P1|内置管理员初始密码 BCrypt 哈希默认值 $2a$10$SFn8RZb8.sj5yVnP9S27a3W9MEkCL2no9sceF0/e7lp7wqGEGsjWQ|未配置 ADMIN_INITIAL_PASSWORD_HASH 时使用已知哈希默认值，管理员账号可被口令猜测|移除哈希默认值；首启强制生成随机口令并告警输出一次|open|batch-1
R4-XXXXX|d:\6\恋爱小程序\apps\api\src\main\resources\application.yml|39|H|P2|RABBITMQ_PASSWORD 默认值 guest（RabbitMQ 默认弱口令）|未配置时 MQ 使用 guest/guest 弱凭据，生产环境消息队列可被外部访问|删除默认值，未配置时启动失败或提示配置|open|batch-2
R4-XXXXX|d:\6\恋爱小程序\apps\api\src\main\resources\application-real.yml|112|H|P2|RABBITMQ_PASSWORD 默认值 guest|同 application.yml:39，real profile 同样存在弱口令默认值|删除默认值，未配置时启动失败或提示配置|open|batch-2
R4-XXXXX|d:\6\恋爱小程序\apps\api\src\main\java\com\campuslove\api\growth\WeChatPushService.java|36|H|P2|硬编码微信 API URL https://api.weixin.qq.com/cgi-bin/token?grant_type=client_credential...|第三方接口地址写死在代码，环境切换（沙箱/生产）需改码|外部化到配置（参考 WeChatClient 的 jscode2session-url 注入方式）|open|batch-2
R4-XXXXX|d:\6\恋爱小程序\apps\api\src\main\java\com\campuslove\api\growth\WeChatPushService.java|39|H|P2|硬编码微信订阅消息 URL https://api.weixin.qq.com/cgi-bin/message/subscribe/send...|第三方接口地址写死在代码，环境切换需改码|外部化到配置|open|batch-2
R4-XXXXX|d:\6\恋爱小程序\apps\api\src\main\java\com\campuslove\api\config\OpenApiConfig.java|116|H|P2|@Value 默认值 http://localhost:8080（OPENAPI_LOCAL_SERVER_URL 未配置时生效）|生产未配置时 OpenAPI 文档 server 指向 localhost，联调/文档工具连错地址|生产 profile 移除默认值，强制显式配置|open|batch-2
R4-XXXXX|d:\6\恋爱小程序\apps\api\src\main\java\com\campuslove\api\auth\WeChatClient.java|46|H|P3|jscode2session URL 默认值 https://api.weixin.qq.com/sns/jscode2session 内嵌代码|默认值可被 env 覆盖，但代码内仍保留 URL 字面量|默认值移至配置文件统一管理|open|batch-4
R4-XXXXX|d:\6\恋爱小程序\apps\api\src\main\resources\application.yml|225|H|P3|jscode2session-url 默认 https://api.weixin.qq.com/sns/jscode2session|配置默认值硬编码 URL，环境差异需显式覆盖|可接受（env 可覆盖），建议生产 profile 强制显式配置|open|batch-4
R4-XXXXX|d:\6\恋爱小程序\apps\api\src\main\resources\application-wechat.yml|21|H|P3|jscode2session-url 默认 https://api.weixin.qq.com/sns/jscode2session|配置默认值硬编码 URL|可接受（env 可覆盖），建议生产强制显式配置|open|batch-4
R4-XXXXX|d:\6\恋爱小程序\apps\api\src\main\java\com\campuslove\api\auth\AppleIdentityTokenVerifier.java|40|H|P3|常量 APPLE_JWKS_URL = https://appleid.apple.com/auth/keys|Apple 官方固定地址，可接受但无配置化能力|可保持常量，建议注释标注来源|open|batch-4
R4-XXXXX|d:\6\恋爱小程序\apps\api\src\main\java\com\campuslove\api\auth\AppleIdentityTokenVerifier.java|49|H|P3|常量 APPLE_ISSUER = https://appleid.apple.com|Apple 官方固定地址，可接受但无配置化能力|可保持常量，建议注释标注来源|open|batch-4
R4-XXXXX|d:\6\恋爱小程序\apps\api\src\main\resources\application-mock.yml|44|H|P3|AGNES_API_BASE 默认 https://api.agnes-ai.com/api|mock profile 默认指向第三方真实 API 地址，误用可能产生真实调用|mock 下建议指向本地 stub，或注释声明仅演示|open|batch-4
R4-XXXXX|d:\6\恋爱小程序\apps\api\src\main\java\com\campuslove\api\discover\MockCircleService.java|245|H|P3|mock 种子数据硬编码外网 URL https://picsum.photos/400/300?1|种子图片指向外部图床，离线/内网环境裂图|改用本地静态资源或可配置地址|open|batch-4
R4-XXXXX|d:\6\恋爱小程序\apps\api\src\main\java\com\campuslove\api\discover\MockCircleService.java|248|H|P3|mock 种子数据硬编码 https://picsum.photos/400/300?2、?3|种子图片指向外部图床，离线/内网环境裂图|改用本地静态资源或可配置地址|open|batch-4
R4-XXXXX|d:\6\恋爱小程序\apps\api\src\main\java\com\campuslove\api\mock\MockAiVideoService.java|36-37|H|P3|mock 数据硬编码 https://example.com/mock-video.mp4 / mock-poster.jpg|example.com 占位地址不可达，前端拿到死链|mock 下用本地资源 URL 或标注占位|open|batch-4
R4-XXXXX|d:\6\恋爱小程序\apps\api\src\main\java\com\campuslove\api\mock\MockAiVideoService.java|46-47|H|P3|mock 数据硬编码 https://example.com/mock-image.jpg|example.com 占位地址不可达，前端拿到死链|mock 下用本地资源 URL 或标注占位|open|batch-4
R4-XXXXX|d:\6\恋爱小程序\apps\api\src\main\java\com\campuslove\api\media\LocalMediaStorageService.java|116|H|P3|LEGACY_URL_PREFIX = /uploads/ 兼容旧前缀常量|历史前缀兼容逻辑保留，新增路径继续走 /uploads/ 语义|可接受；迁移完成后移除兼容分支|open|batch-4
R4-XXXXX|d:\6\恋爱小程序\apps\api\src\main\java\com\campuslove\api\chat\VoiceMessageService.java|78|H|P3|@Value 默认值 /uploads/（FILE_STORAGE_PREFIX 未配置时生效）|上传前缀默认值内嵌代码，与统一媒体服务配置分离|统一到 file-storage 配置中心|open|batch-4
R4-XXXXX|d:\6\恋爱小程序\apps\api\src\main\java\com\campuslove\api\mock\MockVillageService.java|474-497|H|P3|mock 种子数据硬编码 /uploads/mock/avatar-*.jpg 头像/帖子图路径（多行）|mock 图片路径写死，与真实媒体服务 URL 规则不一致|mock 数据源统一常量或注释占位|open|batch-4
R4-XXXXX|d:\6\恋爱小程序\apps\api\src\main\java\com\campuslove\api\mock\MockVillageService.java|503-538|H|P3|mock 种子数据硬编码 /uploads/mock/avatar-*.jpg 头像路径（多行）|mock 图片路径写死|mock 数据源统一常量或注释占位|open|batch-4
R4-XXXXX|d:\6\恋爱小程序\apps\api\src\main\java\com\campuslove\api\mock\MockVillageService.java|543-563|H|P3|mock 评论种子数据硬编码 /uploads/mock/avatar-*.jpg|mock 图片路径写死|mock 数据源统一常量或注释占位|open|batch-4
R4-XXXXX|d:\6\恋爱小程序\apps\api\src\main\java\com\campuslove\api\mock\MockVillageService.java|573-597|H|P3|mock 帖子/评论种子硬编码 /uploads/mock/ 路径|mock 图片路径写死|mock 数据源统一常量或注释占位|open|batch-4
R4-XXXXX|d:\6\恋爱小程序\apps\api\src\main\java\com\campuslove\api\mock\MockVillageService.java|604-628|H|P3|mock 评论种子数据硬编码 /uploads/mock/avatar-*.jpg|mock 图片路径写死|mock 数据源统一常量或注释占位|open|batch-4
R4-XXXXX|d:\6\恋爱小程序\apps\api\src\main\java\com\campuslove\api\mock\MockRuntimeState.java|41-194|H|P3|mock 用户种子硬编码 /uploads/mock/photo-1.jpg、avatar-*.jpg 等路径（多行）|mock 图片路径写死，示例账号头像依赖静态文件存在|mock 数据源统一常量或注释占位|open|batch-4
R4-XXXXX|d:\6\恋爱小程序\apps\api\src\main\java\com\campuslove\api\mock\MockNotificationService.java|63-98|H|P3|mock 通知种子硬编码 /uploads/mock/avatar-*.jpg|mock 图片路径写死|mock 数据源统一常量或注释占位|open|batch-4
R4-XXXXX|d:\6\恋爱小程序\apps\api\src\main\java\com\campuslove\api\mock\MockCampusService.java|194-241|H|P3|mock 话题/回复种子硬编码 /uploads/mock/ 路径|mock 图片路径写死|mock 数据源统一常量或注释占位|open|batch-4
R4-XXXXX|d:\6\恋爱小程序\apps\api\src\main\java\com\campuslove\api\mock\MockCampusCertificationService.java|56-175|H|P3|mock 认证种子硬编码 /uploads/mock/student-card-1.jpg|mock 图片路径写死，演示学生证图可能不存在|mock 数据源统一常量或注释占位|open|batch-4
R4-XXXXX|d:\6\恋爱小程序\apps\api\src\main\java\com\campuslove\api\wallet\WalletController.java|94|H|P3|业务魔法数字未抽常量 (@Value 默认 app.demo-recharge.daily-limit:5（每用)|次数规则散落代码，调限需改码发版|抽取配置到统一配置中心/常量|open|batch-4
R4-XXXXX|d:\6\恋爱小程序\apps\api\src\main\java\com\campuslove\api\wallet\RealWalletUnlockService.java|41|H|P3|业务魔法数字未抽常量 (@Value 默认 app.unlock-price.liked-me:300（解锁单价)|定价默认值内嵌代码，调价需发版|价格默认值移入配置文件/管理端|open|batch-4
R4-XXXXX|d:\6\恋爱小程序\apps\api\src\main\java\com\campuslove\api\wallet\RealWalletUnlockService.java|45|H|P3|业务魔法数字未抽常量 (@Value 默认 app.unlock-price.visitor:300（访客列表解)|定价默认值内嵌代码|价格默认值移入配置文件/管理端|open|batch-4
R4-XXXXX|d:\6\恋爱小程序\apps\api\src\main\java\com\campuslove\api\wallet\MockWalletUnlockService.java|29|H|P3|业务魔法数字未抽常量 (mock 实现默认解锁单价 300 分（与 Real 双写，改动易漏）)|双实现价格默认值重复，改价时可能只改一处|抽公共常量/配置|open|batch-4
R4-XXXXX|d:\6\恋爱小程序\apps\api\src\main\java\com\campuslove\api\wallet\MockWalletUnlockService.java|33|H|P3|业务魔法数字未抽常量 (mock 实现默认解锁单价 300 分)|双实现价格默认值重复|抽公共常量/配置|open|batch-4
R4-XXXXX|d:\6\恋爱小程序\apps\api\src\main\java\com\campuslove\api\config\AsyncConfig.java|63|H|P3|业务魔法数字未抽常量 (@Value 默认 core-pool-size:8（线程池核心数魔法值）)|线程池参数默认值内嵌，容量调整需改码|默认值移入配置文件|open|batch-4
R4-XXXXX|d:\6\恋爱小程序\apps\api\src\main\java\com\campuslove\api\config\AsyncConfig.java|66|H|P3|业务魔法数字未抽常量 (@Value 默认 max-pool-size:32)|线程池参数默认值内嵌|默认值移入配置文件|open|batch-4
R4-XXXXX|d:\6\恋爱小程序\apps\api\src\main\java\com\campuslove\api\config\AsyncConfig.java|69|H|P3|业务魔法数字未抽常量 (@Value 默认 queue-capacity:200)|线程池参数默认值内嵌|默认值移入配置文件|open|batch-4
R4-XXXXX|d:\6\恋爱小程序\apps\api\src\main\java\com\campuslove\api\config\AsyncConfig.java|75|H|P3|业务魔法数字未抽常量 (@Value 默认 keep-alive-seconds:60)|线程池参数默认值内嵌|默认值移入配置文件|open|batch-4
R4-XXXXX|d:\6\恋爱小程序\apps\api\src\main\java\com\campuslove\api\growth\WeChatPushService.java|121|H|P3|业务魔法数字未抽常量 (access_token 提前 300 秒过期余量（(response.getExpir)|第三方令牌缓冲期魔法值，调整需改码|抽取常量并注释来源|open|batch-4
R4-XXXXX|d:\6\恋爱小程序\apps\api\src\main\java\com\campuslove\api\config\RedisConfig.java|184|H|P3|业务魔法数字未抽常量 (setTimeout(3000) 连接超时毫秒魔法值)|连接参数默认值内嵌，环境差异无法按环境配置|移入配置|open|batch-4
R4-XXXXX|d:\6\恋爱小程序\apps\api\src\main\java\com\campuslove\api\config\RedisConfig.java|185|H|P3|业务魔法数字未抽常量 (setConnectTimeout(5000) 毫秒魔法值)|连接参数默认值内嵌|移入配置|open|batch-4
R4-XXXXX|d:\6\恋爱小程序\apps\api\src\main\java\com\campuslove\api\config\RedisConfig.java|187|H|P3|业务魔法数字未抽常量 (setRetryInterval(1000) 毫秒魔法值)|连接参数默认值内嵌|移入配置|open|batch-4
R4-XXXXX|d:\6\恋爱小程序\apps\api\src\main\java\com\campuslove\api\config\WebConfig.java|138|H|P3|业务魔法数字未抽常量 (CORS maxAge(3600L) 秒魔法值)|CORS 缓存时长内嵌，调整需改码|抽取常量|open|batch-4
R4-XXXXX|d:\6\恋爱小程序\apps\api\src\main\java\com\campuslove\api\config\SecurityConfig.java|110|H|P3|业务魔法数字未抽常量 (CORS maxAgeInSeconds(31536000)（1 年缓存）)|跨域预检缓存一年，域名变更后客户端仍持旧策略|抽取常量并评估合理值|open|batch-4
R4-XXXXX|d:\6\恋爱小程序\apps\api\src\main\java\com\campuslove\api\config\MockSecurityConfig.java|119|H|P3|业务魔法数字未抽常量 (mock profile CORS maxAgeInSeconds(31536000))|同 SecurityConfig:110|抽取常量|open|batch-4
R4-XXXXX|d:\6\恋爱小程序\apps\api\src\main\java\com\campuslove\api\config\JwtTokenProvider.java|377|H|P3|业务魔法数字未抽常量 (@Scheduled fixedDelay=3600000 毫秒魔法值)|清理任务周期内嵌，调整需改码|抽取常量或配置|open|batch-4
R4-XXXXX|d:\6\恋爱小程序\apps\api\src\main\java\com\campuslove\api\auth\RedisTokenBlacklistService.java|69|H|P3|业务魔法数字未抽常量 (@Scheduled fixedDelay=3600000 毫秒魔法值)|清理任务周期内嵌|抽取常量或配置|open|batch-4
R4-XXXXX|d:\6\恋爱小程序\apps\api\src\main\java\com\campuslove\api\auth\OnlineUserService.java|86|H|P3|业务魔法数字未抽常量 (会话 TTL 兜底 24L * 3600 * 1000（24 小时毫秒魔法值）)|默认 TTL 内嵌，与 JwtConfig 24h 双处定义易漂移|统一 TTL 常量/配置|open|batch-4
R4-XXXXX|d:\6\恋爱小程序\apps\api\src\main\java\com\campuslove\api\admin\AdminSensitiveWordController.java|242|H|P3|业务魔法数字未抽常量 (@Size(max=10000) 敏感词批量导入上限魔法值)|导入上限内嵌注解，调整需改码|抽取常量|open|batch-4
R4-XXXXX|d:\6\恋爱小程序\apps\api\src\main\java\com\campuslove\api\admin\audit\AuditAsyncConfig.java|33|H|P3|业务魔法数字未抽常量 (setQueueCapacity(1000) 队列容量魔法值)|审计异步队列容量内嵌|抽取常量/配置|open|batch-4
R4-XXXXX|d:\6\恋爱小程序\apps\api\src\main\java\com\campuslove\api\auth\RealAuthService.java|347|H|P3|业务魔法数字未抽常量 (并发注册冲突重试 attempt >= 2 次数魔法值)|重试策略内嵌，调整需改码|抽取常量|open|batch-4
R4-XXXXX|d:\6\恋爱小程序\apps\api\src\main\java\com\campuslove\api\auth\RealAuthService.java|952|H|P3|业务魔法数字未抽常量 (profileCompletion >= 50 视为资料完成阈值魔法值)|完成度阈值内嵌，与客户端/其他服务判定可能不一致|抽取常量|open|batch-4
R4-XXXXX|d:\6\恋爱小程序\apps\api\src\main\java\com\campuslove\api\campus\RealCampusService.java|281|H|P3|业务魔法数字未抽常量 (post.getLikesCount() >= 50 热门帖子阈值魔法值)|热门判定阈值内嵌，多处重复出现|抽取共享常量|open|batch-4
R4-XXXXX|d:\6\恋爱小程序\apps\api\src\main\java\com\campuslove\api\village\RealPostTagService.java|171|H|P3|业务魔法数字未抽常量 (post.getLikesCount() >= 50 热门阈值魔法值)|热门判定阈值内嵌，与 RealCampusService:281 重复|抽取共享常量|open|batch-4
R4-XXXXX|d:\6\恋爱小程序\apps\api\src\main\java\com\campuslove\api\village\MockPostTagService.java|86|H|P3|业务魔法数字未抽常量 (mock p.likesCount >= 50 热门阈值魔法值)|mock 侧阈值独立定义，与 real 不一致|抽取共享常量|open|batch-4
R4-XXXXX|d:\6\恋爱小程序\apps\api\src\main\java\com\campuslove\api\discover\RecommendationRanker.java|513|H|P3|业务魔法数字未抽常量 (total >= 100 推荐候选分层阈值魔法值)|推荐分层阈值内嵌，调优需改码|抽取常量/配置|open|batch-4
R4-XXXXX|d:\6\恋爱小程序\apps\api\src\main\java\com\campuslove\api\discover\RecommendationRanker.java|515|H|P3|业务魔法数字未抽常量 (total >= 20 推荐候选分层阈值魔法值)|推荐分层阈值内嵌|抽取常量/配置|open|batch-4
R4-XXXXX|d:\6\恋爱小程序\apps\api\src\main\java\com\campuslove\api\location\LocationService.java|75|H|P3|业务魔法数字未抽常量 (经纬度秒分量 second >= 16 && second <= 31 范围魔法值（16)|坐标解析范围魔法值，无注释业务含义|抽取命名常量|open|batch-4
R4-XXXXX|d:\6\恋爱小程序\apps\api\src\main\java\com\campuslove\api\utils\SensitiveDataMasker.java|114|H|P3|业务魔法数字未抽常量 (len >= 11 脱敏分支长度魔法值)|脱敏逻辑按长度分支，阈值内嵌|抽取常量|open|batch-4
R4-XXXXX|d:\6\恋爱小程序\apps\api\src\main\java\com\campuslove\api\utils\SensitiveDataMasker.java|118|H|P3|业务魔法数字未抽常量 (len >= 8 脱敏分支长度魔法值)|脱敏逻辑按长度分支|抽取常量|open|batch-4
R4-XXXXX|d:\6\恋爱小程序\apps\api\src\main\java\com\campuslove\api\utils\SensitiveDataMasker.java|124|H|P3|业务魔法数字未抽常量 (len >= 4 脱敏分支长度魔法值)|脱敏逻辑按长度分支|抽取常量|open|batch-4
R4-XXXXX|d:\6\恋爱小程序\apps\api\src\main\java\com\campuslove\api\dto\MaskingUtils.java|79|H|P3|业务魔法数字未抽常量 (len >= 11 脱敏分支长度魔法值)|与 SensitiveDataMasker 重复的脱敏阈值|抽取共享常量|open|batch-4
R4-XXXXX|d:\6\恋爱小程序\apps\api\src\main\java\com\campuslove\api\dto\MaskingUtils.java|85|H|P3|业务魔法数字未抽常量 (len >= 7 脱敏分支长度魔法值)|与 SensitiveDataMasker 重复的脱敏阈值|抽取共享常量|open|batch-4
R4-XXXXX|d:\6\恋爱小程序\apps\api\src\main\java\com\campuslove\api\config\JwtConfig.java|36|H|P3|业务魔法数字未抽常量 (expirationMs = 86400000L（24 小时毫秒默认值，无注释场景）)|JWT 有效期默认值内嵌，改动与 OnlineUserService:86 需同步|抽取常量/配置|open|batch-4
R4-XXXXX|d:\6\恋爱小程序\apps\api\src\main\java\com\campuslove\api\ai\AiVideoConfig.java|59|H|P3|业务魔法数字未抽常量 (timeoutMs = 30000L（AI 调用超时 30 秒默认值）)|超时默认值内嵌，与 AGNES_TIMEOUT_MS 双通道易混淆|默认值移入 yml|open|batch-4
R4-XXXXX|d:\6\恋爱小程序\apps\api\src\main\java\com\campuslove\api\chat\TempChatController.java|148|H|P3|业务魔法数字未抽常量 (@Max(3600) durationSeconds 临时会话时长上限魔法值)|会话时长上限内嵌注解，与 TempChatSessionService TTL 逻辑分离|抽取共享常量|open|batch-4
R4-XXXXX|d:\6\恋爱小程序\apps\api\src\main\java\com\campuslove\api\village\VillagePostService.java|96|H|P3|业务魔法数字未抽常量 (帖子标题长度 5-30 字魔法值内嵌于错误消息)|标题长度规则散落消息文本，与校验实现可能不一致|抽取常量并在校验与文案共用|open|batch-4
R4-XXXXX|d:\6\恋爱小程序\apps\api\src\main\java\com\campuslove\api\wallet\WalletController.java|322|H|P3|业务魔法数字未抽常量 (@Max(value=100_000_000) 单次扣减金额上限魔法值)|金额上限内嵌注解，与运营风控配置分离|抽取常量/配置|open|batch-4
R4-XXXXX|d:\6\恋爱小程序\apps\api\src\main\java\com\campuslove\api\wallet\WalletController.java|368|H|P3|业务魔法数字未抽常量 (@Max(value=100_000_000) 单次充值金额上限魔法值)|金额上限内嵌注解|抽取常量/配置|open|batch-4
R4-XXXXX|d:\6\恋爱小程序\apps\api\src\main\java\com\campuslove\api\admin\AdminPromoCodeController.java|416|H|P3|业务魔法数字未抽常量 (@Min(1) @Max(500) 批量生成数量上限（500 字面量，未用 MAX_BA)|同一上限既有常量又有字面量，改动易漏|统一使用常量|open|batch-4
R4-XXXXX|d:\6\恋爱小程序\apps\api\src\main\java\com\campuslove\api\admin\RealAdminMatchConfigService.java|219|H|P3|业务魔法数字未抽常量 (v < 1 或 v > 500 匹配配置校验上限魔法值)|配置校验边界内嵌，与文档可能不一致|抽取常量|open|batch-4
R4-XXXXX|d:\6\恋爱小程序\apps\api\src\main\java\com\campuslove\api\admin\RealAdminMatchConfigService.java|227|H|P3|业务魔法数字未抽常量 (v < 0 或 v > 10000 匹配配置校验上限魔法值)|配置校验边界内嵌|抽取常量|open|batch-4
R4-XXXXX|d:\6\恋爱小程序\apps\api\src\main\java\com\campuslove\api\admin\RealAdminMatchConfigService.java|251|H|P3|业务魔法数字未抽常量 (v < 1 或 v > 1000 匹配配置校验上限魔法值)|配置校验边界内嵌|抽取常量|open|batch-4
R4-XXXXX|d:\6\恋爱小程序\apps\api\src\main\java\com\campuslove\api\admin\RealAdminMatchConfigService.java|255|H|P3|业务魔法数字未抽常量 (v < 1 或 v > 500 匹配配置校验上限魔法值)|配置校验边界内嵌|抽取常量|open|batch-4
R4-XXXXX|d:\6\恋爱小程序\apps\api\src\main\java\com\campuslove\api\admin\RealAdminMatchConfigService.java|261|H|P3|业务魔法数字未抽常量 (v < 0 或 v > 10000 匹配配置校验上限魔法值)|配置校验边界内嵌|抽取常量|open|batch-4
R4-XXXXX|d:\6\恋爱小程序\apps\api\src\main\java\com\campuslove\api\feedback\RealFeedbackService.java|232|H|P3|业务魔法数字未抽常量 (错误消息硬编码 5MB 文案（校验实际用常量，文案分离易漂移）)|文案与常量值分离，改限时忘改文案|文案由常量值拼接|open|batch-4
R4-XXXXX|d:\6\恋爱小程序\apps\api\src\main\java\com\campuslove\api\feedback\MockFeedbackService.java|220|H|P3|业务魔法数字未抽常量 (5L * 1024 * 1024 图片上限字面量（未用常量，与 Real 实现重复）)|mock 与 real 上限双处定义，改动易漏|抽公共常量|open|batch-4
R4-XXXXX|d:\6\恋爱小程序\apps\api\src\main\java\com\campuslove\api\media\MediaAccessController.java|221|H|P3|业务魔法数字未抽常量 (Cache-Control 硬编码 max-age=3600 秒魔法值)|媒体缓存时长内嵌字符串，调整需改码|抽取常量|open|batch-4
R4-XXXXX|d:\6\恋爱小程序\apps\api\src\main\java\com\campuslove\api\mock\MockNotificationService.java|65|H|P3|业务魔法数字未抽常量 (mock 种子 now.minusSeconds(300)（5 分钟）)|mock 演示时间偏移硬编码|mock 数据源统一常量|open|batch-4
R4-XXXXX|d:\6\恋爱小程序\apps\api\src\main\java\com\campuslove\api\mock\MockNotificationService.java|72|H|P3|业务魔法数字未抽常量 (mock 种子 now.minusSeconds(1800)（30 分钟）)|mock 演示时间偏移硬编码|mock 数据源统一常量|open|batch-4
R4-XXXXX|d:\6\恋爱小程序\apps\api\src\main\java\com\campuslove\api\mock\MockNotificationService.java|79|H|P3|业务魔法数字未抽常量 (mock 种子 now.minusSeconds(3600)（1 小时）)|mock 演示时间偏移硬编码|mock 数据源统一常量|open|batch-4
R4-XXXXX|d:\6\恋爱小程序\apps\api\src\main\java\com\campuslove\api\mock\MockNotificationService.java|86|H|P3|业务魔法数字未抽常量 (mock 种子 now.minusSeconds(7200)（2 小时）)|mock 演示时间偏移硬编码|mock 数据源统一常量|open|batch-4
R4-XXXXX|d:\6\恋爱小程序\apps\api\src\main\java\com\campuslove\api\mock\MockNotificationService.java|93|H|P3|业务魔法数字未抽常量 (mock 种子 now.minusSeconds(14400)（4 小时）)|mock 演示时间偏移硬编码|mock 数据源统一常量|open|batch-4
R4-XXXXX|d:\6\恋爱小程序\apps\api\src\main\java\com\campuslove\api\discover\MockCircleService.java|109|H|P3|业务魔法数字未抽常量 (mock 新 ID 生成 System.currentTimeMillis() % 10)|mock ID 生成可能碰撞（毫秒取模 10 万）|改用 AtomicLong/UUID|open|batch-4
R4-XXXXX|d:\6\恋爱小程序\apps\api\src\main\java\com\campuslove\api\discover\MockCircleService.java|164|H|P3|业务魔法数字未抽常量 (mock 新 ID 生成 % 100000 取模上限魔法值)|mock ID 生成可能碰撞|改用 AtomicLong/UUID|open|batch-4
