R4-00001|d:\6\恋爱小程序\apps\client\src\pages\login\index.vue|418-420|F|P1|Apple 登录假成功：uni.login(apple) 成功后直接 toast"登录成功"并跳转 discover，注释明示"省略与后端 /api/auth/third-party/apple 的 token 交换"，实际未建立会话（模拟登录）|用户以为 Apple 登录成功，实际未登录，跳转后被守卫踢回登录页，信任受损|接入后端 Apple token 交换，未实现前移除入口|open|batch-2|
R4-00002|d:\6\恋爱小程序\apps\client\src\pages\login\index.vue|588-589|H|P3|展示模式入口中文文案硬编码"以演示者身份进入展示版/超级管理员模式 · 一键体验全部功能"，绕过 i18n（页内其余文案均走 t()）|展示构建文案无法随语言切换|文案迁移到 i18n 资源|open|batch-4|
R4-00003|d:\6\恋爱小程序\apps\client\src\pages\login\index.vue|37|T|P3|验证码倒计时状态机死代码：countdown/pauseCountdown/resumeCountdown（L107-138）与 .send-code-btn 样式（L914-940）无消费方——本页为手机号+密码登录，模板无验证码 UI|维护成本与误导（后人以为有验证码功能）|删除倒计时逻辑与对应样式|open|batch-4|
R4-00004|d:\6\恋爱小程序\apps\client\src\pages\home\index.vue|257-271|F|P1|空闲时段 ActionSheet 三选项（添加课程/活动/自定义）选中后仅 toast"编辑中"（courseEditing 等）无任何后续，功能未闭环|用户无法在首页添加课表安排，入口为假按钮|接入 schedule 编辑链路或移除入口|open|batch-2|
R4-00005|d:\6\恋爱小程序\apps\client\src\pages\home\index.vue|295|H|P2|签到成功 toast 奖励硬编码 n=5（t('home.checkinReward', { n: 5 })），与 L411 earnedPoints（extraRecommendations || 5）动态值可脱节|后端奖励非 5 时 toast 与分享卡片数字矛盾，误导用户|奖励数从 store 结果取|
R4-00006|d:\6\恋爱小程序\apps\client\src\pages\home\index.vue|835-881|T|P3|死样式集群：.notification-btn/.settings-btn/.notification-dot（L835-881）、.banner-*（L1248-1354）、.recommend-*（L1468-1568）、.post-*（L1746-1967）、.shop-*（L1902-1967）、.fab-*（L2049-2101）模板均无引用（注释已移除对应模块）|产物体积与样式维护成本|删除未引用样式块|open|batch-4|
R4-00007|d:\6\恋爱小程序\apps\client\src\pages\home\index.vue|39-40|T|P3|注释"首页 = 索引 2"与 useTabBar(0) 实参矛盾（discover/index.vue L50 注释称"tab 顺序：首页0/匹配1…"），两页注释互斥|误导 tab 索引维护，改 tab 时易出错|统一修正注释|open|batch-4|
R4-00008|d:\6\恋爱小程序\apps\client\src\pages\home\index.vue|619-650|F|P3|活动横滚区无空态：activityStore.activities 为空时仅渲染空白横向滚动区，无提示|空数据时页面模块显空白|增加空态占位|open|batch-4|
R4-00009|d:\6\恋爱小程序\apps\client\src\pages\discover\index.vue|113-115|H|P2|匹配成功动画头像硬编码固定占位图 partnerAvatar=AVATAR_1 / myAvatar=AVATAR_2（注释承认"UserSession 无 avatarUrl 字段"）|用户本人与对方头像非真实头像，匹配场景信任受损|会话/卡片数据源补齐真实头像|open|batch-3|
R4-00010|d:\6\恋爱小程序\apps\client\src\pages\discover\index.vue|376-401|T|P3|[AUTOSHOT] 自动化走查钩子残留生产代码：URL shot 参数可驱动自动打开详情/签到/筛选弹窗|测试专用后门入口，扩大攻击面|移入测试专用构建|open|batch-4|
R4-00011|d:\6\恋爱小程序\apps\client\src\pages\discover\index.vue|288-289|H|P3|缺省年龄区间魔法数字 18/35（recommendationFilter.ageMin ?? 18 / ageMax ?? 35）|调整默认筛选需改代码|常量提取或配置化|open|batch-4|
R4-00012|d:\6\恋爱小程序\apps\client\src\pages\discover\history.vue|60-77|F|P1|历史列表对已滑过卡片回退到占位数据：viewedCards 仅存 cardId/userId，getCardDetail 兜底返回"默认昵称"+空头像/签名（模板 L177/184 展示）|历史记录页核心内容不可识别，用户无法回看已滑用户，功能价值缺失|历史记录持久化昵称/头像字段|open|batch-2|
R4-00013|d:\6\恋爱小程序\apps\client\src\pages\discover\history.vue|204-208|U|P3|挽回按钮无 loading/禁用态：连点可并发重复调用 rewindCard|重复请求浪费与触发每日限流 429|加防抖与禁用态|open|batch-4|
R4-00014|d:\6\恋爱小程序\apps\client\src\pages\likes\index.vue|167-173|B|P2|VIP 免费解锁仅前端置位 item.unlocked=true，无服务端调用；若后端 unlocked 以 unlock 表为准，刷新后锁状态回退|VIP 用户解锁体验不稳定、状态不同步|服务端解锁接口或服务端感知 VIP 态|open|batch-3|
R4-00015|d:\6\恋爱小程序\apps\client\src\pages\likes\index.vue|614|U|P3|未解锁列表项点击无任何反馈（三元表达式第三分支为 undefined），用户点后无反应|点击无响应，用户不知道如何解锁|未解锁点击弹出解锁引导|open|batch-3|
R4-00016|d:\6\恋爱小程序\apps\client\src\pages\likes\index.vue|1155|D|P3|内联硬编码色值 rgba(15,23,42,0.72)（L1510 已有同值 token --c-overlay-strong）与 L1391 color:#ffffff 未用 design token|深色模式/主题适配失效|改用 token|open|batch-4|
R4-00017|d:\6\恋爱小程序\apps\client\src\pages\likes\index.vue|1351-1415|T|P3|.likes-batch-bar 选择器被拆为两块重复定义（L1351-1358 与 L1404-1415），bottom 属性两处声明|样式维护隐患，后续修改易漏一侧|合并为单一规则块|open|batch-4|
R4-00018|d:\6\恋爱小程序\apps\client\src\pages\likes\index.vue|1021-1071|T|P3|死样式 .likes-loading__spinner/.likes-loading__text/.likes-empty* 模板无引用（已改用 Skeleton/EmptyState 组件）|冗余样式|删除|open|batch-4|
R4-00019|d:\6\恋爱小程序\apps\client\src\pages\likes-visitors\index.vue|185-189|B|P2|formatTime 无 isNaN 校验且直接 new Date() 解析：契约（likes.yaml）visitedAt 为 "yyyy-MM-dd HH:mm:ss"，iOS/Safari 解析为 Invalid Date → 显示 NaN/NaN（likes/index.vue 已有 P2-01 同类修复，本页未同步）|iOS 端访客时间显示错乱|加 isNaN 校验 + 格式转换|open|batch-3|
R4-00020|d:\6\恋爱小程序\apps\client\src\pages\likes-visitors\index.vue|91-97|B|P2|onShow 加载条件反置：if (profileStore.loading) 时才再 load()，加载完成后（loading=false）永不刷新 profileStats，且加载中重复请求|页面数据陈旧与重复请求并存|改为 !loading 或无条件刷新|open|batch-3|
R4-00021|d:\6\恋爱小程序\apps\client\src\pages\likes-visitors\index.vue|121-125|B|P2|VIP 免费解锁 markAllUnlocked(true) 仅本地置位无服务端持久化，刷新后 unlocked 回退为锁定|VIP 解锁不可靠|服务端解锁链路打通|open|batch-3|
R4-00022|d:\6\恋爱小程序\apps\client\src\pages\likes-visitors\index.vue|267|U|P3|未解锁列表项 @tap 为 undefined 无任何反馈|点击无响应|弹出解锁引导|open|batch-3|
R4-00023|d:\6\恋爱小程序\apps\client\src\pages\heart-signals\index.vue|240|B|P2|fromUserAvatar 直接绑定 :src 未走 resolveMediaUrl（likes/home 等页均经 resolveMediaUrl 重写鉴权代理路径）|真实模式用户上传头像 URL 未重写导致 403/404 无法显示|补 resolveMediaUrl 重写|open|batch-3|
R4-00024|d:\6\恋爱小程序\apps\client\src\pages\heart-signals\index.vue|33-41|B|P2|信号状态机与契约不符：likes.yaml status enum=[pending,accepted,declined]，前端分组 [pending,accepted,expired]——expired tab 契约中不存在（后端按契约返回时恒空），declined 信号无任何展示分支被静默丢弃|已拒绝信号不可见、过期 tab 空置|对齐契约状态机并补 declined 展示|open|batch-3|
R4-00025|d:\6\恋爱小程序\apps\client\src\pages\heart-signals\index.vue|595|H|P2|倒计时进度条硬编码固定 24h 动画（countdown-shrink 24h linear）与信号实际 expiresAt 无关|信号过期时长非 24h 时进度条失真误导|按 expiresAt 动态计算宽度|open|batch-3|
R4-00026|d:\6\恋爱小程序\apps\client\src\pages\verification\index.vue|149-163|F|P1|认证提交为本地模拟：注释明确"无恋爱认证提交接口"，1s 后本地置 pending；学生证图片仅本地临时路径（chooseImage 未上传）|恋爱认证功能未落地，用户上传的学生证永不达审核方，认证信任体系断裂|接入后端提交/图片上传端点|open|batch-2|
R4-00027|d:\6\恋爱小程序\apps\client\src\pages\verification\index.vue|22|B|P1|认证状态无任何加载逻辑：status 恒为初始 unverified（无 onLoad/onMounted 拉取），已认证用户进入页面显示"未认证"+表单|认证状态展示错误，用户困惑；注释 L5"mock 默认已认证"亦与实现矛盾|onLoad 拉取真实认证状态|open|batch-2|
R4-00028|d:\6\恋爱小程序\apps\client\src\pages\verification\index.vue|191-226|F|P2|resetVerification/removeVerification 仅本地翻转 status，无后端解除认证调用|"解除认证"实际未解除，会话/后端状态不一致|接入后端接口|open|batch-2|
R4-00029|d:\6\恋爱小程序\apps\client\src\pages\verification\index.vue|180-188|T|P3|simulateApprove 函数体无 isMockMode 守卫（仅模板 v-if 保护），若未来被其他调用点引用即可在真实模式伪造认证通过|认证信任体系防御性缺口|函数内加环境守卫|open|batch-4|
R4-00030|d:\6\恋爱小程序\apps\client\src\pages\love-center\index.vue|9|T|P3|头部注释"当前为占位页：各板块点击后提示内容筹备中"与 L56"2026-08-07 落地真实内容源"矛盾（过时注释）|误导开发|修正注释|open|batch-4|
R4-00031|d:\6\恋爱小程序\apps\client\src\pages\love-center\consulting.vue|41-44|F|P1|课程报名按钮仅 toast"报名成功"（signupSuccess），无报名/支付链路（注释"真实报名/支付链路接入后端"）|商业化付费链路为假按钮，用户付费期望落空|接入真实报名/支付|open|batch-2|
R4-00032|d:\6\恋爱小程序\apps\client\src\pages\love-center\consulting.vue|30-32|H|P3|课程价格 99/129/159 魔法数字硬编码|调价需改代码|价格配置化|open|batch-4|
R4-00033|d:\6\恋爱小程序\apps\client\src\pages\love-center\mbti.vue|87-91|F|P2|MBTI 测试结果仅 toast 展示（2.5s 消失），无结果页/记录/保存|测试结果无法回看，无留存价值|结果落地页或存储|open|batch-2|
R4-00034|d:\6\恋爱小程序\apps\client\src\pages\love-center\nearby.vue|42|F|P3|"附近的人"复用 clientApi.getRecommendations({}) 全量推荐接口，无任何距离/位置参数，功能名不副实|附近维度缺失，用户期望与体验不符|接入距离/定位筛选|open|batch-3|
R4-00035|d:\6\恋爱小程序\apps\client\src\pages\activities\detail.vue|243-244|B|P3|handleSendToFriend 中 await uni.showActionSheet 无 try/catch（页内其他 ActionSheet 均用回调模式），用户取消时 H5 端 Promise reject → 未捕获异常|取消操作产生未处理 rejection|补 catch 或改回调模式|open|batch-4|
R4-00036|d:\6\恋爱小程序\apps\client\src\pages\daily-question\index.vue|200|B|P2|回答作者字段契约失配：openapi DailyAnswerView.author.displayName vs 前端 answer.authorName；非匿名时 L200 `answer.authorName[0]` 对 undefined 直接抛 TypeError 页面崩溃|后端按契约返回时回答列表作者名空白甚至崩溃|字段映射对齐（author.displayName）|open|batch-2|
R4-00037|d:\6\恋爱小程序\apps\client\src\pages\shop\index.vue|99-112|F|P1|商品详情页未注册（注释明确断链），全部商品点击仅 toast"开发中"（detailDeveloping），商城无详情/购买链路|逛逛页商业化链路断裂，积分余额无消费场景|注册详情页或隐藏商品入口|open|batch-2|
R4-00038|d:\6\恋爱小程序\apps\client\src\pages\shop\index.vue|31-92|H|P2|商品数据全为本地硬编码 mock（价格 99/29.9/9.9…、销量、分类、图片路径），无后端数据源|商城数据不可运营，价格销量为假数据|接入后端商品接口|open|batch-3|
R4-00039|d:\6\恋爱小程序\apps\client\src\pages\showcase\index.vue|39-143|H|P3|展示页全量中文文案硬编码（分组标题"核心旅程"等、欢迎语"超级管理员模式 · 所有功能已解锁"）绕过 i18n|展示构建文案无法国际化|走 i18n 资源|open|batch-4|
R4-00040|d:\6\恋爱小程序\apps\client\src\pages\dev\index.vue|18-44|H|P1|超级测试账号明文密码 "Admin@12345" 与一键登录逻辑位于 script 中，未随模板的 #ifdef DEV 条件编译剔除，进入生产产物|生产包携带测试账号凭据与登录后门，可被逆向利用|script 逻辑同样条件编译或移入 dev 专用模块|open|batch-1|
R4-00041|d:\6\恋爱小程序\apps\client\src\pages\dev\index.vue|35-37|T|P3|loginSuperAccount 的跳转 setTimeout 未保存引用清理（同页其他定时器均有 onUnmounted 清理）|dev 页卸载后仍可能触发跳转|保存引用并清理|open|batch-4|
R4-00042|d:\6\恋爱小程序\apps\client\src\pages\dev\index.vue|79|T|P3|`void refreshSuperState;` 无意义表达式语句（为绕过 noUnusedLocals 的 hack）|代码异味|删除|open|batch-4|
R4-00043|d:\6\恋爱小程序\apps\client\src\subpackages\setup\profile\index.vue|285-291|D|P2|籍贯城市/未来城市默认值直接取校区城市（campus.city），籍贯为出生地与校区无关，用户不修改即提交错误籍贯|用户籍贯数据污染，同乡匹配与推荐失效|移除自动填充，仅保留显式选择|open|batch-3|
R4-00044|d:\6\恋爱小程序\apps\client\src\subpackages\setup\campus\index.vue|155|B|P2|补认证场景（"我的→校园认证"进入，L121 注释）保存后统一 replaceAppPath 跳注册流程时间安排页，导航上下文错误|补认证用户被带到注册流程，路径混乱|按来源区分跳转目标|open|batch-3|
R4-00045|d:\6\恋爱小程序\apps\client\src\subpackages\setup\schedule\index.vue|18-24|H|P1|注册流程表单预填示例值："图书馆和北草坪"/["今晚","本周"]/courseBlocks 设计课课表，新用户直接保存即提交示例假数据入库|注册用户资料被示例数据污染，课表/偏好失真|默认值置空|open|batch-2|
R4-00046|d:\6\恋爱小程序\apps\client\src\subpackages\setup\schedule\index.vue|21-23|B|P1|courseBlocks 示例课表未在模板渲染（用户不可见、无法编辑，review #66 仅修了 timeWindows）却随 {...form}（L45）提交后端|不可见假课表入库或课表功能整体缺失|渲染课表字段或从提交中剔除|open|batch-2|
R4-00047|d:\6\恋爱小程序\apps\client\src\subpackages\setup\schedule\index.vue|33-75|H|P2|全页中文文案硬编码（"请输入偏好地点"/"保存并进入应用"/"常去区域"等 toast、标题、占位、按钮）未走 i18n，与其他 setup 页不一致|国际化缺失|接入 i18n|open|batch-3|
R4-00048|d:\6\恋爱小程序\apps\client\src\subpackages\setup\recommend-pref\index.vue|85-87|B|P2|接口契约失配：前端 GET/PUT /recommendations/preferences/me（L126-135 PUT body 用 preferredTime 字段），而 docs/openapi/recommendations.yaml 为 /recommendations/preferences 且字段 dailyNotifyTime|契约漂移，后端调整时前端 404 或字段丢失|对齐 openapi 契约（路径与字段名）|open|batch-2|
R4-00049|d:\6\恋爱小程序\apps\client\src\subpackages\legal\agreement\index.vue|148|H|P3|AppShell title="用户协议" 静态中文未走 i18n（页内其余文案均走 t()）|标题不随语言切换|title 走 i18n|open|batch-4|
R4-00050|d:\6\恋爱小程序\apps\client\src\subpackages\legal\agreement\index.vue|1-356|T|P3|agreement 与 privacy 两页 95% 代码重复（仅 LegalTextType 与 i18n key 不同），未抽取共用页面组件|双份维护成本，改一处漏一处|抽取共用法律文本页组件|open|batch-4|
R4-00051|d:\6\恋爱小程序\apps\client\src\subpackages\legal\privacy\index.vue|148|H|P3|AppShell title="隐私政策" 静态中文未走 i18n|同上|title 走 i18n|open|batch-4|
R4-00052|d:\6\恋爱小程序\apps\client\src\subpackages\discover\discussions\index.vue|46-75|H|P2|全页中文硬编码（"讨论圈"/"正在加载讨论内容..."/"点击重试"/"暂时还没有新的讨论推荐"/"去寻觅"/"反馈讨论建议"及 L32 错误文案）未走 i18n|国际化缺失|接入 i18n|open|batch-3|
R4-00053|d:\6\恋爱小程序\apps\client\src\subpackages\discover\discussions\index.vue|62-66|F|P3|讨论推荐条目仅静态展示 title/summary/heatLabel，无任何点击交互与跳转|讨论推荐无消费路径，功能半成品|条目可点击查看/跳转|open|batch-4|
R4-00054|d:\6\恋爱小程序\apps\client\src\subpackages\discover\activities\index.vue|304-545|H|P2|大量中文文案硬编码与 t() 混用："线下活动"/"正在加载活动内容..."/"列表"/"日历"/"人已报名"/"感兴趣"/"加载中..."/"没有更多活动了"/"下一步"（L128 星期标签亦硬编码）|国际化缺失且同页风格不一致|统一走 i18n|open|batch-3|
R4-00055|d:\6\恋爱小程序\apps\client\src\pages\village\index.vue|212-227|S|P1|“模拟认证一键通过（演示）”按钮无环境门控（SchoolCircleGate 组件无条件渲染 simulate 按钮，与注释“仅在非纯前端 mock 模式显示”矛盾），真实模式任意用户可一键绕过校园认证|认证形同虚设，校园频道/同校推荐数据可信度崩塌，合规风险|simulate 按钮收敛到 mock/演示包，生产移除或加权限守卫|open|batch-2|
R4-00056|d:\6\恋爱小程序\apps\client\src\pages\campus\certification.vue|113-117|B|P1|学生证照片未先上传：submitCertification 将 chooseImage 本地临时路径（tempFilePath）作为 studentIdCardUrl 直接 POST，real 模式后端无法访问该地址|审核人员无法查看学生证，认证流程功能性失效|先调 uploadFileViaUni 上传换取 URL 再提交|open|batch-2|
R4-00057|d:\6\恋爱小程序\apps\client\src\pages\profile\album.vue|237-254|F|P1|“设为头像”为纯本地数组重排（splice/unshift 仅改 photoGallery），注释称更新 sessionStore 但代码无任何调用，刷新页面后恢复原状|用户以为已换头像，实际未生效，交互闭环造假|接入 avatar 上传/置换接口或移除入口|open|batch-2|
R4-00058|d:\6\恋爱小程序\apps\client\src\pages\profile\tasks.vue|118-122|F|P1|任务中心“每日签到”点击即本地置 done=true（“本地立即完成（演示态）”），未调用真实 GET/POST /check-in 接口，积分/连签不发|任务奖励体系虚假，用户签到数据不落库|接入 clientApi.checkIn/getCheckInStatus 真实链路|open|batch-2|
R4-00059|d:\6\恋爱小程序\apps\client\src\pages\profile\tasks.vue|44-75|F|P2|任务列表为静态本地数据（“示例任务列表，后续可接入后端任务系统”），profile/checkin 两条 done 硬编码 true，进度条基于假数据|任务中心对真实用户无意义，商业化激励缺失|后端任务系统接入或下线页面|open|batch-3|
R4-00060|d:\6\恋爱小程序\apps\client\src\pages\security\index.vue|79-93|F|P1|“修改密码”仅本地校验 6-20 位+两次一致后 toast 成功，无任何后端调用，密码从未被修改|安全中心核心功能是假的，用户修改密码后旧密码仍有效|接入真实改密接口（含旧密码校验）|open|batch-2|
R4-00061|d:\6\恋爱小程序\apps\client\src\pages\security\index.vue|138-150|F|P1|“注销账号”为演示态：仅弹窗提示客服协助（注释“真实链路调用后端注销接口”未实现）|用户无法注销账号，隐私合规风险|接入 account/deactivate 后端接口|open|batch-2|
R4-00062|d:\6\恋爱小程序\apps\client\src\pages\security\index.vue|96-117|F|P2|“下线设备”仅从本地 devices 数组 filter 移除，无后端调用，刷新页面设备重现|设备管理形同虚设，无法真正保护账号|接入设备列表/下线接口|open|batch-3|
R4-00063|d:\6\恋爱小程序\apps\client\src\pages\security\index.vue|29,40-44|H|P3|演示数据硬编码：boundPhone “138****5678” 与 devices（iPhone 15 Pro/小米 14/iPad Air）|生产环境展示假手机号/假设备，误导用户|接入真实账号/设备数据|open|batch-4|
R4-00064|d:\6\恋爱小程序\apps\client\src\pages\settings\index.vue|221-247|F|P2|“清除缓存”为演示实现（800ms 后置 cacheSize=“0 KB”），未调用 getStorageInfo/clearStorage，TODO(mock) 注明|用户以为缓存已清，实际占用不降|接入 uni.clearStorage 真实链路|open|batch-3|
R4-00065|d:\6\恋爱小程序\apps\client\src\pages\settings\index.vue|250-266|F|P2|“检查更新”为演示实现（延迟后提示“已是最新版本”），未接入 getUpdateManager/版本接口|版本更新提示虚假|接入真实更新检查|open|batch-3|
R4-00066|d:\6\恋爱小程序\apps\client\src\pages\settings\index.vue|63-71|F|P3|消息通知/隐私模式开关仅存本地 storage，无后端/系统级消费方，开关不产生任何实际效果|设置项形同虚设|明确消费方或移除入口|open|batch-4|
R4-00067|d:\6\恋爱小程序\apps\client\src\pages\wallet\index.vue|43-66|F|P1|“演示充值”按钮：无支付流程直接 POST /wallet/recharge 入账 10000 分（订单号 RECHARGE-DEMO-{ts} 仅作幂等键），真实模式用户可无限刷余额|资金风险：等于免费印钞，账单与收入对不上|移除演示充值或接入真实支付回调|open|batch-2|
R4-00068|d:\6\恋爱小程序\apps\client\src\pages\vip\index.vue|155-177|F|P1|“立即开通”真实模式仅 toast “功能建设中”（支付未接入），mock 模式 setTimeout 假支付成功弹“开通成功”但未真正开通 VIP|VIP 商业化链路断裂，mock 下用户被虚假成功误导|接入微信支付/后端订单闭环|open|batch-2|
R4-00069|d:\6\恋爱小程序\apps\client\src\pages\chat\video-call.vue|139-159,383-403|F|P1|视频通话无真实推拉流：pusherUrl/playerUrl 恒为空字符串（“真实环境填入信令服务器返回的推流地址”），live-pusher/live-player v-if 永不渲染，通话全程无视频|核心功能假实现，用户进入通话黑屏|接入信令/RTC 推拉流|open|batch-2|
R4-00070|d:\6\恋爱小程序\apps\client\src\pages\chat\video-call.vue|300-310|F|P2|“翻转相机”两端分支均只 uni.showToast，未调用 live-pusher switchCamera|按钮无实际效果，交互欺骗|真实调用 pusher 上下文翻转|open|batch-3|
R4-00071|d:\6\恋爱小程序\apps\client\src\pages\circles\post-topic.vue|324-329|F|P1|话题图片真实模式未上传：仅 console.warn 提示（“等待上传接口接入”），本地临时路径随 createTopic 提交，后端无法访问|话题配图在 real 模式全部裂图|先调 uploadPostImage 上传再提交|open|batch-2|
R4-00072|d:\6\恋爱小程序\apps\client\src\pages\chat-session\index.vue|858-874|B|P2|私信会话长按也显示“撤回”菜单项，但撤回端点 POST /temp-chat/sessions/{id}/messages/{mid}/recall 仅临时会话存在，私信撤回必然 404 提示“撤回失败”|私信消息无法撤回，功能不符合预期|撤回菜单按会话类型隐藏或接入私信撤回端点|open|batch-3|
R4-00073|d:\6\恋爱小程序\apps\client\src\pages\chat-session\index.vue|357-372|B|P2|syncChatStoreMessagesToMessagesStore 映射仅保留 id/sender/kind/body/sentAt/durationSeconds，丢弃 recalled/deliveryStatus/quoteRef/quoteBody/quoteSender|临时会话撤回态、引用回复、送达状态渲染丢失|映射补充扩展字段|open|batch-3|
R4-00074|d:\6\恋爱小程序\apps\client\src\pages\chat-session\index.vue|882-884|T|P2|handleTapQuote 函数体为空（注释称“仅取消引用”但未调用 cancelQuoteReply），点击引用气泡无任何响应|引用消息点击无反馈，交互死点|实现滚动定位或至少取消引用|open|batch-3|
R4-00075|d:\6\恋爱小程序\apps\client\src\pages\chat-session\index.vue|1130-1137|F|P3|表情（笑脸）图标按钮无 @tap handler，点击无任何反应|死按钮，误导用户|接入表情面板或移除按钮|open|batch-4|
R4-00076|d:\6\恋爱小程序\apps\client\src\pages\chat-session\index.vue|193|H|P3|硬编码路径 “/pages/profile/index?userId=” 未走 ROUTES 常量|路径散落，重构易漏改|改用 ROUTES.PROFILE.INDEX|open|batch-4|
R4-00077|d:\6\恋爱小程序\apps\client\src\pages\chat-session\view-models.ts|97|H|P3|formatTempCountdown 返回硬编码中文“已结束”绕过 i18n|en-US 下显示中文|改由调用方 t() 处理|open|batch-4|
R4-00078|d:\6\恋爱小程序\apps\client\src\pages\chat-session\view-models.ts|304|H|P3|星期文案 “星期${“日一二三四五六”[d.getDay()]}” 硬编码中文|en-US 下显示中文星期|走 i18n|open|batch-4|
R4-00079|d:\6\恋爱小程序\apps\client\src\pages\chat\index.vue|1-10,165|T|P3|聊天旧页已从 pages.json 移除注册（注释自述），页面与 ROUTES.TAB.CHAT 引用已清理，成为死文件|死代码增加维护面|删除文件或恢复注册|open|batch-4|
R4-00080|d:\6\恋爱小程序\apps\client\src\pages\messages\index.vue|489|B|P3|session.partnerName.charAt(0) 无空值守卫（本文件 91 行注释确认后端 otherUserName 可能为空），null 时抛 TypeError|会话头像字母崩溃，整页渲染中断|(partnerName||“?”).charAt(0)|
R4-00081|d:\6\恋爱小程序\apps\client\src\pages\messages\index.vue|315|H|P3|硬编码官方号 code “official-assistant” 拼接跳转路径|code 变更需多处同步|收敛到常量|open|batch-4|
R4-00082|d:\6\恋爱小程序\apps\client\src\pages\official-chat\index.vue|206-221|S|P2|real 模式加载官方号消息失败时静默回退 mock 本地文案，用户看到与后端不一致的“官方消息”|伪造官方内容展示给真实用户，信任受损|失败态展示错误提示而非 mock 数据|open|batch-3|
R4-00083|d:\6\恋爱小程序\apps\client\src\pages\official-chat\index.vue|142|H|P3|魔法数字 6*3600*1000 生成 mock 消息时间偏移|可读性差|提常量|open|batch-4|
R4-00084|d:\6\恋爱小程序\apps\client\src\pages\village\index.vue|199,203,208,231,278,283,288,298,325|H|P3|9 处页面路径字面量硬编码（/pages/circles/index、/pages/campus/certification、/pages/village/detail 等）|路径散落，路由调整易漏|统一走 ROUTES|open|batch-4|
R4-00085|d:\6\恋爱小程序\apps\client\src\pages\village\index.vue|634|B|P3|topic.author.name[0] 无空值守卫，昵称空/null 时崩溃或渲染 undefined|话题作者昵称异常时列表渲染中断|(name||“?”)[0]|
R4-00086|d:\6\恋爱小程序\apps\client\src\pages\village\detail.vue|610,753,803,878|B|P3|4 处 author/comment/reply/similar 昵称取首字符 name[0] 均无空值守卫（null 时 TypeError）|昵称异常时评论/作者区渲染中断|统一兜底占位字符|open|batch-3|
R4-00087|d:\6\恋爱小程序\apps\client\src\pages\village\detail.vue|558-559,846-850|F|P2|评论仅 fetchComments 拉第一页（store 端 fetchCommentsApi(postId) 无分页参数），契约 CommentListResponse 含 total/page/pageSize，超 20 条评论无法查看|大帖评论区截断，内容不可达|接入分页加载更多|open|batch-3|
R4-00088|d:\6\恋爱小程序\apps\client\src\pages\village\detail.vue|84,293,300,410,412,482,484|H|P3|7 处页面路径字面量（/pages/profile/index、/pages/village/tag-posts、/pages/activities/detail、/pages/chat-session/index）|路径散落|统一走 ROUTES|open|batch-4|
R4-00089|d:\6\恋爱小程序\apps\client\src\pages\village\history.vue|179-182|H|P2|统计标签 “赞/藏/看/评” 中文硬编码直出，绕过 i18n|en-US 界面显示中文统计|改用 i18n key|open|batch-3|
R4-00090|d:\6\恋爱小程序\apps\client\src\pages\village\history.vue|167|B|P3|item.post.author.name[0] 无空值守卫|昵称异常时崩溃|兜底占位|open|batch-3|
R4-00091|d:\6\恋爱小程序\apps\client\src\pages\village\tag-posts.vue|203-259|H|P3|getMockTagPosts 内嵌 6 条 mock 帖子（假 ID 1001-1006、中文内容、mock 头像/学校），页面级模拟数据|模拟数据散落页面，污染产物|移入 mock 数据源|open|batch-4|
R4-00092|d:\6\恋爱小程序\apps\client\src\pages\village\tag-posts.vue|160-167|F|P2|标签页帖子 isLiked/isFollowed/isShared/isAlumni/isFavorite 全部硬编码 false，后端响应也未映射，点赞/关注状态不回显|用户看到的点赞态与实际不符（“置顶回显”同类问题）|后端返回并映射互动状态|open|batch-3|
R4-00093|d:\6\恋爱小程序\apps\client\src\pages\village\tag-posts.vue|130-141|B|P3|GET /post-tags/posts 端点不在 docs/openapi/village.yaml；page 参数 0 基，与 /posts 契约 1 基分页约定不一致|契约漂移，联调/文档失真|补契约并统一分页口径|open|batch-4|
R4-00094|d:\6\恋爱小程序\apps\client\src\pages\village\tag-posts.vue|175|H|P3|错误兜底文案 “加载帖子失败” 中文硬编码绕过 i18n|en-US 下显示中文错误|走 i18n|open|batch-4|
R4-00095|d:\6\恋爱小程序\apps\client\src\pages\village\post.vue|115-119|B|P2|发帖分类 cat-sincere/hometown/mask/interest 经 toBackendCategory 映射为 sincere/hometown/mask/interest，与 village.yaml CreatePostRequest.category 枚举 [dating,study,life,activity,help] 漂移|契约失配，real 后端按枚举校验时发帖 400 或分类错乱|对齐契约或更新文档|open|batch-3|
R4-00096|d:\6\恋爱小程序\apps\client\src\pages\village\post.vue|128-146|H|P3|预置话题标签中文硬编码（mock 与 real 失败兜底同一份）|en-US 下展示中文标签|走 i18n/后端数据|open|batch-4|
R4-00097|d:\6\恋爱小程序\apps\client\src\pages\village\post.vue|135-138|B|P3|GET /post-tags 端点不在 docs/openapi 任何契约中，real 模式可能 404|契约缺失，联调风险|补 openapi 或走已有端点|open|batch-4|
R4-00098|d:\6\恋爱小程序\apps\client\src\pages\circles\index.vue|45-54|H|P2|按分类过滤依赖中文关键词 includes 匹配（“读书”“运动”等，TODO(后端) 注明服务端过滤未实现），en-US 圈子名不命中即回退全量|分类过滤失效/错配，国际化下行为异常|后端支持按分类过滤后移除映射|open|batch-3|
R4-00099|d:\6\恋爱小程序\apps\client\src\pages\circles\index.vue|244-252|B|P2|加入/退出按钮用 catchtap 绑定，H5 端 catchtap 不生效，点击“加入”冒泡到卡片触发 goToTopics 进话题列表|H5 端无法加入圈子，平台行为不一致|改用 @tap.stop|open|batch-3|
R4-00100|d:\6\恋爱小程序\apps\client\src\pages\circles\topics.vue|122|B|P2|onLoad 中 decodeURIComponent(q.circleName) 未包 try-catch，URL 含非法 % 序列时抛 URIError 中断页面渲染|直开畸形链接白屏|try-catch 兜底|open|batch-3|
R4-00101|d:\6\恋爱小程序\apps\client\src\pages\circles\topics.vue|217|B|P3|topic.author.name[0] 无空值守卫|昵称异常时崩溃|兜底占位|open|batch-3|
R4-00102|d:\6\恋爱小程序\apps\client\src\pages\circles\topic-detail.vue|189,116-127|F|P2|话题回复仅 fetchReplies(topicId,1) 加载第一页，页面无“加载更多回复”交互（store 支持 page 且后端分页）|回复超过一页不可见|接入 onLoadMoreReplies|open|batch-3|
R4-00103|d:\6\恋爱小程序\apps\client\src\pages\circles\topic-detail.vue|189|B|P3|/circles/topics/{id}/replies 契约漂移：village.yaml 声明返回纯数组，store 按 Spring Page {content,totalElements,number,size} 消费|契约文档与实现不一致，联调误导|统一契约|open|batch-4|
R4-00104|d:\6\恋爱小程序\apps\client\src\pages\circles\topic-detail.vue|226,286|B|P3|currentTopic.author.name[0]/reply.author.name[0] 无空值守卫|昵称异常时崩溃|兜底占位|open|batch-3|
R4-00105|d:\6\恋爱小程序\apps\client\src\pages\circles\post-topic.vue|406,416|B|P3|标题输入 maxlength=50，但帖子模式后端校验 5-30 字（本页 287 行注释），31-50 字提交必被后端拒绝且前端无提示|标题 31-50 字用户提交失败|前端长度与后端对齐|open|batch-4|
R4-00106|d:\6\恋爱小程序\apps\client\src\pages\circles\post-topic.vue|125,293-297|H|P3|品牌色 #3FCF8E 硬编码（switch 色）|主题切换不生效|从 design tokens 取色|open|batch-4|
R4-00107|d:\6\恋爱小程序\apps\client\src\pages\campus\post-topic.vue|74|H|P3|品牌色 #3FCF8E 硬编码（switch 色）|主题切换不生效|从 design tokens 取色|open|batch-4|
R4-00108|d:\6\恋爱小程序\apps\client\src\pages\campus\index.vue|34-41,186-218|F|P3|校园话题列表无空态：空列表时仅渲染空白 scroll-view+底部留白，无提示/引导|空数据页面空洞|补 EmptyState|open|batch-4|
R4-00109|d:\6\恋爱小程序\apps\client\src\pages\campus\index.vue|38|T|P3|categoryTabs 中 study_help 的 icon 为 “” 且模板未使用 icon 字段，冗余字段|死字段|清理|open|batch-4|
R4-00110|d:\6\恋爱小程序\apps\client\src\pages\campus\topic-detail.vue|165,213|B|P3|getDisplayName(...)[0] 无空值守卫，昵称为空时渲染 undefined|匿名/空昵称异常显示|兜底占位|open|batch-3|
R4-00111|d:\6\恋爱小程序\apps\client\src\pages\profile\index.vue|425-428,586,679,976|H|P3|4 处路径字面量（/pages/likes/index、/pages/likes-visitors/index、/pages/official-chat/index?accountId=official-assistant、/pages/chat-session/index）|路径散落|统一走 ROUTES|open|batch-4|
R4-00112|d:\6\恋爱小程序\apps\client\src\pages\profile\index.vue|1376|H|P3|头像兜底图路径 “/static/generated/images/avatars/default-girl.jpg” 硬编码且默认女性形象|男性用户也显示女孩头像|按性别/通用兜底图|open|batch-4|
R4-00113|d:\6\恋爱小程序\apps\client\src\pages\profile\index.vue|1181-1187|H|P3|appVersion 兜底硬编码 “v1.0.0”|版本展示失真|从构建注入|open|batch-4|
R4-00114|d:\6\恋爱小程序\apps\client\src\pages\profile\visitors.vue|60-69|T|P3|visitors computed 恒置 group:“earlier”，随后 groupedVisitors 用 getGroup 覆盖，死字段|冗余逻辑|直接按 getGroup 生成|open|batch-4|
R4-00115|d:\6\恋爱小程序\apps\client\src\pages\settings\dnd.vue|346,455|H|P3|switch 颜色 #3FCF8E 硬编码两处|主题切换不生效|从 design tokens 取色|open|batch-4|
R4-00116|d:\6\恋爱小程序\apps\client\src\pages\vip\index.vue|120|H|P3|SWITCH_ACTIVE_COLOR=“#FFD700” 硬编码（注释要求手工与 tokens 同步）|主题变更需双处维护|统一 token 源|open|batch-4|
R4-00117|d:\6\恋爱小程序\apps\client\src\pages\vip\promo-code.vue|60|H|P3|订单金额默认值 “48” 元硬编码（注释“默认 48 元（季卡）”）|价格调整需改代码|从套餐配置取价|open|batch-4|
R4-00118|d:\6\恋爱小程序\apps\client\src\subpackages\support\feedback\index.vue|432|F|P3|反馈内容 textarea maxlength=280，契约 SubmissionRequest.content 上限 5000，前端限制远严于后端|用户长反馈无法提交，体验受限|与契约对齐|open|batch-4|
R4-00119|d:\6\恋爱小程序\apps\client\src\pages\feedback\history.vue|233-241|T|P3|onMounted 与 onShow 首次进入均调用 loadList，页面打开重复拉取反馈列表|重复请求浪费流量|onShow 单点加载|open|batch-4|
R4-00120|d:\6\恋爱小程序\apps\client\src\pages\chat\index.vue|424,437|D|P3|内联兜底色值 #f0fdf9/#ccfbef（var(--c-bg-brand, #f0fdf9)）|token 体系外颜色|改用纯 token|open|batch-4|
R4-00121|d:\6\恋爱小程序\apps\client\src\stores\session.ts|25|H|P1|硬编码 mock 用户会话 userId "1"（mockUserSession.userId）|真实模式切换残留或误用 mock 身份时，用户数据隔离失效（likes/私信按 userId 归属错乱）|移入 mock 数据源（fixtures）并加 apiMode 守卫|open|batch-2|
R4-00122|d:\6\恋爱小程序\apps\client\src\stores\session.ts|332-334|H|P1|isSuperTestAccount 硬编码 userId==="100000"（种子脚本固定体验账号，前端据此放行匹配无限/免费解锁）|真实用户若 userId 恰为 100000 即获得无限匹配与免付费旁路；dev 后门随正式包发布，商业化计费链路可被绕过|改为后端 feature flag 下发，禁止前端按 userId 判断|open|batch-1|
R4-00123|d:\6\恋爱小程序\apps\client\src\stores\session.ts|243-252|H|P2|资料完善度权重魔法数字（avatar20/nickname10/gender10/birthday10/school20/major10/interestTags10/bio10）|完善度算法与后端/设计口径无单一真相源，调整需改代码并重新发版|抽取到 constants 并注释业务依据|open|batch-3|
R4-00124|d:\6\恋爱小程序\apps\client\src\stores\session.ts|394|H|P3|兜底文案硬编码中文「刷新会话失败」（errorMessage 回退）|绕过 i18n，en 语言下仍显示中文|改用 t("storeErrors.session.refreshFailed")|open|batch-4|
R4-00125|d:\6\恋爱小程序\apps\client\src\stores\likes.ts|217-422|H|P2|mock 用户 ID 家族 user-2001~user-2318（mockLikes/mockLikedBy，含 user-2200~2217 与 user-2300~2318 两段不连续区间）|mock 数据随产物打包，ID 家族与真实用户体系割裂，联调/验收易被误认为真实账号|统一迁入 fixtures 且仅 mock 模式引用|open|batch-3|
R4-00126|d:\6\恋爱小程序\apps\client\src\stores\likes.ts|632-653|S|P3|mockHeartSignals 的 toUserId 写死 "user-1001"，与 mock 当前用户 "1"（session.ts）及 mock 列表（user-2003/2006）均不匹配|mock 心动信号指向不存在的用户，演示信号列表自洽性差|统一 mock 用户 ID 体系（与 fixtures 对齐）|open|batch-4|
R4-00127|d:\6\恋爱小程序\apps\client\src\stores\likes.ts|1157|H|P3|uni.showToast 文案硬编码「与 ${fromUserName} 互相喜欢了！」|绕过 i18n，en 语言下显示中文；通知语义重复（后端已推送）|改走 t("likes.mutualLikeToast")|open|batch-4|
R4-00128|d:\6\恋爱小程序\apps\client\src\stores\likes.ts|1461-1474|B|P2|批量「跳过」real 分支为纯本地 filter 无后端调用（try/catch 内无 API 且 failed 永不为空）|real 模式批量跳过不持久化，刷新后「喜欢我」用户全部回弹，功能形同虚设|接入后端批量 skip 端点或逐条调用|open|batch-2|
R4-00129|d:\6\恋爱小程序\apps\client\src\stores\likes.ts|1115-1147|B|P2|createHeartSignalForMutualLike 在客户端本地构造心动信号（real 模式同样执行），仅按本地 fromUserId+pending 去重|real 模式下与后端信号（/matches/heart-signals）并存，同一匹配可能产生幽灵/重复信号并重复 toast|real 模式移除本地造信号逻辑，依赖后端|open|batch-2|
R4-00130|d:\6\恋爱小程序\apps\client\src\stores\village\utils.ts|664-785|H|P2|mock 作者 ID 家族 user-3001~user-3015（mockAuthors 15 人）|mock 用户 ID 与 likes(user-2xxx)/fixtures(4001~4007)/session("1") 多套体系并存，验收演示身份混乱|统一 mock 用户 ID 单一体系|open|batch-3|
R4-00131|d:\6\恋爱小程序\apps\client\src\stores\village\utils.ts|630|H|P3|formatRelativeTime 硬编码中文「刚刚活跃」（diff<1 分钟）|绕过 i18n；en 语言显示中文|改走 t() 或复用公共相对时间工具|open|batch-4|
R4-00132|d:\6\恋爱小程序\apps\client\src\stores\village\utils.ts|793-814|S|P3|mockActivities 固定活动日期 2026-08-09/2026-08-10（活动卡内嵌数据）|日期过即过期，演示数据随时间失真（活动 store 已改相对日期，此处未同步）|改用相对当前日期生成|open|batch-4|
R4-00133|d:\6\恋爱小程序\apps\client\src\stores\village\index.ts|1033-1055|H|P2|fetchSimilarAuthors mock 返回硬编码 user-3004/user-3005（南风/北岛）|mock 作者家族与真实用户体系割裂|迁入 fixtures 统一管理|open|batch-3|
R4-00134|d:\6\恋爱小程序\apps\client\src\services\mocks\fixtures.ts|120-133|H|P2|mock 会话 userId "user-1001"（session 模块级可变状态，与 session.ts 的 "1" 并存）|同一 mock 用户存在两套 ID（"1" 与 "user-1001"），mock 身份语义分裂|统一为单一 mock 用户 ID|open|batch-3|
R4-00135|d:\6\恋爱小程序\apps\client\src\stores\campus.ts|258-385|H|P2|mock 话题作者 ID 家族 u-1001~u-6002（学长小王/学生会长等）|mock 用户 ID 第四套体系（u-* 前缀），与其他 mock 家族完全割裂|统一 mock 用户 ID 体系|open|batch-3|
R4-00136|d:\6\恋爱小程序\apps\client\src\stores\messages.ts|344-389|H|P3|mockSessions 使用 user-2001~user-2006 与 official-assistant/official-promoter 混合 ID|mock 会话对端 ID 家族与 likes mock 重叠但语义不同，演示数据易混淆|统一 mock 用户体系|open|batch-4|
R4-00137|d:\6\恋爱小程序\apps\client\src\stores\messages.ts|620-621|H|P3|官方号 code 硬编码数组 ["official-assistant","official-promoter"]（real 模式逐个拉取消息流）|官方号列表写死两份，后端新增官方号需发版|改为从 /official-accounts 响应动态生成|open|batch-4|
R4-00138|d:\6\恋爱小程序\apps\client\src\stores\messages.ts|271-277|H|P3|buildLocalPreview 硬编码「[活动] 」前缀与「[活动] 活动卡片」兜底|绕过 i18n 的文案前缀|改走 i18n 模板|open|batch-4|
R4-00139|d:\6\恋爱小程序\apps\client\src\components\discover\FilterDrawer.vue|91-121|H|P3|省/市联动数据表硬编码 31 省市（如 "广东": ["广州","深圳",...]）|城市数据随代码维护，与后端配置/行政区划更新脱节|由后端 /config/filter-options 下发|open|batch-4|
R4-00140|d:\6\恋爱小程序\apps\client\src\components\discover\CardDetailOverlay.vue|245|H|P3|年龄兜底硬编码 "22"（headline 正则未命中时返回 "22"）|真实资料缺失时展示虚假年龄|改为 "--" 或由后端补全|open|batch-4|
R4-00141|d:\6\恋爱小程序\apps\client\src\services\sentry.ts|455|H|P3|直接读存储键字面量 "token"（未用 constants/app.ts 的 STORAGE_KEYS.AUTH_TOKEN）|存储键分散，改名不同步时上报通道静默失效|引用 STORAGE_KEYS|open|batch-4|
R4-00142|d:\6\恋爱小程序\apps\client\src\services\video-call.ts|178-181|H|P3|startCall 默认参数 callerId=1（mock 分支使用）|mock 发起方身份魔法数字，与真实 userId 体系割裂|从 session 获取|open|batch-4|
R4-00143|d:\6\恋爱小程序\apps\client\src\services\video-call.ts|205|H|P3|mock signalingUrl 硬编码 "wss://mock.example.com/signaling"|mock 地址指向不存在的域名，联调误导|改为可配置或本地占位|open|batch-4|
R4-00144|d:\6\恋爱小程序\apps\client\src\services\http.ts|442|H|P3|401 跳转 toast 硬编码「登录已过期，请重新登录」（656/676 重复出现）|绕过 i18n，en 语言显示中文|抽公共文案常量走 i18n|open|batch-4|
R4-00145|d:\6\恋爱小程序\apps\client\src\components\common\SafeImage.vue|6|H|P3|aria-label 兜底硬编码「图片」（alt || '图片'）|无障碍文案绕过 i18n|改走 t()|
R4-00146|d:\6\恋爱小程序\apps\client\src\components\discover\CardDetailOverlay.vue|226|F|P2|兴趣圈成员数用 hash 伪造：members = 60 + (userId.charCodeAt(0) + idx*31) % 240|详情页展示的圈子人数为随机伪造值，与真实圈子数据脱节，误导用户|由后端圈子接口下发真实成员数|open|batch-2|
R4-00147|d:\6\恋爱小程序\apps\client\src\components\discover\CardDetailOverlay.vue|249-252|F|P2|匹配度分数前端伪造：Math.min(98, 80 + commonCircleCount*5)|匹配度非后端计算值，UI 展示的数字与推荐排序依据不一致|后端下发 matchScore 字段|open|batch-2|
R4-00148|d:\6\恋爱小程序\apps\client\src\services\env.ts|4|T|P2|@deprecated 历史 env 实现与 src/config/env.ts 双实现并存，仍被 utils/media.ts、stores/*、pages/* 大量引用|双环境配置真相源，修改一处另一处不同步导致行为漂移（如超时/回退逻辑）|完成迁移后删除 services/env.ts|open|batch-3|
R4-00149|d:\6\恋爱小程序\apps\client\src\config\env.ts|152-156|T|P1|注释称「不再回退到 http://localhost」，但生产环境未配置 VITE_API_BASE_URL 时仍 return "https://localhost:8080/api"（console.error 后静默回退）|生产缺配置时线上请求全部打向 localhost，且因仅 console.error 不抛错难以发现（与 services/env.ts 的 throw 策略不一致）|删除回退改为显式抛错（对齐 services/env.ts）|open|batch-1|
R4-00150|d:\6\恋爱小程序\apps\client\src\services\http.ts|172-189|T|P3|getRefreshToken 导出但全仓库零调用（setRefreshToken 仅写入从未读取——刷新流程改用 Authorization 头）|refreshToken 存储为写死数据，登录时写入的 refreshToken 永不消费，误导维护者|删除 getRefreshToken/setRefreshToken 或真正接入 refresh 链路|open|batch-4|
R4-00151|d:\6\恋爱小程序\apps\client\src\services\api.ts|920-924|T|P3|CheckInStatusResponse 声明 checkedIn 字段与后端契约 checkedInToday 不符，且 getCheckInStatus 无任何调用方（checkin store 直接 request）|错误契约类型的死代码，后续误用将静默丢字段|删除或修正为 BackendCheckInStatusView|open|batch-4|
R4-00152|d:\6\恋爱小程序\apps\client\src\services\api.ts|358-364|T|P2|getIcebreakers real 分支无对端端点可用，固定返回 { items: [] } 空列表|私信场景破冰话题在 real 模式永久为空（注释承认是 P0-06 妥协），功能降级无提示|后端补按 peerUserId 的破冰端点|open|batch-2|
R4-00153|d:\6\恋爱小程序\apps\client\src\services\api.ts|671-676|T|P3|uploadAvatar mock 分支复用 mockFixtures.uploadProfileBackground（返回背景图语义）|mock 头像返回的 URL 语义错误（背景图 mock 地址），走查时头像展示与上传结果不符|新增 uploadAvatar mock 实现|open|batch-4|
R4-00154|d:\6\恋爱小程序\apps\client\src\services\api.ts|476-490|T|P3|simulateError（POST /_debug/errors/{status}）为 dev 调试端点，仍保留在 clientApi 生产面（仅 isDev 短路）|dev 工具混入业务 API 面，后续收敛需从 clientApi 移除|移入独立 dev 模块|open|batch-4|
R4-00155|d:\6\恋爱小程序\apps\client\src\stores\checkin.ts|175-218|T|P3|自带一份 withTimeout 实现（与 services/http.ts 导出重复，签名差异：第三参为文案字符串）|同一超时语义两处实现，修复/演进需同步两处|统一为 services/http.ts withTimeout 并迁移错误文案|open|batch-4|
R4-00156|d:\6\恋爱小程序\apps\client\src\stores\messages.ts|504-509|T|P3|messages store 再次自带 withTimeout 重复实现（第三处）|三处 withTimeout 并存（http/checkin/messages），超时语义漂移风险|统一收敛到 services/http.ts|open|batch-4|
R4-00157|d:\6\恋爱小程序\apps\client\src\stores\checkin.ts|554-556|T|P3|dispose() 注释 TODO(dispose-接线)：pages/home、daily-question、discover、shop 均未调用|页面卸载后签到动画定时器可能修改已卸载 store 状态|在页面 onUnload 接线 dispose|open|batch-4|
R4-00158|d:\6\恋爱小程序\apps\client\src\stores\discover\actions\storage.ts|129-132|T|P3|dispose() 注释 TODO(dispose-接线)：discover/history/home/profile 页面未调用|模块级定时器/请求控制器在页面切换时未清理|页面 onUnload 接线 dispose|open|batch-4|
R4-00159|d:\6\恋爱小程序\apps\client\src\stores\village\index.ts|1086-1089|T|P3|dispose() 注释 TODO(dispose-接线)：village 各页未调用|评论防抖定时器/点赞 in-flight 集合在页面卸载后残留|页面 onUnload 接线 dispose|open|batch-4|
R4-00160|d:\6\恋爱小程序\apps\client\src\stores\session.ts|444-445|T|P3|logout 注释称「先清本地 token，再异步通知后端」，实际 api.ts logout 是先请求后端（携带 token）再 finally 清理|注释与实现顺序矛盾，误导维护者调整时序引入安全问题|修正注释|open|batch-4|
R4-00161|d:\6\恋爱小程序\apps\client\src\services\mocks\fixtures.ts|1-1731|T|P3|700+ 行 mock 数据/逻辑随 api.ts 静态 import 进生产产物（非动态加载）|mock 字节码进生产包，增大体积且 mock 文案/ID 暴露在产物中|构建期摇树或动态 import 隔离|open|batch-4|
R4-00162|d:\6\恋爱小程序\apps\client\src\services\generated\api-types-supplement.ts|1-508|T|P3|508 行手写补充类型（token/refreshToken/vipStatus/InteractionEventView 新旧字段别名并存）与 OpenAPI 生成类型混放|契约漂移：生成规范未更新，手写类型成为第二真相源|补充 OpenAPI 后移除本文件|open|batch-4|
R4-00163|d:\6\恋爱小程序\docs\openapi\recommendations.yaml|76-201|T|P2|openapi 仍记录 /recommendations/cards 旧契约，client 实际使用 /recommendations、/recommendations/quota、/recommendations/activities、/recommendations/history（后端 RecommendationController 均存在，ageMin/ageMax 亦未入文档）|契约基准失效，按 openapi 联调/生成类型必然失配|重生成 openapi 对齐真实端点|open|batch-3|
R4-00164|d:\6\恋爱小程序\apps\client\src\stores\messages.ts|1193|B|P1|loadInteractionEvents 默认 page=1，后端 InteractionEventController 分页为 0 基（page=0 首页），url 拼 page=1&size=20|互动事件列表首屏跳过最新 20 条（展示第 21~40 条），新事件永不显示|改为 page=0 起始或 page-1 换算|open|batch-2|
R4-00165|d:\6\恋爱小程序\apps\client\src\stores\messages.ts|1014|B|P3|markNotificationRead 失败 catch (_e) 完全静默（含超时）|已读状态丢失无任何提示，用户以为已读|至少 console.warn 或返回失败|open|batch-4|
R4-00166|d:\6\恋爱小程序\apps\client\src\stores\session.ts|505-508|B|P1|bootstrap 检测到 /auth/me 返回 loggedIn=false 且本地有 token 时，clearTokens 后自动以 loginAsGuest 体验账号重登|真实生产环境 token 过期时用户会话被静默替换为全局共享的 guest 账号（后端固定体验账号），不同用户数据互相污染（私信/点赞/解锁记录串号）|仅 dev/mock 允许自动 guest 重登，real 模式改为跳登录页|open|batch-1|
R4-00167|d:\6\恋爱小程序\apps\client\src\stores\session.ts|641-666|B|P1|bindSchool real 分支调用 saveCampusProfile 时 city/department 传空串，后端 CampusProfileRequest 标注 @NotBlank → 恒 400|真实模式学校绑定必然失败（返回 false），任务 C「学校一次性绑定」real 下不可用|city/department 取用户真实资料或改后端为可空|open|batch-2|
R4-00168|d:\6\恋爱小程序\apps\client\src\services\http.ts|232-245|B|P2|幂等键拦截器每次请求生成全新 key（idem-${Date.now()}-${random}），注释自称「按 key 去重」|双击/重试产生的不同幂等键无法被后端 @Idempotent 去重，写操作重复提交防护失效（仅满足头存在性）|按业务语义生成稳定 key（如按钮级）或由调用方显式传 key|open|batch-2|
R4-00169|d:\6\恋爱小程序\apps\client\src\services\http.ts|868-906|B|P2|withTimeout 超时分支 reject 后不调用 cleanup()：外部 signal 的 onExternalAbort 监听器未移除|同一 AbortSignal 复用（页面级 signal）时监听器累积泄漏，settle 后 abort 仍触发无谓 reject|超时分支同样移除监听器|open|batch-3|
R4-00170|d:\6\恋爱小程序\apps\client\src\services\http.ts|793|B|P3|addBreadcrumb 恒记录 status: 200（注释承认多数接口成功码）|Sentry breadcrumb 状态码失真，HTTP 错误聚合不可信|透传真实状态码|open|batch-4|
R4-00171|d:\6\恋爱小程序\apps\client\src\stores\coins.ts|112-146|B|P0|扣费金额与 orderId 全部客户端自定（UNLOCK_COST_YUAN 5/3/3/2 元），后端 /wallet/deduct 仅校验 amountCents>0 与 relatedType 白名单，无定价校验|客户端可构造 amountCents=1 + 白名单 relatedType 任意解锁，资金链路被 1 分钱绕过（定价硬编码前端），资金风险|后端按 relatedType 服务端定价，客户端仅传场景与 targetId|open|batch-1|
R4-00172|d:\6\恋爱小程序\apps\client\src\stores\coins.ts|43-48|H|P2|解锁定价 UNLOCK_COST_YUAN 硬编码前端（MESSAGE 5/VISITORS 3/LIKES 3/WHISPER 2 元）|调价需发版；且与后端无契约绑定（见 spend 条目）|后端下发定价配置|open|batch-2|
R4-00173|d:\6\恋爱小程序\apps\client\src\stores\vip.ts|93-99|B|P1|isDevVipSimulated 无 isDev 守卫：读取存储键 "campus-love:dev-vip-sim"==="1" 即视为 VIP|生产环境任意用户可本地写入该键免费获得 VIP 身份（会员权益旁路），dev 开关随正式包生效|加 isDev 守卫或整体移除该模拟开关|open|batch-1|
R4-00174|d:\6\恋爱小程序\apps\client\src\stores\vip.ts|106-132|H|P2|VIP 套餐与价格硬编码（18/28、48/84、128/336 元）且无支付流程（enableAutoRenew 仅 POST 状态）|定价无运营配置源；「购买」无真实支付闭环，商业化资金链路断裂|接支付 SDK 并后端下发套餐|open|batch-2|
R4-00175|d:\6\恋爱小程序\apps\client\src\services\websocket\index.ts|793-823|B|P1|setupUserSubscriptions 仅订阅 /user/queue/{messages,signals,notifications}，后端实际推送 6 类队列（另含 queue/matches、queue/temp、queue/checkin，见 MatchRecorder/TempChatSessionService/CheckInEventConsumer）|匹配成功、临时会话新消息、签到事件实时推送全部丢失，用户必须手动刷新才能看到匹配与匿名会话消息|补订 /user/queue/matches 与 /user/queue/temp（dispatchToStore 同步扩展）|open|batch-2|
R4-00176|d:\6\恋爱小程序\apps\client\src\stores\checkin.ts|449|B|P2|checkInDate 用 new Date().toISOString().split("T")[0]（UTC 日期），与 api.ts localDateKey 注释「toISOString 凌晨得到错误日期」自相矛盾|北京时间 00:00-08:00 签到时展示的签到日期为前一天|改用本地日期格式化（复用 localDateKey）|open|batch-3|
R4-00177|d:\6\恋爱小程序\apps\client\src\stores\discover\actions\swipe.ts|127-151|B|P2|右滑 300ms 防抖（swipeRight）而左滑不防抖：快速「右滑 A→左滑 B」时 A 的 like 延迟 300ms 后对已移除卡片执行，报「卡片不存在」；连续右滑只执行最后一次，前次右滑被静默丢弃|快速滑动场景下喜欢操作丢失或误报错误，用户体验受损|防抖窗口内快照卡片或移除防抖改为幂等队列|open|batch-3|
R4-00178|d:\6\恋爱小程序\apps\client\src\stores\campus.ts|781-793|B|P2|createCampusTopic real 分支请求体仅 {category,title,content}，UI 的 isAnonymous 匿名选项未透传（后端 CreateCampusTopicRequest 亦无该字段）|real 模式「匿名发布」静默失效——用户勾选匿名仍以真名发布，隐私承诺落空|后端补 isAnonymous 字段并透传|open|batch-2|
R4-00179|d:\6\恋爱小程序\apps\client\src\stores\campus.ts|853-859|B|P2|replyToCampusTopic real 分支请求体仅 {content}，isAnonymous 未透传（后端 CreateCampusReplyRequest 亦无该字段）|匿名回复在 real 模式静默失效|后端补字段并透传|open|batch-2|
R4-00180|d:\6\恋爱小程序\apps\client\src\stores\circle.ts|692-700|B|P2|createTopic real 分支请求体仅 {title,content,images}，Task B5 的 tags/favorite 参数被静默丢弃（mock 分支有）|发帖附带的标签/喜爱标记在 real 模式丢失，功能前后端不一致|后端 CreateTopicRequest 补 tags/favorite 并透传|open|batch-2|
R4-00181|d:\6\恋爱小程序\apps\client\src\stores\circle.ts|526-532|B|P3|joinCircle/leaveCircle real 分支发送 data:{userId} 请求体，后端 CircleController join/leave 无请求体（userId 从 JWT 取）|多余请求体字段污染契约（当前被忽略，若后端开 FAIL_ON_UNKNOWN 即 400）|删除 body|open|batch-4|
R4-00182|d:\6\恋爱小程序\apps\client\src\stores\activity.ts|268-289|B|P3|enrollActivity real 分支仅同步 enrollmentCount，enrollCount 兼容别名未更新|列表 UI（消费 enrollCount）报名后人数显示陈旧|两字段同步更新（对齐 mock 分支）|open|batch-4|
R4-00183|d:\6\恋爱小程序\apps\client\src\stores\profile.ts|680-709|B|P2|setAllowSameSchoolRecommend/setReceiveSameSchoolInfo 仅本地 storage 持久化，注释声称「真实环境同步后端接口」但 real 无任何 API 调用|隐私开关在 real 模式不落库：换设备/重装后丢失，且后端推荐逻辑不感知该偏好|接入后端偏好接口|open|batch-2|
R4-00184|d:\6\恋爱小程序\apps\client\src\stores\messages.ts|1080-1094|B|P3|setSessionMuted/markSessionUnread/markSessionRead 仅本地改状态，无后端同步|免打扰/标未读在刷新或换端后全部还原，红点语义不持久|后端会话元数据接口同步|open|batch-4|
R4-00185|d:\6\恋爱小程序\apps\client\src\services\auth.ts|117-153|B|P3|微信登录 state CSRF 防护为「本地生成→本地存储→本地比对」，无服务端参与，校验恒通过|防 CSRF 声明无实际防护效果（真实防护需服务端回传校验），误导读入|移除伪防护或与服务端握手校验|open|batch-4|
R4-00186|d:\6\恋爱小程序\apps\client\src\services\mocks\fixtures.ts|1469-1545|S|P3|mock 上传返回 mock:// 协议 URL（注释自认「不会被 <image> 真实加载」）|演示模式下上传后的图片不可见，验收链路观感断裂|返回 static 资源路径|open|batch-4|
R4-00187|d:\6\恋爱小程序\apps\client\src\stores\schedule.ts|52-116|F|P2|课表 store 全部为本地 mock（3 课程+2 活动+1 自定义），无任何后端读取/写入（/profile/schedule 契约未接入本 store）|「我的课表」功能为假功能：保存的 ScheduleProfile 与课表页数据互不相通，real 模式展示的永远是演示课表|接入 /profile/schedule 读写|open|batch-2|
R4-00188|d:\6\恋爱小程序\apps\client\src\stores\campus-wall.ts|25-80|F|P2|校园墙 store 纯本地 mock 数组（无任何 API 调用），loading 从未置 true|校园墙发帖/点赞/关注全部内存态，刷新即失，real 模式无数据源|接入村口 posts 或独立墙接口|open|batch-2|
R4-00189|d:\6\恋爱小程序\apps\client\src\stores\social-progress.ts|59-66|H|P3|TIER_META 六层升温 label/desc 硬编码中文（「发现心动」「表达喜欢」等）|绕过 i18n；且与后端下发文案无关联|走 i18n key|open|batch-4|
R4-00190|d:\6\恋爱小程序\apps\client\src\stores\feedback.ts|29|H|P3|load/submitIssue/submitSuggestion/submitActivityProposal 兜底文案硬编码中文（「加载反馈列表失败」等 4 处）|绕过 i18n，en 语言下显示中文|统一 t("storeErrors.feedback.*")|open|batch-4|
R4-00191|d:\6\恋爱小程序\apps\client\src\stores\discover\index.ts|144-146|H|P3|超级账号剩余次数魔法数字 999（remainingCount 直返 999）|与 isSuperTestAccount 硬编码 userId 联动，dev 旁路逻辑散落 getter|移入 feature flag 常量|open|batch-4|
R4-00192|d:\6\恋爱小程序\apps\client\src\stores\chat\higher-order.ts|44|H|P3|withErrorHandling errorPrefix 硬编码中文（「聊天页加载」「聊天详情加载」「会话置顶状态更新」）|非 Error 异常时错误文案中文硬编码|改走 i18n|open|batch-4|
R4-00193|d:\6\恋爱小程序\apps\client\src\stores\vip-auto-renew.ts|1-223|D|P3|vip-auto-renew store 与 vip.ts 内自动续费逻辑（同端点 /vip/auto-renew*）重复实现两套|同一功能双 store 维护，行为可能漂移|合并为单一 store|open|batch-4|
R4-00194|d:\6\恋爱小程序\apps\client\src\stores\session.ts|185-216|D|P2|profileFieldStatus 用 profileCompleted 代理 avatar/gender/birthday/major/interestTags/bio 全部字段（注释承认是代理）|字段级完善状态失真：头像未上传但资料保存后所有字段显示已完成，完善度计算 100% 虚高|后端 UserSession 下发字段级状态|open|batch-3|
R4-00195|d:\6\恋爱小程序\apps\client\src\stores\likes.ts|924-937|B|P3|unlockUser 幂等键 unlock-{type}-{userId} 与 coins.spend 的 orderId UNLOCK-{scene}-{targetId} 两套幂等体系并存，均直调不同端点（/wallet/unlock 与 /wallet/deduct）|同一解锁行为存在两条扣费链路，重复解锁/双扣风险难排查|统一为单一解锁入口|open|batch-3|
R4-00196|d:\6\恋爱小程序\apps\client\src\services\env.ts|183|T|P3|大量 console.warn 被用作业务调试日志出口（本范围 100+ 处，如 env.ts:183 诊断日志、session.ts:383、messages.ts:131 等），生产环境输出噪音|生产日志被调试信息淹没，且修复 no-console 后语义错位（warn 变日志）|统一收敛到日志工具并分级|open|batch-4|
R4-00197|d:\6\恋爱小程序\apps\client\src\stores\village\api.ts|212-230|T|P3|/posts/history（GET/DELETE）、/posts/{id}/favorite、/posts/{id}/similar-authors、/posts/comments/{id}/like、/campus/feed 等端点 client 与后端均有实现，但 docs/openapi/village.yaml 均未收录|openapi 契约基准与实现脱节（同 recommendations.yaml 问题），新人对账成本高|补充 openapi 文档|open|batch-4|
R4-00198|d:\6\恋爱小程序\apps\client\src\stores\messages.ts|1177-1211|T|P3|/notifications/interactions 系列 4 个端点（InteractionEventController 已实现）未收录于 docs/openapi/notifications.yaml|契约文档缺页，互动事件联调无基准|补充 openapi 文档|open|batch-4|
R4-00199|d:\6\恋爱小程序\apps\client\.env.mp-weixin|16|H|P0|mp-weixin 生产构建默认 VITE_API_BASE_URL=http://127.0.0.1:8080/api（VITE_API_MODE=real，注释第15行自述"发布前必须恢复"）|标准脚本 build:mp-weixin 构建的小程序发布后所有 API 请求指向用户本机 127.0.0.1，商业化链路整体断裂，且无构建期校验兜底|构建前注入真实 HTTPS 域名或增加 CI 校验（非 127.0.0.1/example.com 才允许发布）|open|batch-1|
R4-00200|d:\6\恋爱小程序\apps\client\.env.production|13|H|P0|H5 生产构建 VITE_API_BASE_URL=https://api.campuslove.example.com/api（示例域名，非真实后端）|build:h5 产物全部请求打向不存在的 example.com 域名，线上 H5 不可用|替换为真实生产域名，并加构建守卫拒绝示例域名|open|batch-1|
R4-00201|d:\6\恋爱小程序\apps\client\.env.real|4|H|P1|real 模式 VITE_API_BASE_URL=https://api.campuslove.example.com/api（build:h5:real 与 build:mp-weixin:real 均加载本文件）|真实模式构建（含小程序 real 版）指向示例域名，联调/发布即失败|替换为真实域名；缺失时构建失败而非静默出包|open|batch-2|
R4-00202|d:\6\恋爱小程序\apps\client\src\config\env.ts|156|T|P1|注释称"不再回退到 http://localhost"但实现 return "https://localhost:8080/api"（注释与实现矛盾，且生产路径仍静默回退 localhost）|生产缺配置时线上请求全部打向本机 localhost，且错误被 console.error 后继续以坏地址运行|删除回退改为显式抛错/终止启动|open|batch-2|
R4-00203|d:\6\恋爱小程序\apps\client\src\manifest.json|36-49|B|P1|mp-weixin appid=wxc67cd233d72388d0 处于"待运营/产品向微信开放平台核对是否正式注册"状态（注释自述），且需三处文件手动同步|appid 非正式注册时提审被拒或线上小程序身份错误，合规风险|核对并固化 appid 到单一来源，更新三处文件|open|batch-2|
R4-00204|d:\6\恋爱小程序\apps\client\src\compat\index.ts|222-230|H|P2|getDevApiBaseUrl 硬编码 http://127.0.0.1:8080/api 与 https://127.0.0.1:8080/api（Task 35 双实现，与 services/env.ts 重复，已知审计项）|dev 模式回退地址写死本地端口，本地后端换端口即失效；双实现易漂移|收敛到单一实现并从环境变量读取 dev 地址|open|batch-3|
R4-00205|d:\6\恋爱小程序\apps\client\src\config\env.ts|10-13|T|P2|双 env 实现自述迁移未完成：config/env.ts 新入口 vs services/env.ts 历史实现，旧入口仍被 media.ts:39、features/chat/transport.ts:2、guards/session-guard.ts:1、guards/profile-guard.ts:2 引用|同一环境变量两套读取逻辑，行为差异难排查（如 apiBaseUrl 后缀处理）|业务代码迁移至 config/env.ts 后删除 services/env.ts|open|batch-3|
R4-00206|d:\6\恋爱小程序\apps\client\src\config\app.ts|19-26|B|P2|config/app.ts 的 STORAGE_KEYS.AUTH_TOKEN='campus_love_auth_token' 与 constants/storage-keys.ts:32 'token' 值不一致，且该 STORAGE_KEYS 全量无引用（死配置陷阱）|未来误引用将读写错误的 token key，登录态失效且难排查|删除 config/app.ts 的 STORAGE_KEYS，统一引用 constants/storage-keys.ts|open|batch-3|
R4-00207|d:\6\恋爱小程序\apps\client\src\config\app.ts|13|T|P3|APP_VERSION='1.0.0' 与 .env VITE_APP_VERSION=v0.1.0、manifest.json versionName=0.1.0、constants/app.ts VERSION='1.0.0' 三源漂移|版本号展示/上报不一致，排查发版问题困难|统一版本来源，由构建注入|open|batch-4|
R4-00208|d:\6\恋爱小程序\apps\client\src\config\feature-flags.ts|22-23|T|P3|videoCallEnabled 注释"Phase 4.7：暂时下架，默认 false"与第35行实现 videoCallEnabled: true 矛盾（过时注释）|维护者误以为视频通话已下架，开关状态不可信|更新注释或调整开关值，与走查收尾说明一致|open|batch-4|
R4-00209|d:\6\恋爱小程序\apps\client\src\config\navigation.ts|1-11|T|P2|TabBar 配置三处手动同步（本文件+pages.json tabBar.list+custom-tab-bar/index.js），本文件头部注释自述"需手动同步"|tab 增删改漏同步一处即出现选中态错乱/图标缺失/白屏，且无编译期校验|生成 pages.json/custom-tab-bar 配置或加一致性校验脚本|open|batch-3|
R4-00210|d:\6\恋爱小程序\apps\client\src\composables\useTabBar.ts|12|T|P3|注释"useTabBar(3); // 在 pages/chat/index.vue 中"引用已移除注册的页面|文档误导，索引同步点仍依赖人工核对|更新注释指向 pages/messages/index.vue|open|batch-4|
R4-00211|d:\6\恋爱小程序\apps\client\src\pages\chat\index.vue|1-17|T|P3|未注册死页面：pages.json 已移除注册，但文件保留并注释称"以防深链/旧缓存访问时兜底"——未注册页面在小程序端不可编译不可直达，兜底不成立|死代码进入源码树，误导维护；注释理由不成立|删除该文件|open|batch-4|
R4-00212|d:\6\恋爱小程序\apps\client\src\composables\useUnreadBadge.ts|29|T|P3|CHAT_TAB_INDEX=3 硬编码（依赖 custom-tab-bar 顺序），与 useTabBar(index) 参数化索引同属 tab 顺序人工同步点|tab 顺序调整时红点打在错误 tab|由 config/navigation.ts 推导索引或按键值匹配|open|batch-4|
R4-00213|d:\6\恋爱小程序\apps\client\src\composables\useNetworkStatus.ts|43-53|H|P2|toast 文案"网络已恢复"/"网络已断开，请检查网络设置"硬编码中文，绕过 i18n（en-US 环境显示中文）|国际化功能下网络提示不随语言切换|改用 t() 渲染（i18n 已有 common.networkDisconnected 键）|open|batch-3|
R4-00214|d:\6\恋爱小程序\apps\client\src\composables\usePageAccess.ts|126|H|P2|uni.showToast({ title: "登录已过期，请重新登录" }) 硬编码中文，绕过 i18n|登录态失效提示不随语言切换|改用 t() 渲染|open|batch-3|
R4-00215|d:\6\恋爱小程序\apps\client\src\utils\error-toast.ts|35-40|H|P2|DEFAULT_MESSAGES 四类错误文案（"网络连接异常…"等）硬编码中文|全部错误 toast 不随 locale 切换|迁移至 i18n common.* 键|open|batch-3|
R4-00216|d:\6\恋爱小程序\apps\client\src\utils\form-validator.ts|58|H|P2|校验器默认文案硬编码中文（required/phone/code/email/wechatId/length/maxLength 共 7 处默认值，行 58/73/89/107/127/146/162）|注册/设置表单校验提示不随语言切换|默认文案改为 t() 调用或由调用方传入|open|batch-3|
R4-00217|d:\6\恋爱小程序\apps\client\src\utils\audio-recorder.ts|325-329|H|P2|录音权限失败文案硬编码中文（"需同意《用户隐私保护指引》后才能使用录音"/"麦克风权限被拒绝…"）|录音场景错误提示不随语言切换|经 t() 渲染或回退 i18n 键|open|batch-3|
R4-00218|d:\6\恋爱小程序\apps\client\src\view-models\feedback.ts|17-28|H|P2|反馈状态文案硬编码中文（"已提交/处理中/已查看/已排期/已转活动"）|反馈历史页状态标签不随语言切换|迁移至 i18n 键|open|batch-3|
R4-00219|d:\6\恋爱小程序\apps\client\src\view-models\home.ts|76-97|H|P2|首页资料完善任务标题/副标题硬编码中文（"补全基础资料"等 6 条）|首页设置引导文案不随语言切换|迁移至 i18n 键|open|batch-3|
R4-00220|d:\6\恋爱小程序\apps\client\src\view-models\profile.ts|72-93|H|P2|DEFAULT_BIO"这个人很懒，什么都没写"/"未设置昵称"/"未设置学校"/相对时间文案硬编码中文|个人主页占位文案不随语言切换|迁移至 i18n 键并复用 utils/time.ts|open|batch-3|
R4-00221|d:\6\恋爱小程序\apps\client\src\view-models\home.ts|108-119|T|P3|"先完成设置"/"去聊天"文案与 view-models/chat.ts:49-57（经 statusCopyMap）双实现，同文案两处维护|文案调整时两处漂移|统一走 config/status-copy.ts|open|batch-4|
R4-00222|d:\6\恋爱小程序\apps\client\src\view-models\profile.ts|79-94|T|P3|formatRelativeTime 与 utils/time.ts:265-322 重复实现（"刚刚/N 分钟前…"），行为可能漂移|相对时间格式化两套实现，输出不一致风险|复用 utils/time.ts|open|batch-4|
R4-00223|d:\6\恋爱小程序\apps\client\src\features\chat\transport.ts|47|H|P3|pushVoice 消息 body 硬编码"语音消息"（mock 与 real 路径均写死，行 47/91）|语音消息内容固定文案无法定制|body 由调用方传入或走 i18n|open|batch-4|
R4-00224|d:\6\恋爱小程序\apps\client\src\utils\haptic.ts|72-75|T|P3|2026-08-08 全站禁用震动：vibrateWithType 直接 return，但 successHaptic/errorHaptic 仍调度 setTimeout（scheduleHaptic+Set 定时器集合），且注释(122-123)声称"收敛到 vibrateWithType 内部的 supportsHapticFeedback() 检查"实际未调用|53 个文件 import 的模块为 no-op，定时器调度浪费；注释与实现不符|删除 no-op 分支与调度逻辑，或按产品要求恢复|open|batch-4|
R4-00225|d:\6\恋爱小程序\apps\client\src\compat\index.ts|348-355|T|P3|supportsHapticFeedback 定义后无任何调用方（仅 haptic.ts:122 注释提及）|死导出，平台判断逻辑冗余|删除或由 haptic.ts 实际使用|open|batch-4|
R4-00226|d:\6\恋爱小程序\apps\client\src\constants\routes.ts|23-24|T|P3|注释"与 src/pages.json 中的 path 字段一一对应"不成立：pages/showcase/index、pages/wallet/index、pages/profile/privacy、pages/profile/tasks、pages/village/history 五个已注册页面缺 ROUTES 常量|页面跳转散落硬编码字符串（如 profile/index.vue），路径变更遗漏风险|补全 5 个页面常量并迁移调用点|open|batch-4|
R4-00227|d:\6\恋爱小程序\apps\client\src\constants\routes.ts|208|T|P3|DEFAULT_HOME_ROUTE=ROUTES.TAB.HOME 无任何引用，且实际启动页为 pages/discover/index（pages.json 首项），与常量语义不符|误导性死常量|删除或改为取 pages.json 首项|open|batch-4|
R4-00228|d:\6\恋爱小程序\apps\client\src\guards\session-guard.ts|40-91|D|P3|重定向路径硬编码字符串（"/pages/login/index"、"/subpackages/setup/profile/index" 等 5 处），未用 ROUTES/SUBPACKAGE_ROUTES 常量|路径变更需全局搜索替换|改用 ROUTES 常量|open|batch-4|
R4-00229|d:\6\恋爱小程序\apps\client\src\guards\profile-guard.ts|12-16|D|P3|LOCKED_PAGES 与 setup 路径硬编码字符串（"/pages/likes/index" 等 4+1 处）|守卫路径与 ROUTES 双源|改用 ROUTES/SUBPACKAGE_ROUTES 常量|open|batch-4|
R4-00230|d:\6\恋爱小程序\apps\client\src\config\api.ts|52-54|T|P3|uploadMs:60_000/longPollMs:30_000 内联魔法数字，与 constants/limits.ts:112-115 API_TIMEOUT.UPLOAD_MS/LONG_POLL_MS 双源定义|超时调整需改两处|改从 constants/limits.ts 引用|open|batch-4|
R4-00231|d:\6\恋爱小程序\apps\client\src\utils\navigation.ts|99-146|T|P3|PENDING_TAB_QUERY_KEY("campus-love:pending-tab-query")与 TAB_QUERY_KEY("campus-love:tab-query")两套 tab query storage 桥接并存（openAppPath vs switchTabWithQuery）|桥接键双实现，消费方可能读错键|合并为单一桥接实现|open|batch-4|
R4-00232|d:\6\恋爱小程序\apps\client\src\config\channels.ts|33|T|P3|存储键 "village_last_channel" 未纳入 constants/storage-keys.ts 统一管理|storage key 散落，审计与变更困难|纳入 storage-keys.ts|open|batch-4|
R4-00233|d:\6\恋爱小程序\apps\client\src\config\identity.ts|16|T|P3|存储键 "campus-love:user-identity" 未纳入 constants/storage-keys.ts 统一管理|同上|纳入 storage-keys.ts|open|batch-4|
R4-00234|d:\6\恋爱小程序\apps\client\src\pages.json|36|T|P3|globalStyle navigationStyle:custom 下 50+ 个页面 navigationBarTitleText 为死配置（原生导航栏不渲染，各页自绘导航）|标题配置冗余且不随 i18n，易误导|删除或转为 share 配置用途|open|batch-4|
R4-00235|d:\6\恋爱小程序\apps\client\src\pages.json|262-269|B|P3|pages/dev/index 路由用 // #ifdef DEV 包裹，但 package.json 无 uni-app.scripts 自定义条件定义 DEV（已核实 dist/build 与 dist/dev 产物均不含 dev 页），manifest.json:7-12 注释宣称"生产构建剔除"不准确|dev 调试页在开发构建也不可直达，调试入口失效|在 package.json 定义 DEV 条件或改用 H5 环境变量开关|open|batch-4|
R4-00236|d:\6\恋爱小程序\apps\client\src\theme\tokens.ts|361-377|D|P3|component.button.height 56/72/88 与 design-variables.scss:489-494 --btn-height-* 80/96/104rpx 数值漂移（双源同步约定仅覆盖颜色）|JS 与 SCSS 侧按钮尺寸不一致，主题调整时遗漏一侧|统一双源数值并加漂移校验|open|batch-4|
R4-00237|d:\6\恋爱小程序\apps\client\src\theme\design-variables.scss|423|T|P3|--card-padding 同 page 块内重复定义（行 423 与 519），--section-gap 重复定义（行 326 与 424）|同变量重复声明，后定义覆盖前定义，维护混乱|合并重复定义|open|batch-4|
R4-00238|d:\6\恋爱小程序\apps\client\src\styles\tokens.scss|196-492|T|P3|dark 主题覆盖块三份整段重复（@media prefers-color-scheme 自动 196-308 / [data-theme] 手动 314-416 / .theme-dark 424-492，各约 60 行相同变量）|三份覆盖易漂移，深色适配改动需同步三处|抽取为 SCSS mixin 或仅保留一份|open|batch-4|
R4-00239|d:\6\恋爱小程序\apps\client\src\styles\_components.scss|223-224|T|P3|注释称".section-title-brand 在 App.vue 与 global.scss 中重复定义 现仅保留 _components.scss 中一处定义"，但 theme/global.scss:255-271 仍定义 .section-title-brand|注释与实现矛盾，重复样式实际仍存在|删除 global.scss 中的重复定义|open|batch-4|
R4-00240|d:\6\恋爱小程序\apps\client\src\theme\global.scss|204|T|P3|.user-select-none { } 空类（无任何声明，注释称 mp-weixin 不支持已移除）|死样式|删除|open|batch-4|
R4-00241|d:\6\恋爱小程序\apps\client\src\uni.scss|12-279|T|P3|自动注入的 uni.scss 仍含约 270 行 CSS 规则（20+ keyframes 与工具类），违反项目约束"uni.scss 禁放 CSS 规则"，每组件编译注入|组件 wxss 体积膨胀、类名全局冲突风险|keyframes/工具类迁移至 theme/ 由 App.vue 引入|open|batch-4|
R4-00242|d:\6\恋爱小程序\apps\client\src\custom-tab-bar\index.wxss|20-42|D|P3|品牌色/文字色硬编码（#ffffff/#6B7280/#3FCF8E），与 design-variables.scss token 双源（对比度修复只改了此处与 scss，JS tokens.ts 未同步）|主题/品牌色调整时 tabBar 遗漏|wxss 引用 CSS 变量（page 级变量可级联）|open|batch-4|
R4-00243|d:\6\恋爱小程序\apps\client\src\config\content-pages.ts|23-25|H|P3|mbtiUrl=https://www.16types.com 与 consultingUrl=https://higher.smartedu.cn/... 第三方外链硬编码为默认值|生产包未配置微信 web-view 业务域名白名单时 MBTI/咨询页白屏，且外链无运行时降级|改为空默认 + 运营配置下发，白名单预登记|open|batch-4|
R4-00244|d:\6\恋爱小程序\apps\client\src\utils\media.ts|153-163|B|P2|JWT 拼入图片 URL query 参数（token=xxx），文件内注释自述暴露于 Referer/代理日志/网络面板|用户 token 可经图片请求链路泄漏，被盗用接管会话（微信无其他方案的权宜实现）|后端改签短期签名 URL，前端不再拼接 token|open|batch-3|
R4-00245|d:\6\恋爱小程序\apps\client\src\utils\image-local.ts|17-21|T|P3|62 张本地头像映射与背景/帖子素材路径硬编码字符串（"/static/assets/images/avatars/avatar-N.jpg" 等），未走 IMAGE_PATHS 统一入口（images.ts 注释明确"禁止硬编码 /static/..."）|素材路径变更需改本文件，与 images.ts 双源|复用 IMAGE_PATHS/常量生成|open|batch-4|
R4-00246|d:\6\恋爱小程序\apps\api\src\main\java\com\campuslove\api\config\AesEncryptor.java|88|H|P0|strictAes=false 时未配置 APP_AES_SECRET 回退硬编码公开兜底密钥 "campus-love-default-aes-key-change-in-production-32bytes"（secret = "campus-love-default-aes-key..."）|openid/phone 等敏感字段用公开密钥 AES-GCM 加密约等于明文，数据库泄露即可解密接管用户身份|删除兜底密钥，未配置密钥且非严格模式时拒绝加密写操作；生产启动强制 strictAes|open|batch-1|
R4-00247|d:\6\恋爱小程序\apps\api\src\main\java\com\campuslove\api\config\AesEncryptor.java|173-177|B|P2|decrypt 解密失败（认证标签不匹配/密钥轮换后旧密文）时静默返回密文原值（"AES 解密失败，原样返回输入"）|篡改或换密钥后密文被当作明文读回、存回，数据损坏且无感知|解密失败抛业务异常或返回明确失败标记，由调用方处理|open|batch-3|
R4-00248|d:\6\恋爱小程序\apps\api\src\main\java\com\campuslove\api\auth\RealAuthService.java|74-75,125,139|T|P3|注入 AesEncryptor 全类从未调用（grep 无 aesEncryptor. 使用），类注释声称 openid/phone 加密存储|加密承诺落空，依赖与文档不符|接入加密或删除未用依赖并修正注释|open|batch-4|
R4-00249|d:\6\恋爱小程序\apps\api\src\main\java\com\campuslove\api\auth\RealAuthService.java|456-457|H|P1|注册用户 phone 明文存储，且 openid 字段写入 "phone:"+phone 明文（setOpenid("phone:" + phone); setPhone(phone)）|数据库泄露即暴露全部真实手机号，违反个人信息保护合规|phone 经 AesEncryptor 加密存储或使用不可逆派生键|open|batch-2|
R4-00250|d:\6\恋爱小程序\apps\api\src\main\java\com\campuslove\api\auth\RealAuthService.java|115|H|P2|体验账号黑名单手机号硬编码 GUEST_BLACKLIST_PHONE="13900000000"|真实号段被占用，更换体验号需改代码重新发版|移入配置项 app.guest-login.blacklist-phone|open|batch-3|
R4-00251|d:\6\恋爱小程序\apps\api\src\main\java\com\campuslove\api\auth\RealAuthService.java|533-567|D|P1|loginAsGuest 全体验用户共用一个固定账号（13900000000，昵称体验用户），会话身份无隔离|体验用户私信/匹配/点赞数据互相污染；商业化误开该入口即数据隔离失效|按会话生成独立临时账号，或体验数据限内存/独立库|open|batch-2|
R4-00252|d:\6\恋爱小程序\apps\api\src\main\java\com\campuslove\api\auth\RealAuthService.java|539-554|B|P2|loginAsGuest 并发首登 findByPhone 后直接 save，无 DataIntegrityViolationException 兜底（对比 registerUser 有 A-34 兜底）|并发首个体验请求触发 uk_users_phone 唯一约束冲突返回 500|捕获唯一约束冲突后重查既有体验账号|open|batch-3|
R4-00253|d:\6\恋爱小程序\apps\api\src\main\java\com\campuslove\api\auth\RealAuthService.java|986|B|P2|buildSessionView 登录方式硬编码 "wechat"，phone/guest/admin 登录返回会话 loginMethod 均为 wechat|前端展示与后台在线用户列表登录方式失真|按实际登录方式传入 loginMethod|open|batch-3|
R4-00254|d:\6\恋爱小程序\apps\api\src\main\java\com\campuslove\api\auth\RealAuthService.java|254-257|B|P2|微信登录失败消息拼接上游异常原文（"微信服务暂时不可用：" + ex.getMessage()），经 WechatLoginException 透传客户端|微信接口/网络错误细节（URL、内部信息）泄露给终端用户|仅返回固定友好文案，细节进日志|open|batch-3|
R4-00255|d:\6\恋爱小程序\apps\api\src\main\java\com\campuslove\api\auth\RealAuthService.java|389-411|B|P2|refreshToken 先签发新 token（389 行）再查用户，且不检查 user.isDisabled()|被禁用用户刷新仍返回 loggedIn=true 会话（受保护端点 401，行为不一致）|刷新前校验用户存在且未被禁用|open|batch-3|
R4-00256|d:\6\恋爱小程序\apps\api\src\main\java\com\campuslove\api\auth\RealAuthService.java|310-317,322-361|T|P3|findOrCreateUserForWechatLogin 的 @Transactional 因同类 self-invocation 不生效（javadoc 自认 AOP 不拦截内部调用），但注释称"事务保证原子性"|事务边界名不符实，未来多写场景无原子性|self-injection 或 TransactionTemplate 显式开启事务|open|batch-4|
R4-00257|d:\6\恋爱小程序\apps\api\src\main\java\com\campuslove\api\auth\RealAuthService.java|767|B|P3|matchesPasswordWithMigration 历史明文兼容使用 rawPassword.equals(storedHash) 普通 equals 比较|迁移窗口期管理员密码存在时序侧信道（配合 DB 泄露可探测）|明文兼容仅限迁移期并改用恒定时间比较|open|batch-4|
R4-00258|d:\6\恋爱小程序\apps\api\src\main\java\com\campuslove\api\auth\RealAuthService.java|695|H|P3|管理员登录成功日志输出原始 username（openid 即管理员账号标识，log.info("管理员登录成功...username={}")）|日志/APM 泄露管理员账号标识|username 经脱敏后输出|open|batch-4|
R4-00259|d:\6\恋爱小程序\apps\api\src\main\java\com\campuslove\api\auth\ThirdPartyAuthService.java|139-163|B|P1|doLogin 命中既有绑定记录路径未检查 user.isDisabled()，禁用用户仍可经微信/Apple 第三方登录签发 JWT|管理员封禁可被第三方登录路径绕过，账号管控失效|doLogin 增加 isDisabled 校验（对齐 RealAuthService.loginWithWechat）|open|batch-2|
R4-00260|d:\6\恋爱小程序\apps\api\src\main\java\com\campuslove\api\auth\ThirdPartyAuthService.java|60,70,193|H|P3|注入 AesEncryptor 从未使用；unionId 明文存 third_party_accounts.union_id（setUnionId(unionId)）|死依赖 + 敏感标识明文落库|删除未用依赖；unionId 加密或哈希存储|open|batch-4|
R4-00261|d:\6\恋爱小程序\apps\api\src\main\java\com\campuslove\api\auth\ThirdPartyAuthController.java|95-101|D|P3|GET /bindings 无 @PreAuthorize，仅依赖 SecurityConfig 的 /api/v1/** 路径规则|权限语义分散，路径规则调整时易漏保护|显式 @PreAuthorize("hasRole('USER')")|open|batch-4|
R4-00262|d:\6\恋爱小程序\apps\api\src\main\java\com\campuslove\api\auth\ThirdPartyAuthController.java|113-119|D|P3|bindThirdParty 绑定被他人占用/已绑定该平台时静默返回 {success:false}，客户端无法区分原因|用户困惑，无错误提示与重试指引|返回区分业务错误码（ALREADY_BOUND / OPENID_TAKEN）|open|batch-4|
R4-00263|d:\6\恋爱小程序\apps\api\src\main\java\com\campuslove\api\auth\AuthController.java|123-126|B|P1|phoneLogin 公开端点无 @RateLimit（对比 wechat-login/admin/login 均有 10/0.1 限流）|手机号+密码可无限次爆破尝试，撞库/枚举风险|补 @RateLimit(capacity=10, refillTokens=0.1, key=IP)|open|batch-2|
R4-00264|d:\6\恋爱小程序\apps\api\src\main\java\com\campuslove\api\auth\AuthController.java|111-115|B|P2|register 公开端点无 @RateLimit，且已注册手机号返回 400 "该手机号已注册"|注册接口可批量刷量；错误文案可枚举手机号是否注册|加限流；注册/登录失败统一文案防枚举|open|batch-3|
R4-00265|d:\6\恋爱小程序\apps\api\src\main\java\com\campuslove\api\auth\AuthController.java|296-306|T|P2|loginAsAdmin 通过 Environment/AbstractEnvironment 类型反射 + getActiveProfiles().contains("mock") 判断 mock profile|逻辑晦涩、强依赖 Spring 内部类，维护与测试成本高|注入配置标志或 Profile 解析器|open|batch-3|
R4-00266|d:\6\恋爱小程序\apps\api\src\main\java\com\campuslove\api\auth\AuthController.java|273-274|B|P2|/admin/login 标注 @Idempotent(required=true)，幂等键在业务执行前 SETNX 且失败不释放|密码输错一次后同 key 重试 4 小时内被 409 拦截，前端复用 key 则登录锁死|登录失败后释放幂等键或 required=false|open|batch-3|
R4-00267|d:\6\恋爱小程序\apps\api\src\main\java\com\campuslove\api\config\RateLimited.java|33|T|P2|config.RateLimited 注解与 RateLimitConfig AOP 切面全项目无任何业务引用（grep 仅自身定义），实际限流走 com.campuslove.api.ratelimit.RateLimit|两套限流框架并存，一套死代码，维护者易误用|删除 config 包死代码或统一到一套框架|open|batch-3|
R4-00268|d:\6\恋爱小程序\apps\api\src\main\java\com\campuslove\api\auth\WechatAuthController.java|76-114|T|P3|与 AuthController.loginWithWechat(/wechat-login 旧路径) 重复实现同一登录端点与指标埋点|双端点双实现，响应契约漂移风险|合并为单端点保留兼容别名|open|batch-4|
R4-00269|d:\6\恋爱小程序\apps\api\src\main\java\com\campuslove\api\auth\MockAuthService.java|77-81|H|P3|mock 管理员登录日志输出原始 username（log.info("mock 管理员登录, username={}", username)）|mock 模式低危，但演示数据污染日志|脱敏输出|open|batch-4|
R4-00270|d:\6\恋爱小程序\apps\api\src\main\java\com\campuslove\api\auth\WeChatClient.java|92-99|B|P1|devFallbackEnabled 开启时任意 code 派生固定 openid（"dev-wechat-"+code）直接走真实登录/注册链路|生产误开 WECHAT_DEV_FALLBACK_ENABLED 即可无凭据伪造微信身份登录任意新账号|生产 profile 启动强校验该开关必须为 false|open|batch-2|
R4-00271|d:\6\恋爱小程序\apps\api\src\main\java\com\campuslove\api\auth\WeChatClient.java|46|H|P3|jscode2session 默认 URL 字面量硬编码于 @Value 默认值（https://api.weixin.qq.com/sns/jscode2session）|可配置兜底，默认正确，低危|保持配置注入即可|open|batch-4|
R4-00272|d:\6\恋爱小程序\apps\api\src\main\java\com\campuslove\api\config\JwtAuthenticationFilter.java|159-160|T|P2|每请求 userRepository.findById 查库判定角色/禁用状态（注释自认"每次请求都查询数据库"）|高并发下每请求一次 DB 往返放大数据库压力|角色/状态写入 JWT claims 或短 TTL 本地缓存|open|batch-3|
R4-00273|d:\6\恋爱小程序\apps\api\src\main\java\com\campuslove\api\config\JwtAuthenticationFilter.java|103-110|B|P2|/api/v1/media/** 支持 ?token= 查询参数携带完整 JWT|token 进入 URL，可能泄露到访问日志/Referer/浏览器历史|改签名短时 URL 或 Referer 校验|open|batch-3|
R4-00274|d:\6\恋爱小程序\apps\api\src\main\java\com\campuslove\api\config\JwtAuthenticationFilter.java|132-139|B|P3|jti 黑名单与完整 token 黑名单双轨并存；isTokenRevoked 在 Redis 可用但 key 缺失时直接返回 false 忽略本地内存|Redis 故障期间撤销的 token 在 Redis 恢复后跨实例仍被接受|统一为 jti 单黑名单并合并本地降级|open|batch-4|
R4-00275|d:\6\恋爱小程序\apps\api\src\main\java\com\campuslove\api\config\JwtTokenProvider.java|313|B|P3|revokeToken 将完整 JWT 写入 Redis（key=jwt:blacklist:{完整token}），与 jti 黑名单机制重复|Redis 被入侵即拿到全部在册 token，双机制冗余|废弃完整 token 黑名单，统一走 jti|open|batch-4|
R4-00276|d:\6\恋爱小程序\apps\api\src\main\java\com\campuslove\api\config\JwtTokenProvider.java|36|H|P3|JWT 默认有效期 24h（expirationMs=86400000L）写死于配置类默认值|长生命 token 泄露窗口 24h，且无滑动会话|缩短默认并强制刷新策略|open|batch-4|
R4-00277|d:\6\恋爱小程序\apps\api\src\main\java\com\campuslove\api\auth\JwtAuthenticationEntryPoint.java|76-81,107-109|B|P2|commence 自行 UUID 生成 traceId，未复用 MDC 中 TraceIdFilter 注入的 traceId（对比 GlobalExceptionHandler.generateTraceId 读 MDC）|401 响应的 X-Trace-Id 与请求链路 traceId 不一致，日志串联断裂|改为优先读 MDC|open|batch-3|
R4-00278|d:\6\恋爱小程序\apps\api\src\main\java\com\campuslove\api\config\SecurityConfig.java|193-212|D|P3|CORS 规则在 SecurityConfig.corsConfigurationSource 与 WebConfig.addCorsMappings 两处实现，需手工保持 allowedMethods/Headers 一致|配置漂移风险（WebConfig 已含 X-Trace-Id 而 SecurityConfig 未含）|收敛为单一配置源|open|batch-4|
R4-00279|d:\6\恋爱小程序\apps\api\src\main\java\com\campuslove\api\config\MockSecurityConfig.java|181-191|B|P1|mock 模式 /api/v1/admin/** 自动注入 ROLE_ADMIN+ROLE_USER，principal 固定 1L|mock profile 一旦被误带生产，所有管理端点匿名可用，鉴权整体失效|mock profile 启动强校验环境隔离；principal 使用可配置 mock 用户|open|batch-2|
R4-00280|d:\6\恋爱小程序\apps\api\src\main\java\com\campuslove\api\config\JwtChannelInterceptor.java|30-33|T|P2|JwtChannelInterceptor/WebSocketConfig 无 @Profile 限制，mock 模式同样强制真实 JWT 校验（mock-token 无法通过 validateToken）|mock 模式 WebSocket 连接必然失败，双 profile 行为不一致|mock 分支跳过校验或提供 mock 校验器|open|batch-3|
R4-00281|d:\6\恋爱小程序\apps\api\src\main\java\com\campuslove\api\config\JwtChannelInterceptor.java|93-96|B|P3|CONNECT 校验仅 validateToken（签名/过期），未校验用户是否被禁用|禁用用户仍可建立 WebSocket 长连接|补查用户状态|open|batch-4|
R4-00282|d:\6\恋爱小程序\apps\api\src\main\java\com\campuslove\api\config\WebSocketConfig.java|224-243|D|P3|握手 token 从 Sec-WebSocket-Protocol 子协议头提取，但服务端未将 bearer.{token} 写回响应子协议头|浏览器原生 WebSocket 子协议需服务端回显才生效，可能连接被拒|响应头回写所选子协议|open|batch-4|
R4-00283|d:\6\恋爱小程序\apps\api\src\main\java\com\campuslove\api\config\GlobalExceptionHandler.java|115-120|B|P3|handleIllegalArgument 原样透传 ex.getMessage() 给客户端|内部实现细节随异常消息外泄|生产 profile 脱敏 message|open|batch-4|
R4-00284|d:\6\恋爱小程序\apps\api\src\main\java\com\campuslove\api\config\GlobalExceptionHandler.java|370-376|B|P3|handleEntityNotFound 透传 ex.getMessage() 给客户端|实体层异常消息（可能含查询线索）外泄|固定文案|open|batch-4|
R4-00285|d:\6\恋爱小程序\apps\api\src\main\java\com\campuslove\api\config\RedisConfig.java|321-324|B|P2|Jackson2JsonRedisSerializer 启用 default typing(NON_FINAL + PROPERTY) 写入 @class 类型信息|多态反序列化攻击面，Redis 可写场景下存在 gadget 风险|改为白名单 ObjectMapper 或仅对受信类型开启|open|batch-3|
R4-00286|d:\6\恋爱小程序\apps\api\src\main\java\com\campuslove\api\config\RateLimitConfig.java|70-71|B|P2|RateLimiter.buckets ConcurrentHashMap 无清理机制，按 IP/用户限流键只增不减|长期运行内存持续增长直至 OOM 风险|定期清理空闲桶或 LRU|open|batch-3|
R4-00287|d:\6\恋爱小程序\apps\api\src\main\java\com\campuslove\api\common\IdempotentInterceptor.java|139-156|B|P2|SETNX 写入幂等键发生在业务执行前，业务失败后不删除键（仅 TTL 到期释放）|接口失败后同 key 重试 4 小时被 409 拦截，客户端需手工换 key|按业务结果释放或缩短失败场景 TTL|open|batch-3|
R4-00288|d:\6\恋爱小程序\apps\api\src\main\java\com\campuslove\api\auth\OnlineUserService.java|183|B|P2|listOnlineSessions 使用 redisTemplate.keys("online:user:*") 全量扫描|生产 Redis KEYS 命令阻塞主线程，在线用户量大时卡顿|改用 SCAN 迭代|open|batch-3|
R4-00289|d:\6\恋爱小程序\apps\api\src\main\java\com\campuslove\api\auth\OnlineUserService.java|86|H|P3|TTL 兜底硬编码 24L*3600*1000 毫秒，与 JwtConfig 默认 86400000 重复|两处默认值漂移风险|引用同一配置源|open|batch-4|
R4-00290|d:\6\恋爱小程序\apps\api\src\main\java\com\campuslove\api\auth\OnlineUserService.java|277-279|B|P2|loginAtIso 使用 ZoneId.systemDefault()（DB 固定 serverTimezone=Asia/Shanghai，JVM 可能 UTC）|在线列表时间可能偏移 8 小时|固定 Asia/Shanghai 或 UTC 统一|open|batch-3|
R4-00291|d:\6\恋爱小程序\apps\api\src\main\java\com\campuslove\api\profile\ProfileVisitorController.java|205-207|B|P2|"当天去重"窗口用 LocalDate.now().atStartOfDay()（系统默认时区）|跨时区部署时访问去重窗口错位，同日去重失效|固定时区计算日界|open|batch-3|
R4-00292|d:\6\恋爱小程序\apps\api\src\main\java\com\campuslove\api\profile\ProfileVisitorController.java|229-233|B|P3|访客记录唯一约束冲突被静默吞掉视为已记录（catch DataIntegrityViolationException 仅日志）|并发时返回的 visitedAt 与落库时间可能不一致|吞异常属可接受，但应返回既有记录视图|open|batch-4|
R4-00293|d:\6\恋爱小程序\apps\api\src\main\java\com\campuslove\api\dto\DtoMapper.java|259-264|B|P1|toInstant 使用 ZoneId.systemDefault() 将 LocalDateTime 转 UTC Instant（DTO 声称 UTC 无歧义）|JVM 时区与 DB（Asia/Shanghai）不一致时全部时间戳偏移 8 小时|显式指定 Asia/Shanghai 时区转换|open|batch-2|
R4-00294|d:\6\恋爱小程序\apps\api\src\main\java\com\campuslove\api\dto\DtoMapper.java|97-109|T|P3|toUserBriefDto 的 isVerified/isVip 恒为 null（User 主表无关联字段，注释自认）|列表端认证/VIP 徽章缺失|调用方批量补充关联字段|open|batch-4|
R4-00295|d:\6\恋爱小程序\apps\api\src\main\java\com\campuslove\api\profile\FollowService.java|72-79|B|P2|followUser existsBy 检查后直接 save，无 DataIntegrityViolationException 兜底|并发重复关注（不同幂等键）唯一约束冲突 500|捕获冲突转业务异常|open|batch-3|
R4-00296|d:\6\恋爱小程序\apps\api\src\main\java\com\campuslove\api\profile\FollowService.java|85-86|B|P3|FollowView 计数取自实体陈旧值（getFollowingCount()+1），与 DB 原子递增可能不一致|客户端展示计数与实际 DB 值不符|返回 DB 更新后计数或忽略视图计数|open|batch-4|
R4-00297|d:\6\恋爱小程序\apps\api\src\main\java\com\campuslove\api\profile\ProfileUpdateService.java|177-179|B|P2|saveBasicProfile 接受客户端 avatarUrl 直接写入 users.avatar_url，无 URL 白名单/归属校验|可注入任意外部 URL 冒充头像（钓鱼/第三方追踪像素）|仅允许本服务媒体存储返回的 URL|open|batch-3|
R4-00298|d:\6\恋爱小程序\apps\api\src\main\java\com\campuslove\api\profile\ProfileUpdateService.java|128-134|B|P3|昵称/简介敏感词仅替换为 *** 且不拒绝（filterWithLog），服务端无强制审核|违规词可经拆分/谐音绕过内容审核|服务端敏感内容策略补充拒绝+记录|open|batch-4|
R4-00299|d:\6\恋爱小程序\apps\api\src\main\java\com\campuslove\api\profile\MockProfileService.java|270|T|P3|doUpload 硬编码 userId=1L 上传媒体（注释"与 MockSecurityConfig 默认 principal 一致"）|mock 专属低危，但两处 1L 隐性耦合|统一 mock 常量|open|batch-4|
R4-00300|d:\6\恋爱小程序\apps\api\src\main\java\com\campuslove\api\profile\RealProfileService.java|68-72|T|P3|生产类暴露两个 public 构造器（其一注释"用于单元测试"）|Spring 多构造器易混淆，测试代码侵入生产类|测试构造器改包级可见或测试专用工厂|open|batch-4|
R4-00301|d:\6\恋爱小程序\apps\api\src\main\java\com\campuslove\api\profile\ProfileQueryService.java|449-479|T|P3|暴露 getUserRepository 等 5 个 public 内部访问器（注释称"仅供同包内使用"）|封装破坏，跨包越权使用风险|改 package-private|open|batch-4|
R4-00302|d:\6\恋爱小程序\apps\api\src\main\java\com\campuslove\api\user\UserController.java|82-96|D|P3|getFollowers/getFollowing 无分页参数，全量返回关注/粉丝列表|粉丝量大时响应膨胀|加分页参数|open|batch-4|
R4-00303|d:\6\恋爱小程序\apps\api\src\main\java\com\campuslove\api\config\MessagingFallback.java|111-115|B|P3|discard 日志输出完整 message 体（log.warn("消息已丢弃...message={}", message)）|消息内容（可能含用户隐私）泄露至日志|截断/脱敏后记录|open|batch-4|
R4-00304|d:\6\恋爱小程序\apps\api\src\main\java\com\campuslove\api\auth\AuthService.java|36-43|T|P3|接口 javadoc 仍写"登出仅记录日志；生产环境如需 token 黑名单可在此扩展"，与黑名单实现矛盾|过时注释误导维护者|更新注释|open|batch-4|
R4-00305|d:\6\恋爱小程序\apps\api\src\main\java\com\campuslove\api\config\OpenApiConfig.java|86|H|P3|默认联系人邮箱硬编码 dev@campuslove.example.com（OPENAPI_CONTACT_EMAIL 未配置时）|占位邮箱进入公开 API 文档|默认空值|open|batch-4|
R4-00306|d:\6\恋爱小程序\apps\api\src\main\java\com\campuslove\api\config\SensitiveWordFilter.java|164-165|B|P3|filterWithLog 每次敏感词命中以 WARN 级别记录|高频命中时日志刷屏|降级 INFO 并聚合统计|open|batch-4|
R4-00307|d:\6\恋爱小程序\apps\api\src\main\java\com\campuslove\api\config\ContentFilterController.java|40-56|D|P3|敏感词预检端点 permitAll 且无任何限流，每次请求全词库正则扫描（上限 5000 字符）|匿名可高频调用消耗 CPU|补限流|open|batch-3|
R4-00308|d:\6\恋爱小程序\apps\api\src\main\java\com\campuslove\api\config\AdminOpenidValidator.java|43-45|D|P3|ADMIN_OPENID 仅校验长度>=16，未校验微信 openid 真实格式（o 开头 28 位）|弱校验容忍非法配置，占位串仍可能通过|严格格式校验|open|batch-4|
R4-00309|d:\6\恋爱小程序\apps\api\src\main\java\com\campuslove\api\config\AdminPasswordValidator.java|49-56|H|P3|UNSAFE_DEFAULT_ADMIN_PASSWORDS 清单含明文 "admin123"/"admin"/"password" 写死于源码|弱密码清单公开于源码，低危|移除明文项或仅存哈希|open|batch-4|
R4-00310|d:\6\恋爱小程序\apps\api\src\main\java\com\campuslove\api\auth\RedisTokenBlacklistService.java|164-172|B|P3|isRevoked 在 Redis 可用但 key 不存在时直接返回 false，跳过本地内存黑名单|Redis 故障期间撤销的 jti 在恢复后跨实例失效（本地记录被忽略）|合并本地降级查询|open|batch-4|
R4-00311|d:\6\恋爱小程序\apps\api\src\main\java\com\campuslove\api\config\JwtTokenProvider.java|377-402|T|P3|cleanupExpiredRevokedTokens 分布式锁 tryLock(0,30s) 内遍历全量黑名单，锁超时后 finally unlock 可能释放他实例的锁|大黑名单清理超 30s 时锁竞争异常|分批清理或锁内自校验|open|batch-4|
R4-00312|d:\6\恋爱小程序\apps\api\src\main\java\com\campuslove\api\wallet\WalletController.java|90-95|B|P0|演示充值开关默认开启且无支付网关（app.demo-recharge.enabled:true + 直接入账）|生产未显式关闭时任意用户可免费无限充值（单次上限 1 亿元分 × 每日 5 次），资金/账务风险|默认关闭并在启动时校验 profile，接入支付网关回调前禁止入账|open|batch-1|
R4-00313|d:\6\恋爱小程序\apps\api\src\main\java\com\campuslove\api\match\RealMatchService.java|349-356|B|P1|喜欢我/访客列表未解锁条目仍返回完整昵称/头像（unlocked 仅前端打码）|付费解锁墙无服务端保护，不付费即可拿到全部列表信息，解锁商业化链路失效|服务端按解锁集合截断昵称/头像/校区字段，未解锁只返回占位|open|batch-2|
R4-00314|d:\6\恋爱小程序\apps\api\src\main\java\com\campuslove\api\discover\RecommendationRanker.java|397|B|P1|悄悄话（付费可见语义）明文随推荐列表下发，无任何解锁校验（whisper=WHISPER_POOL.get(...)）|付费内容免费泄露，悄悄话扣费链路无消费方|列表不下发 whisper，由解锁接口单独返回|open|batch-2|
R4-00315|d:\6\恋爱小程序\apps\api\src\main\java\com\campuslove\api\discover\RecommendationRanker.java|406|F|P1|allowMessage 恒为 Boolean.FALSE，MESSAGE_UNLOCK/WHISPER_UNLOCK 扣费无任何消费方|用户付费解锁私信后服务端不授予任何能力，钱包扣费白扣|实现解锁校验并据实返回 allowMessage|open|batch-2|
R4-00316|d:\6\恋爱小程序\apps\api\src\main\java\com\campuslove\api\vip\AutoRenewService.java|239|F|P1|renewVip 无任何调用方（全仓 grep 无调度任务/Controller 入口）|自动续费开关可开启但永远不会扣费续费，功能闭环断裂|补 @Scheduled 定时任务 + 手动触发端点|open|batch-2|
R4-00317|d:\6\恋爱小程序\apps\api\src\main\java\com\campuslove\api\vip\AutoRenewService.java|252-337|B|P1|Redisson 锁在事务提交前释放（finally unlock 早于代理层 commit），且 orderNo 每次 UUID 不同|并发二次续费可读到未提交数据再次扣款+再次顺延 VIP（双扣费）|锁生命周期包住事务提交（TransactionSynchronization 或锁外事务）|open|batch-2|
R4-00318|d:\6\恋爱小程序\apps\api\src\main\java\com\campuslove\api\vip\BillingService.java|207|F|P1|handlePaymentCallback 无任何 HTTP/Controller 调用方（支付回调未接入）|微信支付-权益开通闭环断裂，BillingService 回调逻辑为死代码|接入支付回调端点（验签+验单）|open|batch-2|
R4-00319|d:\6\恋爱小程序\apps\api\src\main\java\com\campuslove\api\vip\BillingService.java|225-236|B|P1|支付回调幂等仅按 notification_id；同 orderNo 不同 notificationId 重复回调绕过检查无限顺延 VIP（注释自认）|重复回调可无限免费延长 VIP，幂等无保证|增加 orderNo 维度幂等 + transaction_id 唯一约束|open|batch-2|
R4-00320|d:\6\恋爱小程序\apps\api\src\main\java\com\campuslove\api\vip\PromoCodeService.java|113|F|P1|redeem 折扣结果无消费方：全仓无任何 VIP 购买/支付下单流程使用折扣金额|优惠码兑换后折扣不生效（兑换成功但购买时无人读取），营销链路断裂|在支付/下单链路上消费折扣|open|batch-2|
R4-00321|d:\6\恋爱小程序\apps\api\src\main\java\com\campuslove\api\chat\MessageWebSocketHandler.java|216-224|B|P1|私信 WS 路径校验通过后仅推送不落库（payload 直发 /queue/messages）|WS 发送的私信不入库：历史消息、未读计数、会话预览均缺失，双通道数据不一致|WS 私信复用 RealPrivateMessageService 落库|open|batch-2|
R4-00322|d:\6\恋爱小程序\apps\api\src\main\java\com\campuslove\api\chat\TempChatSessionService.java|459-462|B|P1|matchId 兜底把任意数字解析为 userId 建立会话（代码 TODO 自认）|任意用户可借 matchId 与任意用户建立临时会话并推送通知，越权骚扰|校验 matchId 归属当前用户（MatchService 查询支持）|open|batch-2|
R4-00323|d:\6\恋爱小程序\apps\api\src\main\java\com\campuslove\api\chat\VideoCallService.java|179-186|B|P1|startedAt 全仓无任何赋值（grep setStartedAt 仅实体 setter），endCall 时长恒 0|通话时长恒为 0、记录状态恒 MISSED，CONNECTED 不可达，通话记录失真|接通信令时设置 startedAt/ONGOING|open|batch-2|
R4-00324|d:\6\恋爱小程序\apps\api\src\main\java\com\campuslove\api\chat\VideoCallController.java|59-95|F|P1|视频通话无接听/拒绝端点（仅 start/end/records），RINGING 无法流转 ONGOING|呼叫方只能发起与挂断，被叫方无任何操作入口，视频通话功能不可用|补接听/拒绝信令端点|open|batch-2|
R4-00325|d:\6\恋爱小程序\apps\api\src\main\java\com\campuslove\api\discover\RealRecommendationService.java|388-390|B|P1|推荐配额在缓存命中前扣减，首页/聊天概览/发现页多个入口每次拉取均扣配额|用户浏览首页+聊天+发现即消耗 3 次配额，缓存期内翻页重复扣减，配额经济失真|配额扣减移入缓存 miss 路径并按入口去重|open|batch-2|
R4-00326|d:\6\恋爱小程序\apps\api\src\main\java\com\campuslove\api\growth\RealCheckInService.java|434-478|B|P1|补签 costPoints（首免后每次 50 积分）仅返回视图，从不调用 walletService.deduct 扣减|契约（check-in.yaml：subsequent ones cost 50 growth points）失配，月 3 次补签全部免费，积分经济断链|补签时真实扣减钱包并写 DEBIT 流水|open|batch-2|
R4-00327|d:\6\恋爱小程序\apps\api\src\main\java\com\campuslove\api\growth\RealSocialProgressService.java|84-211|F|P1|recordExposure/recordLike/recordMatch/recordChat 等 6 个方法全仓无调用方（grep 确认）|社交升温漏斗计数恒为 0，层级永卡 L1，漏斗功能是空壳|在 like/match/chat 主链路埋点调用|open|batch-2|
R4-00328|d:\6\恋爱小程序\apps\api\src\main\java\com\campuslove\api\village\RealPostTagService.java|84-142|F|P1|post_tag 表无任何写入方（全仓无 PostTag save；createPost 仅写 posts.tags JSON）|按标签查帖子/热门话题恒为空，标签功能断链|createPost 同步写 PostTag 或改为 JSON 内过滤|open|batch-2|
R4-00329|d:\6\恋爱小程序\apps\api\src\main\java\com\campuslove\api\wallet\WalletController.java|202|B|P2|演示充值每日计数用 LocalDate.now() 无 ZoneId（服务器时区决定"今日"）|跨时区部署每日 5 次限额按服务器日切分，与用户自然日不一致|统一使用 ZoneId 注入|open|batch-3|
R4-00330|d:\6\恋爱小程序\apps\api\src\main\java\com\campuslove\api\wallet\WalletController.java|205-230|B|P2|Redis 计数失败降级本地内存 ConcurrentHashMap（单实例方案）|多实例部署 Redis 抖动时每日 5 次限额可被多实例各自计数突破|降级改为拒绝服务或共享存储|open|batch-3|
R4-00331|d:\6\恋爱小程序\apps\api\src\main\java\com\campuslove\api\wallet\WalletServiceImpl.java|204-210|B|P2|recharge 幂等分支缺 userId 归属校验（deduct 有 R2-00266 校验而 recharge 没有）|同 orderId 跨用户调用时返回他人 balanceAfter，信息泄露|与 deduct 对齐增加归属校验|open|batch-3|
R4-00332|d:\6\恋爱小程序\apps\api\src\main\java\com\campuslove\api\match\MatchPolicy.java|96-216|B|P2|like/rewind 每日计数 LocalDate.now() 无 ZoneId（三处同模式）|每日限额按服务器时区切分，跨时区用户限额错乱|统一 ZoneId|open|batch-3|
R4-00333|d:\6\恋爱小程序\apps\api\src\main\java\com\campuslove\api\match\RealMatchService.java|222-229|B|P2|likeUser 在幂等检查前先 tryIncrementLike 扣配额，重复喜欢（ALREADY_LIKED）也消耗一次配额|重复喜欢/取消后重喜欢消耗每日 30 次配额，限流失真|幂等命中路径回滚配额|open|batch-3|
R4-00334|d:\6\恋爱小程序\apps\api\src\main\java\com\campuslove\api\match\MatchController.java|200-229|F|P2|super-like 完全免费且无限量，与普通 like 无成本差异|每日 30 次普通喜欢限额可被 super-like 无限绕过，商业化缺口且契约（likes.yaml）未文档化|为 super-like 配置配额/扣费|open|batch-3|
R4-00335|d:\6\恋爱小程序\apps\api\src\main\java\com\campuslove\api\chat\PrivateMessageController.java|171|B|P2|SendMessageRequest kind 正则允许客户端发送 SYSTEM 类型消息|用户可伪造系统消息推送给对方，消息可信度受损|SYSTEM 仅限服务端写入|open|batch-3|
R4-00336|d:\6\恋爱小程序\apps\api\src\main\java\com\campuslove\api\discover\RecommendationRanker.java|579-580|B|P2|loadBadgeLevelMap 全表加载 APPROVED 认证记录再内存过滤（findByStatusOrderBySubmittedAtDesc("APPROVED")）|用户量增长后每次推荐全表扫描认证表，DB 压力与内存占用随规模线性增长|WHERE userId IN 下推 SQL|open|batch-3|
R4-00337|d:\6\恋爱小程序\apps\api\src\main\java\com\campuslove\api\discover\PrivacyFieldFilter.java|56-77|B|P2|ALLOWED_FIELDS 白名单与实际 RecommendedPersonView 字段漂移（displayId/incomeRange/occupation 等 14 个字段不在白名单），assertFieldsInWhitelist 无人调用|收入档位等敏感字段随推荐列表对全体用户公开，白名单防护形同虚设|同步白名单并将 incomeRange 移出公开视图|open|batch-3|
R4-00338|d:\6\恋爱小程序\apps\api\src\main\java\com\campuslove\api\growth\RecommendQuotaService.java|104-129|B|P2|推荐配额计数 LocalDate.now() 无 ZoneId|跨时区每日配额按服务器日切分|统一 ZoneId|open|batch-3|
R4-00339|d:\6\恋爱小程序\apps\api\src\main\java\com\campuslove\api\village\VillageQueryService.java|255-259|F|P2|discover 分类的 discoverSub 子标签（all/alumni/hometown/buddy）被忽略，恒返回全量 active 帖子|前端三级 Tab 筛选无效，功能为占位|按子标签实现过滤或移除参数|open|batch-3|
R4-00340|d:\6\恋爱小程序\apps\api\src\main\java\com\campuslove\api\location\LocationService.java|25-31|F|P2|IP 归属仅按 5 条演示网段表匹配，其余公网 IP 一律返回默认"南京"（DEMO_CITY_NETS 进生产）|同城 Tab 城市标注基本失真，演示数据进入真实模式|接入真实 IP 归属库|open|batch-3|
R4-00341|d:\6\恋爱小程序\apps\api\src\main\java\com\campuslove\api\clientconfig\LegalTextProvider.java|38-76|H|P2|法律文本含 example.com 假邮箱与"400-xxx-xxxx"占位客服热线（privacy@campuslove.example.com）|合规文本联系方式失实，用户无法按文本联系运营，合规风险|替换为真实联系方式|open|batch-3|
R4-00342|d:\6\恋爱小程序\apps\api\src\main\java\com\campuslove\api\feedback\RealFeedbackService.java|163-170|F|P2|convertProposal 仅改状态不创建 Activity（convertedActivityId 恒 null，注释自认"暂时不创建"）|活动提案转活动是空操作，运营闭环断裂|转换时真实创建 Activity|open|batch-3|
R4-00343|d:\6\恋爱小程序\apps\api\src\main\java\com\campuslove\api\ai\AiVideoController.java|65-90|B|P2|付费 AI 生成接口仅按 IP 限流（0.2/s），无用户级配额/成本控制|登录用户可持续调用付费上游接口烧钱（约 12 次/分钟/IP）|加用户级每日配额与熔断|open|batch-3|
R4-00344|d:\6\恋爱小程序\docs\openapi\recommendations.yaml|73-160|B|P2|文档化 /recommendations/cards、/cards/{id}/pass、/cards/{id}/like、/cards/history 端点，实现中全部不存在|契约与实现失配，按文档接入的前端全部 404|删除失配端点或补齐实现|open|batch-3|
R4-00345|d:\6\恋爱小程序\apps\api\src\main\java\com\campuslove\api\wallet\WalletController.java|175-182|H|P3|硬编码中文错误提示（"演示充值已关闭，请通过官方充值渠道完成支付"等）|错误文案无法 i18n|移入消息资源|open|batch-4|
R4-00346|d:\6\恋爱小程序\apps\api\src\main\java\com\campuslove\api\wallet\WalletController.java|272-283|H|P3|/wallet/deduct 客户端直调白名单含 ADMIN_ADJUST（管理语义）与 SWEET_TALK（预留）|普通用户可伪造"管理员调整/情话解锁"类型流水，账单语义污染|白名单剔除管理/预留类型|open|batch-4|
R4-00347|d:\6\恋爱小程序\apps\api\src\main\java\com\campuslove\api\vip\AutoRenewService.java|83-84|D|P3|vipBillRepository 用 @Autowired(required=false) 字段注入（单测兼容降级）|生产若注入失败权益延长静默降级为仅日志，无失败可见性|改构造器注入并移除降级分支|open|batch-4|
R4-00348|d:\6\恋爱小程序\apps\api\src\main\java\com\campuslove\api\vip\AutoRenewController.java|24-26|T|P3|javadoc 路径 /api/vip/auto-renew/status 与实现 /api/v1/vip/auto-renew/status 失配|文档误导调试|修正 javadoc|open|batch-4|
R4-00349|d:\6\恋爱小程序\apps\api\src\main\java\com\campuslove\api\match\MatchEngine.java|148-150|D|P3|findAndScoreCandidates 每次匹配全量分页加载候选用户实体（含大字段）|匹配请求的 DB 载荷随用户量线性增长|投影查询/裁剪字段|open|batch-4|
R4-00350|d:\6\恋爱小程序\apps\api\src\main\java\com\campuslove\api\chat\NotificationController.java|96-100|T|P3|/count 与 /unread-count 两个端点返回同一数据（重复端点）|端点冗余|合并保留一个|open|batch-4|
R4-00351|d:\6\恋爱小程序\apps\api\src\main\java\com\campuslove\api\discover\RecommendationRanker.java|397-630|B|P3|Math.abs(hashCode()) 对 Integer.MIN_VALUE 仍为负数（whisper/距离/头像取模）|极端 ID 时索引越界 500（概率极低但真实存在）|用 Math.floorMod|open|batch-4|
R4-00352|d:\6\恋爱小程序\apps\api\src\main\java\com\campuslove\api\discover\RealCircleService.java|490-506|D|P3|getReplies 全量加载话题回复再内存分页（findByTopicIdOrderByCreatedAtDesc 无分页）|高回复话题内存占用随回复数增长|SQL 侧分页|open|batch-4|
R4-00353|d:\6\恋爱小程序\apps\api\src\main\java\com\campuslove\api\growth\WeChatPushService.java|35-39|H|P3|微信 access_token/订阅消息 URL 硬编码字面量|URL 变更需改代码发版|外部化配置|open|batch-4|
R4-00354|d:\6\恋爱小程序\apps\api\src\main\java\com\campuslove\api\growth\WeChatPushService.java|121|B|P3|getAccessToken 中 response.getExpiresIn() 未判空直接 -300（Integer 拆箱）|微信异常响应缺 expires_in 时 NPE|判空兜底|open|batch-4|
R4-00355|d:\6\恋爱小程序\apps\api\src\main\java\com\campuslove\api\growth\RealAppConfigService.java|93-95|T|P3|videoFallback 三元表达式两分支同值（恒 DEFAULT_VIDEO_FALLBACK）|死代码逻辑误导|移除三元直接赋值|open|batch-4|
R4-00356|d:\6\恋爱小程序\apps\api\src\main\java\com\campuslove\api\village\RealPostTagService.java|119-142|D|P3|getPopularTags 每标签 2 次查询（8 标签 ≈ 16 次 SQL/请求）|热门话题页 DB 压力|单条聚合 SQL|open|batch-4|
R4-00357|d:\6\恋爱小程序\apps\api\src\main\java\com\campuslove\api\village\RealVillageService.java|217-219|T|P3|listHotPosts 双重 @Cacheable 同键（RealVillageService+QueryService）+ 全仓无调用方|死代码 + 嵌套缓存叠加|删除外层或内层并接入端点|open|batch-4|
R4-00358|d:\6\恋爱小程序\apps\api\src\main\java\com\campuslove\api\campus\CampusController.java|267-279|F|P3|/certification/simulate 模拟认证端点暴露在生产 API 面（real 下恒 501）|生产面存在演示残留端点|real profile 移除端点映射|open|batch-4|
R4-00359|d:\6\恋爱小程序\apps\api\src\main\java\com\campuslove\api\search\UserIndexSyncListener.java|54-76|T|P3|ES 用户索引同步为桩实现（仅日志，TODO 待接入）|认证审批后"索引同步"是假功能，搜索筛选依赖的认证字段永不更新|接入真实 ES 客户端或移除声明|open|batch-4|
R4-00360|d:\6\恋爱小程序\apps\api\src\main\java\com\campuslove\api\clientconfig\LegalTextProvider.java|64|T|P3|用户协议声称提供"VIP 会员、虚拟币打赏"功能，实际 VIP 已下线|法律文本与产品现状失配|同步协议文本|open|batch-4|
R4-00361|d:\6\恋爱小程序\apps\api\src\main\java\com\campuslove\api\clientconfig\ClientDbConfigController.java|106-122|D|P3|/config/match-config 向所有登录用户暴露匹配算法权重（campusWeight 等内部参数）|内部算法参数对外可见|收敛为业务可配置项|open|batch-4|
R4-00362|d:\6\恋爱小程序\apps\api\src\main\java\com\campuslove\api\report\ErrorReportController.java|62-77|D|P3|context 以 JsonNode 接收无大小上限（@Size 不作用于 JsonNode）|超大 context JSON 全量落库撑大 error_reports 表|限制 JSON 字节数|open|batch-4|
R4-00363|d:\6\恋爱小程序\docs\openapi\likes.yaml|471|T|P3|/matches/dto 已删除端点仍文档化，且 /matches/super-like 未文档化|契约文档与实际 API 失配|同步文档|open|batch-4|
R4-00364|d:\6\恋爱小程序\database\flyway\sql\V2026.08.07.0004__seed_super_test_account.sql|38-39|H|P0|种子脚本将弱口令 'Admin@12345' 明文写入 users.password，并硬编码手机号 19900000000、固定 id=100000 SUPER_ADMIN（SELECT 100000, 'local-dev-admin-openid-123456', ..., 'Admin@12345', 'SUPER_ADMIN'）|任何环境（含生产）执行迁移链都会创建已知凭据的超级管理员，攻击者可用公开弱口令直接登录管理后台|种子脚本移出正式迁移链（拆分为 demo-profile 迁移）并强制环境变量注入强口令|open|batch-1|
R4-00365|d:\6\恋爱小程序\database\flyway\sql\V2026.08.07.0019__reset_super_admin_password.sql|34-37|H|P0|迁移无条件把 openid='local-dev-admin-openid-123456' 的管理员密码重置为明文 Admin@12345 对应的 BCrypt 哈希（'$2a$10$CjX5HfkDnKv7gfy6oGi3g.PWizPQ2D1h1QO6D/yhqwmm/dGOJ8TYe'）并补手机号 19900000000|生产库一旦存在该 openid 管理员（或后续被 0004 创建），账号密码即公开已知，后台可被直接登录接管|删除该迁移或改为仅 demo 环境执行，密码通过 ADMIN_INITIAL_PASSWORD_HASH 注入|open|batch-1|
R4-00366|d:\6\恋爱小程序\apps\api\src\main\resources\application-real.yml|95|H|P1|admin_password_hash 占位符默认值硬编码真实 BCrypt 哈希 '$2a$10$SFn8RZb8.sj5yVnP9S27a3W9MEkCL2no9sceF0/e7lp7wqGEGsjWQ'（固定值，仓库内多文件可见）|该哈希固定且明文若在仓库历史/文档中可查则管理员可被登录；注释自称"无已知明文"无法验证，属凭据反模式|移除默认值，未配置 ADMIN_INITIAL_PASSWORD_HASH 时启动失败（与 flyway.toml 行为对齐）|open|batch-1|
R4-00367|d:\6\恋爱小程序\apps\api\pom.xml|283-286|T|P1|maven-jar-plugin 的 mock 包排除被注释（"临时取消排除"），生产 jar 将包含 MockRuntimeState/MockVillageService 等 mock 类字节码|生产产物含假数据与 mock 实现，一旦 @Profile 守卫失效（如 profile 误配）将以假数据运行；镜像体积与攻击面增大|恢复 <exclude>com/campuslove/api/mock/**</exclude> 并加 CI 校验|open|batch-2|
R4-00368|d:\6\恋爱小程序\apps\api\src\main\resources\application.yml|11|H|P1|spring.profiles.default: mock（FIN-00062 已警告）：未显式指定 profile 启动即进入 mock 数据模式|生产部署若漏配 SPRING_PROFILES_ACTIVE，全站内存假数据且 MockSecurityConfig 免真实认证，属严重安全风险|默认值改为 real 或启动时强制校验 profile 非 mock|open|batch-1|
R4-00369|d:\6\恋爱小程序\apps\api\src\main\java\com\campuslove\api\admin\AdminUserController.java|328-480|B|P1|getUserDetail/updateUser/disableUser/enableUser 无 AdminDataScope 校区隔离校验（仅 listUsers 隔离），校区管理员可直接传任意 userId 查看/编辑/禁用他校用户|校区数据隔离形同虚设，校区管理员可越权查看全站用户详情、禁用他校用户（商业化"每校一管理员"模型被破坏）|写操作与详情读取统一走 assertCampusAccess(resolveUserCampusName(id))|open|batch-1|
R4-00370|d:\6\恋爱小程序\apps\api\src\main\java\com\campuslove\api\admin\AdminVillagePostController.java|174-429|B|P1|getPostDetail/listComments/listPostViewers 三端点无校区隔离校验（列表与写操作已隔离），校区管理员可读取他校帖子全文/评论/浏览者|他校内容与浏览者隐私（userId/昵称/浏览时间）泄露给校区管理员|三端点补 assertCampusAccess(resolveAuthorCampus(...))|open|batch-1|
R4-00371|d:\6\恋爱小程序\apps\api\src\main\java\com\campuslove\api\mq\NotificationConsumer.java|177-183|B|P1|站内通知持久化恒用 SYSTEM_SOURCE_USER_ID=0 且 referenceType 恒为 user（TODO FIN-00047），点赞/评论/关注通知无法跳转来源用户主页|"谁互动了我"语义缺失，通知中心互动链路断裂，前端跳转全部失效|NotificationMessage 增加 sourceUserId/referenceId/referenceType 字段并由生产者填充|open|batch-2|
R4-00372|d:\6\恋爱小程序\apps\api\src\main\java\com\campuslove\api\mq\NotificationConsumer.java|201-213|B|P2|mapType 无法识别的通知类型静默默认映射为 match，且 "system" 类型无对应枚举被归入 match|系统通知与匹配通知混淆，用户收到语义错误的通知（签到奖励被展示为匹配）|枚举补齐 system 类型或消费端显式拒绝未知类型|open|batch-3|
R4-00373|d:\6\恋爱小程序\apps\api\src\main\java\com\campuslove\api\mq\MessageProducer.java|72-91|B|P2|RabbitTemplate 为 null 或发送失败时仅记日志丢弃消息，无 outbox/本地事件表补偿（FIN-00046 已自述"日志+丢弃"）|通知/匹配事件在高峰或 MQ 抖动期丢失且不可追溯，运营活动通知漏发|落库 outbox_event 表 + 定时补偿重投|open|batch-3|
R4-00374|d:\6\恋爱小程序\apps\api\src\main\java\com\campuslove\api\mq\CheckInEventConsumer.java|192-193|B|P2|签到通知类型硬编码归入 NotificationType.match（schemas 无 system 类型兜底），签到成功通知在站内显示为"匹配"语义|用户收到错误语义通知；通知统计/筛选失真|迁移表加 system 类型或使用独立类型字段|open|batch-3|
R4-00375|d:\6\恋爱小程序\apps\api\src\main\java\com\campuslove\api\mq\MatchEventConsumer.java|203-210|B|P2|unmatch 事件持久化通知类型用 match，取消匹配被展示为匹配通知|语义错误导致用户困惑（被取消匹配却收到"你们互相喜欢了"同型通知）|unmatch 应有独立类型|open|batch-3|
R4-00376|d:\6\恋爱小程序\apps\api\src\main\java\com\campuslove\api\mq\CheckInEventConsumer.java|42|H|P3|连续签到奖励里程碑数组 {7,14,30,60,100,365} 硬编码在消费者类|改奖励规则需改代码发版|抽为配置项|open|batch-4|
R4-00377|d:\6\恋爱小程序\apps\api\src\main\java\com\campuslove\api\ratelimit\RateLimitBucketRegistry.java|21-35|B|P1|限流桶为本地内存实现（注释自述"适用于单实例"），多实例部署时每实例独立桶，N 实例限流阈值放大 N 倍|多实例生产环境下刷接口/爆破防护失效，登录爆破防护被稀释|改 Bucket4j+Redis 分布式桶|open|batch-2|
R4-00378|d:\6\恋爱小程序\apps\api\src\main\java\com\campuslove\api\ratelimit\RateLimitAspect.java|204-215|B|P2|限流键优先信任 X-Forwarded-For 首地址，客户端可伪造 XFF 头绕过 IP 限流（注释已声明依赖网关清理）|攻击者改 XFF 头即换限流桶，爆破接口防不住|网关层覆盖 XFF 或校验来源 IP 可信|open|batch-3|
R4-00379|d:\6\恋爱小程序\apps\api\src\main\java\com\campuslove\api\ratelimit\RateLimitBucketRegistry.java|88|B|P3|computeIfAbsent 后 capacity/refillTokens 仅首次创建生效，注解参数变更不重建桶|调限流参数需重启才生效|创建时记录参数并支持重建|open|batch-4|
R4-00380|d:\6\恋爱小程序\apps\api\src\main\java\com\campuslove\api\monitor\VillageMetrics.java|75-83|B|P2|village.post.total Gauge 每次被 Prometheus 抓取都执行 repo.count() 全表 COUNT|抓取周期内全表扫描频繁触发，数据量大时拖慢数据库|改为定时缓存计数值或走统计表|open|batch-3|
R4-00381|d:\6\恋爱小程序\apps\api\src\main\java\com\campuslove\api\monitor\AuthMetrics.java|59-63|H|P3|recordLoginSuccess 以 userId 为标签（注释自述"高基数指标"风险），登录成功计数按用户打点|长期运行指标基数爆炸，Prometheus 存储膨胀|去掉 userId 标签或聚合上报|open|batch-4|
R4-00382|d:\6\恋爱小程序\apps\api\src\main\java\com\campuslove\api\admin\SensitiveWordImportService.java|46|F|P1|Javadoc 声明客户端可轮询 /api/v1/admin/sensitive-words/import/status/{taskId}，但该端点不存在（仅 batch-import 受理接口）|异步导入任务结果无法查询，前端只能盲等，任务状态黑盒|补 status 端点或移除文档承诺|open|batch-2|
R4-00383|d:\6\恋爱小程序\apps\api\src\main\java\com\campuslove\api\admin\SensitiveWordImportService.java|276-281|F|P3|taskId 仅存内存（注释自述已知局限），应用重启后任务状态丢失且轮询查不到|导入 1 万词耗时场景下重启即丢任务上下文|落库任务表|open|batch-4|
R4-00384|d:\6\恋爱小程序\apps\api\src\main\java\com\campuslove\api\admin\AdminUserController.java|51-58|B|P2|listUsers 的 nickname 筛选走 LIKE '%x%' 前缀通配符无法命中索引（FIN-00058 注释自述），数据量大时全表扫描|用户管理页慢查询拖慢后台|改前缀匹配或引入 FULLTEXT 索引|open|batch-3|
R4-00385|d:\6\恋爱小程序\apps\api\src\main\java\com\campuslove\api\admin\AdminCampusTopicController.java|197-200|B|P1|注释自述：客户端 RealCampusService.getCampusTopics 未按 status 过滤，管理端软删/隐藏的话题在客户端校园圈列表仍可见|删除话题功能实际不生效，违规内容无法下架|客户端查询层补 status='active' 过滤|open|batch-2|
R4-00386|d:\6\恋爱小程序\apps\api\src\main\java\com\campuslove\api\admin\AdminCertificationController.java|72-101|F|P2|认证列表接口无分页（status/campusName 过滤后全量返回）|认证申请量大时一次性全量返回，后台页面卡顿|加分页参数|open|batch-3|
R4-00387|d:\6\恋爱小程序\apps\api\src\main\java\com\campuslove\api\admin\AdminSensitiveWordController.java|77-90|F|P3|敏感词列表无分页全量返回|词库上万条时响应体过大|加分页|open|batch-4|
R4-00388|d:\6\恋爱小程序\apps\api\src\main\java\com\campuslove\api\admin\OnlineUserAdminController.java|78-106|F|P3|在线用户列表无分页全量返回|在线用户多时响应体膨胀|加分页|open|batch-4|
R4-00389|d:\6\恋爱小程序\apps\api\src\main\java\com\campuslove\api\admin\AdminAccountController.java|84-89|F|P2|changePassword 仅 SUPER_ADMIN 可执行（@PreAuthorize("hasRole('SUPER_ADMIN')")），校区管理员（ADMIN）无法自助修改自身密码|校区管理员改密必须由超管代劳，账号安全运维链断裂|放开为 ADMIN 可改自己密码（SecurityUtils 已取当前用户）|open|batch-3|
R4-00390|d:\6\恋爱小程序\apps\api\src\main\java\com\campuslove\api\admin\AdminMenuController.java|155-157|F|P3|createMenu 新菜单仅自动授权 SUPER_ADMIN，ADMIN 角色永远看不到新菜单直到手动分配|后台新增菜单校区管理员不可见，动态菜单体验割裂|可选自动授权给 ADMIN|open|batch-4|
R4-00391|d:\6\恋爱小程序\apps\api\src\main\java\com\campuslove\api\admin\AdminRoleController.java|122-137|F|P2|可创建任意新角色 code，但 AdminDataScope/SecurityConfig 只认 user.role 的 SUPER_ADMIN/ADMIN 字符串，新角色对权限无任何作用（双轨）|角色管理"看起来能用"实际无效，运营配置误以为生效|角色模型与 user.role 单一来源对齐|open|batch-3|
R4-00392|d:\6\恋爱小程序\apps\api\src\main\java\com\campuslove\api\admin\RealAdminStatsService.java|84-138|B|P2|用户/活跃度统计每次请求实时 count() 全表（去缓存注释自述），后台首页 30s 轮询触发多次全表 COUNT|多表全量 COUNT 频繁执行，数据量大时拖垮主库|恢复缓存或走计数表|open|batch-3|
R4-00393|d:\6\恋爱小程序\apps\api\src\main\java\com\campuslove\api\admin\AdminStatsController.java|27-28|B|P2|stats 三类统计无校区隔离，校区管理员（ADMIN）可查看全平台用户数/性别分布/学校分布|平台级经营数据对校区管理员开放，越权信息暴露|按管辖校区过滤统计或限定超管|open|batch-3|
R4-00394|d:\6\恋爱小程序\apps\api\src\main\java\com\campuslove\api\admin\AdminAuditLogController.java|112-114|B|P3|审计日志视图返回完整 requestBody（虽经切面脱敏），任何 ADMIN 可查询全部管理员操作体|低敏信息面扩大；脱敏仅靠切面字段名单，新增敏感字段易漏|服务端视图层二次白名单化|open|batch-4|
R4-00395|d:\6\恋爱小程序\apps\api\src\main\java\com\campuslove\api\admin\audit\AuditLogAspect.java|82-85|B|P2|审计 IP 直接信任 X-Forwarded-For 等代理头首值，客户端可伪造 IP 写入审计日志|审计追溯失真，恶意操作可伪装来源|与网关配合或记录可信 remoteAddr|open|batch-3|
R4-00396|d:\6\恋爱小程序\apps\api\src\main\java\com\campuslove\api\admin\AdminConfigController.java|34-35|T|P3|类注释"当前实现：任何已认证用户可访问…本任务不修改 SecurityConfig"与实际 @PreAuthorize("hasRole('ADMIN')") 矛盾（注释过时）|误导后续维护者以为无权限控制|更新注释|open|batch-4|
R4-00397|d:\6\恋爱小程序\apps\api\src\main\java\com\campuslove\api\admin\AdminVipController.java|25-29|F|P3|VIP 会员已下线（红包实体/页面已删），本控制器仅剩账单只读查询，类注释仍称"VIP 商业模块控制器"|后台入口与现状不符，运营困惑|更新注释或合并入账单模块|open|batch-4|
R4-00398|d:\6\恋爱小程序\apps\api\src\main\java\com\campuslove\api\mock\MockRuntimeState.java|17-47|H|P1|mock 会话/资料中文文案与 /uploads/mock/photo-1.jpg 等假头像路径硬编码在 Java 常量中（绕过 i18n）|mock 数据不可 i18n，且假头像路径在真实资源不存在时展示破图|文案抽 i18n 资源、头像走本地静态资源|open|batch-2|
R4-00399|d:\6\恋爱小程序\apps\api\src\main\java\com\campuslove\api\mock\MockRuntimeState.java|65-156|H|P3|recommendedPeople/discussionRecommendations/activityRecommendations 全部中文文案与 /uploads/mock/avatar-*.jpg 硬编码|mock 模式无 i18n，改文案需改代码|同上|open|batch-4|
R4-00400|d:\6\恋爱小程序\apps\api\src\main\java\com\campuslove\api\mock\MockRuntimeState.java|200|H|P3|currentSession 硬编码 userId "user-1001"|mock 会话身份固定，无法模拟多用户|抽配置|open|batch-4|
R4-00401|d:\6\恋爱小程序\apps\api\src\main\java\com\campuslove\api\mock\MockAiVideoService.java|36-48|H|P2|mock AI 服务返回 https://example.com/mock-video.mp4 等占位 URL（example.com 必 404）|前端若直接使用该 URL 展示破图/无法播放|改本地 mock 资源路径|open|batch-3|
R4-00402|d:\6\恋爱小程序\apps\api\src\main\java\com\campuslove\api\mock\MockVillageService.java|104-107|H|P3|campus 分类过滤硬编码 "南校区"（mock 用户校区），换校区即失效|mock 行为与配置脱节|从 runtimeState 取校区|open|batch-4|
R4-00403|d:\6\恋爱小程序\apps\api\src\main\java\com\campuslove\api\mock\MockVillageService.java|201-206|B|P2|likePost 无 userId 参数校验（likePost(Long id) 重载未传用户），点赞无用户维度隔离|mock 模式下点赞不区分用户，无法联调点赞态切换|统一走 likePost(userId, postId)|open|batch-3|
R4-00404|d:\6\恋爱小程序\apps\api\src\main\java\com\campuslove\api\mock\MockCampusCertificationService.java|165-166|H|P3|simulateApprove 硬编码 reviewerId=1L 与中文备注"模拟认证：直接通过"|mock 审核人身份固定|占位常量|open|batch-4|
R4-00405|d:\6\恋爱小程序\apps\api\src\main\java\com\campuslove\api\mock\MockOfficialAccountService.java|58-68|F|P2|官方号活动卡片跳转 /pages/activities/detail?id=star-confession 与 id=qixi-2026，对应活动不存在于任何数据源|点击卡片跳转进入不存在页面（死链）|对齐真实活动 ID 或改占位页|open|batch-3|
R4-00406|d:\6\恋爱小程序\apps\api\src\main\java\com\campuslove\api\mock\MockNotificationService.java|142-150|H|P3|通知摘要中文文案拼接（"关注了你""赞了你的帖子"）绕过 i18n|mock 通知不可国际化|抽 i18n|open|batch-4|
R4-00407|d:\6\恋爱小程序\apps\api\src\main\resources\logback-spring.xml|162-164|B|P1|注释声称 AccessLogValve 中 token/key/secret 已替换为 ***，但 application.yml 的 accesslog pattern（%r 原样记录请求行）无任何脱敏，/api/v1/media/{id}?token=xxx 等 query token 明文落访问日志|JWT token 经 URL query 泄露到日志文件，日志泄露即会话被接管|accesslog pattern 增加 %q 脱敏或改用 %{query} 清理，同步修正注释|open|batch-1|
R4-00408|d:\6\恋爱小程序\apps\api\src\main\resources\application-real.yml|14-16|H|P2|datasource 默认 username=root 且密码默认空（仅注释提醒）；DatabaseConfigValidator 校验存在但凭据默认值仍是空密码 root|漏配 DB_PASSWORD 时以空密码 root 连库（本地默认值沿用至错误环境）|移除 username 默认值或校验禁止 root|open|batch-3|
R4-00409|d:\6\恋爱小程序\database\flyway\flyway.toml|12-13|H|P2|占位符默认值 admin_openid="admin-default-openid-change-me"、admin_nickname="系统管理员" 硬编码（弱占位，CLI 迁移会创建该 openid 的 ADMIN 账号）|独立 CLI 迁移创建已知 openid 管理员，若环境变量未覆盖即弱凭据账号上线|去掉默认值强制注入|open|batch-3|
R4-00410|d:\6\恋爱小程序\database\flyway\flyway.toml|8-22|T|P3|占位符双轨：Spring 用 application-real.yml 的 ${ADMIN_OPENID:...}，独立 CLI 用 flyway.toml [flyway.placeholders]，两处值可能不一致|两种方式跑迁移得到不同管理员 openid|统一单一占位符来源|open|batch-4|
R4-00411|d:\6\恋爱小程序\database\flyway\flyway.user.toml|12-15|H|P1|本地文件含真实 MySQL 凭据（FLYWAY_USER/FLYWAY_PASSWORD 引用环境变量但 url 指向 jdbc:mysql://127.0.0.1:3306/qihang_platform 另一项目库名）|虽被 .gitignore 排除，但文件实际存在于工作区；若被误提交（历史曾发生）则真实凭据+错误库名泄露|删除真实凭据文件，库名改为 campus_love|open|batch-2|
R4-00412|d:\6\恋爱小程序\database\flyway\sql\V2026.06.25.0001__add_user_role_and_init_admin.sql|38|T|P3|注释称"占位符采用双下划线格式"与同文件 L30 的 ${admin_openid} 语法及实际实现矛盾|维护者误用 __xxx__ 语法导致迁移启动失败（历史真实事故）|修正注释|open|batch-4|
R4-00413|d:\6\恋爱小程序\database\flyway\sql\V2026.07.25.0014__add_performance_indexes.sql|36-38|T|P3|注释声称"每条 CREATE INDEX 使用 IF NOT EXISTS（MySQL 8.0+ 支持）"，实际 SQL 无 IF NOT EXISTS（MySQL 也不支持该语法）|误导维护者以为可重跑；依赖 Flyway 单次执行|修正注释|open|batch-4|
R4-00414|d:\6\恋爱小程序\database\flyway\sql\V2026.07.26.0001__add_entity_index_annotations.sql|31-33|T|P3|同款"使用 CREATE INDEX IF NOT EXISTS（MySQL 8.0+ 支持）"注释与实际不符|同上|修正注释|open|batch-4|
R4-00415|d:\6\恋爱小程序\database\flyway\sql\V2026.05.30.0001__add_json_column_defaults.sql|1-3|T|P3|空迁移脚本（仅注释说明"此处不再强制设置默认值"，无任何 DDL）|空脚本徒增迁移噪音|删除或补真实变更|open|batch-4|
R4-00416|d:\6\恋爱小程序\database\flyway\sql|多个|T|P3|迁移版本跳号：05.18 用 1600/2200 特殊号、05.28 缺 0003、07.25 缺 0008/0009、07.28 缺 0001/0002、08.07 缺 0002/0005-0009/0015、08.08 缺 0004-0010|版本号不可审计追溯，人工核对困难|后续迁移补齐顺序或重建编号|open|batch-4|
R4-00417|d:\6\恋爱小程序\database\flyway\sql\_write_test.sql|1|T|P3|游离测试文件 _write_test.sql/_write_test.tmp/_test_enc.tmp 及 logs/ 目录（运行日志）残留在 Flyway 迁移目录|目录污染，迁移备份/镜像包含垃圾文件与日志|清理并 .gitignore logs|open|batch-4|
R4-00418|d:\6\恋爱小程序\database\flyway\sql\V2026.07.27.0004__drop_promo_code_usages_unique_constraint.sql|1-4|B|P1|删除 promo_code_usages 的 (promo_code_id, user_id) 唯一约束（原注释明确"防止同一用户重复使用"），改为普通索引|同一用户可重复使用同一兑换码（应用层若未原子防重则白嫖折扣），资金/权益风险|保留唯一约束或应用层加原子防重|open|batch-1|
R4-00419|d:\6\恋爱小程序\database\flyway\sql\V2026.08.08.0003__users_phone_unique.sql|1-9|B|P2|为加 phone 唯一约束将重复手机号记录直接置 NULL（数据破坏性修复），重复数据静默丢失|重复手机号用户（如换绑记录）的登录凭据被抹除且无审计|迁移前备份/审计受影响行|open|batch-3|
R4-00420|d:\6\恋爱小程序\database\flyway\sql\V2026.08.07.0021__seed_50_virtual_users.sql|多个|S|P1|50+ 虚拟用户种子（含固定 id 10001-10056、真实格式手机号 13700001xxx、Pexels 外链头像）在正式迁移链中执行，任何环境都会灌入虚拟用户|生产推荐池混入虚拟用户、手机号段被占用致真实用户注册冲突、头像依赖外部图床|种子迁移拆分为独立 demo 链或加环境守卫|open|batch-2|
R4-00421|d:\6\恋爱小程序\database\flyway\sql\V2026.08.07.0022__seed_profiles_and_posts.sql|13-17|H|P2|photo_gallery 用 CONCAT 拼接 Pexels URL（220453 + id MOD 40），区间内多数照片 ID 不存在必 404|虚拟用户照片墙破图，验收演示观感差|使用已验证存在的固定图片|open|batch-3|
R4-00422|d:\6\恋爱小程序\database\flyway\sql\V2026.08.07.0023__seed_messages_and_visitors.sql|3-37|S|P1|私信种子以 user_a_id=1（首管理员账号）与 8 个虚拟用户建立会话并注入中文消息|生产环境 id=1 真实账号的私信列表被灌入假对话，隐私与演示数据混淆|种子改用专用演示账号|open|batch-2|
R4-00423|d:\6\恋爱小程序\database\flyway\sql\V2026.08.08.0015__discover_card_profile_fields.sql|13-21|S|P1|UPDATE 按 ELT(MOD) 随机覆盖 user_id IN (1, 8, 47) 的 occupation/income_range/mbti/birth_year，其中 id=1 为超级管理员|真实账号资料被演示数据覆盖污染|仅限虚拟用户 ID 区间|open|batch-2|
R4-00424|d:\6\恋爱小程序\database\flyway\sql\V2026.08.08.0011__seed_campus_topics.sql|5-10|T|P2|与 V2026.08.08.0014 几乎完全重复的同批校园话题种子（0011 用硬编码 author_id CASE，0014 重写为子查询），0011 的 author 10007/10009 等为硬编码 ID|重复维护两套种子，且 0011 作者 ID 与真实用户可能冲突|删除 0011 保留 0014|open|batch-3|
R4-00425|d:\6\恋爱小程序\database\flyway\sql\V2026.08.08.0017__guest_account_47_photos_cert.sql|17-20|H|P2|学生证图片 URL 硬编码编造域名 https://campus-love.example/student-id/CL-47（必 404）|认证记录图片不可达，后台审核无图可看|改用本地 mock 资源路径|open|batch-3|
R4-00426|d:\6\恋爱小程序\database\flyway\sql\V2026.08.09.0005__seed_chat_demo_user_47.sql|多个|S|P2|语音消息种子使用 https://interactive-examples.mdn.mozilla.net 外链音频|依赖外部域名（小程序 downloadFile 白名单/外网可达性），语音不可播放|改本地资源|open|batch-3|
R4-00427|d:\6\恋爱小程序\database\flyway\sql\V2026.08.08.0013__fix_user_campus_name_invariant.sql|25-27|T|P3|迁移执行后即"不可回滚"（DOWN 注释自述无法还原被清理的 campus_name 值）|修复性迁移破坏数据不可逆，生产需先备份|执行前强制备份提示|open|batch-4|
R4-00428|d:\6\恋爱小程序\apps\api\src\main\java\com\campuslove\api\admin\AdminPostController.java|161-163|B|P3|auditPost decision 非 "approved" 一律视为 rejected（有 @Pattern 兜底但语义脆弱）|未来扩展决策值（如 pending）会被静默当拒绝|显式 switch 校验|open|batch-4|
R4-00429|d:\6\恋爱小程序\apps\api\src\main\java\com\campuslove\api\admin\AdminUserController.java|97-142|F|P3|createUser/createAdmin 无 @Auditable 关联审计（createAdmin 有），createUser 仅手工 SecurityUtils 调用|后台新增用户操作无审计留痕，合规追溯缺口|补 @Auditable|open|batch-4|
R4-00430|d:\6\恋爱小程序\apps\api\src\main\java\com\campuslove\api\mock\MockCampusService.java|104|H|P3|getCampusPosts/getCampusFeed 中校区过滤硬编码 "南校区"|mock 模式换校区即空列表|从 runtimeState 读取|open|batch-4|
R4-00431|d:\6\恋爱小程序\apps\api\src\main\resources\redisson-dev.yaml|5|H|P3|本地 Redisson 配置硬编码 redis://127.0.0.1:6379（开发文件，未外部化）|仅开发用，符合预期；但文件在 resources 下随 jar 分发|移出 resources 或注明|open|batch-4|
R4-00432|d:\6\恋爱小程序\apps\api\src\main\java\com\campuslove\api\config\MockSecurityConfig.java|139-148|B|P3|mock 模式 /actuator/**、/swagger-ui/** 需 hasRole('ADMIN')，但 mock filter 仅对 /api/v1/admin/** 注入 ROLE_ADMIN|mock 下本地联调 actuator/Swagger 直接 403，与"mock 全放行"预期不符|mock filter 对 actuator/swagger 也注入 ADMIN|open|batch-4|
R4-00433|d:\6\恋爱小程序\apps\api\src\main\java\com\campuslove\api\debug\ErrorSimulationController.java|25-29|H|P3|调试端点对非 400/404 状态码一律返回 500（switch default），无法模拟 401/403/429 等错误分支|前端异常分支联调覆盖不全|支持全部常用状态码|open|batch-4|
R4-00434|d:\6\恋爱小程序\apps\api\src\main\java\com\campuslove\api\monitor\PaymentMetrics.java|62-68|H|P3|VIP 已下线但 payment.vip.purchased/cancelled 指标与注释仍在|下线功能残留埋点，指标统计误导|清理或标注下线|open|batch-4|
R4-00435|d:\6\恋爱小程序\apps\admin\src\api\http.ts|12-18,89|B|P1|JWT 明文存于 localStorage（getToken 读 admin_v2_token），无 HttpOnly Cookie/刷新机制，任何 XSS 可窃取管理员令牌（注释自认"改进方向需后端协同"但未实施）|管理后台令牌泄露即全站运营权限沦陷，XSS 链一旦存在则无任何缓解|迁移 HttpOnly Cookie+CSRF 或短 token+refresh 双 token 机制|open|batch-2|
R4-00436|d:\6\恋爱小程序\apps\admin\src\router\guards.ts|36-38|B|P2|isTokenValid 无条件放行 "dev-admin-token-"/"mock-admin-token-" 前缀（仅长度≥16），生产构建同样生效，无 isDev 守卫；且 "mock-admin-token-" 前缀无任何签发方（死分支）|攻击者可手工伪造 localStorage token 通过前端守卫看到后台框架与菜单（后端 API 仍会 401，仅展示层绕过，纵深防御缺失）|前缀校验加 env.isDev 条件，删除无签发方的 mock 前缀分支|open|batch-3|
R4-00437|d:\6\恋爱小程序\apps\admin\src\stores\menu.ts|233-239|B|P2|loadMenus 在 404 时回退 staticFallbackMenus，该回退在生产环境同样生效——后端菜单端点 404/误删时所有管理员（含校区管理员）看到全量菜单入口（系统管理/配置中心等），权限展示被绕过|校区管理员看到 SUPER_ADMIN 专属菜单入口，误操作引导 + 权限模型展示失真；staticFallbackMenus 与后端菜单数据双份维护漂移|回退仅限 dev 模式，或从后端动态下发兜底菜单|open|batch-3|
R4-00438|d:\6\恋爱小程序\apps\admin\src\stores\menu.ts|175-213|H|P3|staticFallbackMenus 硬编码中文菜单标题（"数据看板""内容管理"等 30+ 处）与固定 id 1/10/20/30 家族|菜单 i18n 依赖 menu.<中文> 映射表兜底，新增菜单/改名需同步 4 处|兜底菜单抽取为常量或复用 i18n key|open|batch-4|
R4-00439|d:\6\恋爱小程序\apps\admin\src\api\http.ts|46|B|P2|unwrapApiData 以 `typeof record.code === "number"` 判定 ApiResponse 包装，而 API-CONTRACT.md:78 契约声明 code 为 string（"OK"）；后端若按契约返回字符串 code，登录/改密/新增用户等包装响应解包返回 null|admin 登录后 payload 解包失败导致会话异常或功能静默失败，契约与实现双头漂移|统一 code 判定（number/string 兼容）并与后端 ApiResponse 对齐|open|batch-3|
R4-00440|d:\6\恋爱小程序\apps\admin\src\api\system.ts|436-443,492|B|P2|分页页码模型混用：listAuditLogs 默认 page=0（Spring Data 风格，AuditLogPageView content/totalElements），其余全部列表默认 page=1（AdminPageView items/total）|翻页/筛选参数在不同模块语义不同，接口对账与排查成本高，后端若混用 pageBase 将错页|统一 pageBase=1 并在 api 层做 0/1 换算|open|batch-3|
R4-00441|d:\6\恋爱小程序\apps\admin\src\api\http.ts|148-167|B|P2|post/put/del 均不携带 Idempotency-Key，违反 API-CONTRACT.md:139「所有写接口必须携带 Idempotency-Key」约定；防重复仅靠各视图 saving 标志|弱网重试/双击时后端无幂等键可去重，重复扣款/重复建单风险（钱包调整/批量生成兑换码等资金类操作）|http.ts 统一注入 Idempotency-Key（UUID+session 缓存）|open|batch-3|
R4-00442|d:\6\恋爱小程序\apps\admin\src\stores\session.ts|121-156|B|P2|dev 回退登录分支保留在正式代码：isDev 时后端不可达即以 VITE_DEV_ADMIN_TOKEN 本地签发 ADMIN 会话；若生产构建机残留 VITE_DEV_* 环境变量则分支仍可被触发|生产环境可能绕过服务端凭据校验直接获得管理会话（构建环境变量污染时）|dev 分支移入 mock profile 代码或构建期强制校验无 VITE_DEV_* 残留|open|batch-3|
R4-00443|d:\6\恋爱小程序\apps\admin\src\router\guards.ts|156-159|B|P2|已登录访问任何未注册路径被静默重定向到菜单树首项，NotFound 页面实际不可达（除未登录场景），用户无法区分"路径不存在"与"权限不足"|错误路径无感知，运营排查错误链接困难；404 兜底行为与 NotFound.vue 展示逻辑矛盾|仅对已注册但无权限的路径回跳，未知路径保留 404 页|open|batch-3|
R4-00444|d:\6\恋爱小程序\apps\admin\src\views\NotFound.vue|22|B|P2|"返回首页"按钮 router.push({ name: "Dashboard" }) 硬编码路由 name，校区管理员无 Dashboard 权限时该 name 未注册，点击无响应|无 Dashboard 权限账号在 404 页点击返回按钮无效，卡死无引导|改为 findFirstMenuPath 兜底或 router.push('/')|open|batch-3|
R4-00445|d:\6\恋爱小程序\apps\admin\src\views\Layout.vue|440|T|P2|text 元素内嵌套 span（"{{ displayRole }}<span v-if=...>"），违反 uni-app text 不可嵌套非 text 的组件规范|mp/H5 平台渲染差异，web 端可显示但规范违规，跨端移植隐患|改用两个 text 或 view 包裹|open|batch-3|
R4-00446|d:\6\恋爱小程序\apps\admin\src\views\Layout.vue|57-59|D|P3|SUPER_ADMIN_ONLY_MENU_NAMES 前端硬编码 7 个菜单 name 集合做角色过滤，与后端菜单-角色模型重复维护|新增超级管理员专属菜单时需前后端同步，漏改则校区管理员看到入口|改由后端菜单数据带权限标记下发|open|batch-4|
R4-00447|d:\6\恋爱小程序\apps\admin\src\views\Dashboard.vue|99-109|F|P2|"最近活动"区块实为匹配趋势日数据（dailyTrend）映射为 activity 列表项，冒充活动流（注释自认"后端暂无独立的最近活动接口"）|运营看到"每天匹配 N 对"被包装成活动记录，语义误导|接入真实最近活动接口或改表格化趋势展示|open|batch-3|
R4-00448|d:\6\恋爱小程序\apps\admin\src\views\business\VipPlans.vue|1-64|F|P2|VIP 套餐页为 220 行纯静态占位页（plans 数组硬编码 ¥18/¥45/¥128，无任何接口请求），且与 API-CONTRACT.md:409 声称的 GET /api/v1/vip/plans 矛盾|运营无法在后台管理套餐价格，价格变更需改客户端配置+发版；契约与页面互相否定|后端补套餐管理端点并接入真实 CRUD|open|batch-3|
R4-00449|d:\6\恋爱小程序\apps\admin\src\views\business\VipBills.vue|277-278|F|P2|"支付时间"与"创建时间"两列渲染同一字段 createdAt（无独立支付时间字段，仅注释说明）|运营无法区分支付与账单创建时点，退款/对账场景信息缺失|后端账单视图补充 paidAt 字段|open|batch-3|
R4-00450|d:\6\恋爱小程序\apps\admin\src\views\business\Coins.vue|72-75|F|P2|奖励积分列 rewardLabel 恒返回 "1"（后端未存储奖励值，注释自认按固定规则展示）|签到奖励规则若调整（如连签加成），管理端展示与实际不符，误导运营|后端 check_ins 记录奖励积分并返回|open|batch-3|
R4-00451|d:\6\恋爱小程序\apps\admin\src\views\system\Admins.vue|85-103|B|P2|fetchAdmins 无 reqSeq 竞态防护（其余 18 个分页视图均有），快速切换筛选/翻页时旧响应可能覆盖新数据|列表展示错乱、筛选结果漂移|补齐 reqSeq 序号防护|open|batch-3|
R4-00452|d:\6\恋爱小程序\apps\admin\src\views\system\Schools.vue|44-64|B|P2|fetchSchools 无 reqSeq 竞态防护（分页列表，翻页/搜索竞态窗口明显）|快速翻页时旧页数据覆盖新页，展示错误|补齐 reqSeq 序号防护|open|batch-3|
R4-00453|d:\6\恋爱小程序\apps\admin\src\views\business\PromoCodes.vue|289-300|B|P2|handleExport 捕获导出失败后把错误写入 errorMsg 列表级提示且不区分业务错误；api/business.ts:216-236 exportPromoCodes 无超时、无 401 统一处理、错误文案硬编码中文"导出失败（HTTP ...）"|导出失败时无重试引导；401 时不会跳转登录页，凭据失效后导出行为异常|exportPromoCodes 复用 http.ts 错误处理与 401 跳转，文案 i18n 化|open|batch-3|
R4-00454|d:\6\恋爱小程序\apps\admin\src\api\activities.ts|311|H|P3|CSV 导出文件名硬编码 activity_enrollments_${id}.csv（business.ts:231 同款 promo-codes-${datePart}.csv）|文件名策略变更需改代码，与后台其他导出命名风格不统一|文件名生成收敛到公共工具|open|batch-4|
R4-00455|d:\6\恋爱小程序\apps\admin\src\api\reports.ts|99|H|P3|pageSize 硬编码 20 而非引用 DEFAULT_PAGE_SIZE 常量（constants.ts:9 声明"视图应引用本文件常量"）|魔法数字蔓延，常量收敛失效|改引 DEFAULT_PAGE_SIZE|open|batch-4|
R4-00456|d:\6\恋爱小程序\apps\admin\src\views\forum\VillagePosts.vue|77,142,156,177,203,254,313,335-386,397-458,476-548|H|P2|整页 60+ 处硬编码中文绕过 i18n（错误文案"加载村落动态失败"、状态标签"待审核/已通过"、表头/按钮/弹窗全部裸中文）|en-US 切换后页面大量中文残留，多语言功能形同虚设；与 Users/Reports/Feedback 全量 i18n 的视图严重不一致|全量迁移至 villagePosts.* locale key|open|batch-3|
R4-00457|d:\6\恋爱小程序\apps\admin\src\views\business\Shop.vue|97-112,152,239-255,355-384,409-526|H|P2|商城页 50+ 处硬编码中文（分类"门票/美食"、校验文案"商品标题不能为空"、表头/弹窗/按钮）|en-US 下商城页全中文，i18n 覆盖断裂|迁移至 shop.* locale key|open|batch-3|
R4-00458|d:\6\恋爱小程序\apps\admin\src\views\business\Wallets.vue|83-110,150,197,247-252,292-316,359-419,475-498|H|P2|钱包页 40+ 处硬编码中文（"部分冻结""扣减/充值"、toast、弹窗、表头）|en-US 下钱包页全中文，金额操作界面双语混杂|迁移至 wallets.* locale key|open|batch-3|
R4-00459|d:\6\恋爱小程序\apps\admin\src\views\business\PromoCodes.vue|85-115,147,217-239,254-281,321-347,415-467|H|P2|兑换码页 30+ 处硬编码中文（"满减金额/百分比折扣"、校验文案、表头、弹窗）|en-US 下页面全中文，生成/作废操作无英文|迁移至 promoCodes.* locale key|open|batch-3|
R4-00460|d:\6\恋爱小程序\apps\admin\src\views\system\Dicts.vue|42,88-94,113,143,177,226-231,253,281,296-324,402-465|H|P2|字典页 30+ 处硬编码中文（校验/提示/表头/弹窗/按钮）|en-US 下全中文|迁移至 dicts.* locale key|open|batch-3|
R4-00461|d:\6\恋爱小程序\apps\admin\src\views\system\Roles.vue|41,49-60,122-126,149,176,253-254,293-295,352-361|H|P2|角色页 20+ 处硬编码中文（数据范围"全部数据"、校验、表头、弹窗）|en-US 下全中文，菜单分配弹窗说明裸中文|迁移至 roles.* locale key|open|batch-3|
R4-00462|d:\6\恋爱小程序\apps\admin\src\views\system\Menus.vue|58,174-188,214,241,249-253,263-265,278-288,306-320,339-358|H|P2|菜单页 20+ 处硬编码中文（类型徽章"目录/菜单"、校验、表头、弹窗）|en-US 下全中文|迁移至 menus.* locale key|open|batch-3|
R4-00463|d:\6\恋爱小程序\apps\admin\src\views\system\Schools.vue|58,122-127,147,176,204,219-220,242,251-257,306-320|H|P2|高校页 20+ 处硬编码中文（校验、表头、停用提示 banner、弹窗）|en-US 下全中文|迁移至 schools.* locale key|open|batch-3|
R4-00464|d:\6\恋爱小程序\apps\admin\src\views\activity\Activities.vue|84,200-213,236,250-265,291,314-322,333,341-348,382,408-411,429-441|H|P2|活动页 30+ 处硬编码中文（状态"即将开始/进行中/已结束"、校验、确认弹窗、表头）|en-US 下全中文|迁移至 activities.* locale key|open|batch-3|
R4-00465|d:\6\恋爱小程序\apps\admin\src\views\business\VipBills.vue|62-73,76-87,104-107,136,186,214-215,229-237,259-262,278-280,301-348|H|P2|VIP 账单页 25+ 处硬编码中文（套餐/状态选项、表头、详情弹窗）|en-US 下全中文|迁移至 vipBills.* locale key|open|batch-3|
R4-00466|d:\6\恋爱小程序\apps\admin\src\views\business\Coins.vue|58-66,99,155-156,169-177,187-193,200-202,213|H|P3|金币页 15+ 处硬编码中文（来源"签到/补签"、表头、筛选）|en-US 下全中文|迁移至 coins.* locale key|open|batch-4|
R4-00467|d:\6\恋爱小程序\apps\admin\src\views\activity\Enrollments.vue|63,77,111,129,151,163-165,175-180,187-188,195-200|H|P3|报名页 15+ 处硬编码中文（"请先输入有效的活动 ID"、导出中、表头、已报名徽章）|en-US 下全中文|迁移至 enrollments.* locale key|open|batch-4|
R4-00468|d:\6\恋爱小程序\apps\admin\src\views\forum\CampusTopics.vue|69,128,142,168,182-212,223,228-246,256-262,271,294,313-314,329-358|H|P3|校园圈话题页 25+ 处硬编码中文（"匿名用户"、状态/审核标签、表头、弹窗）|en-US 下全中文|迁移至 campusTopics.* locale key|open|batch-4|
R4-00469|d:\6\恋爱小程序\apps\admin\src\views\forum\CircleTopics.vue|59,90,104,139,165,189,211,215-231,241-254,261-271,289-290|H|P3|圈内话题页 15+ 处硬编码中文（"请先选择或输入有效的圈子 ID"、置顶/未置顶、表头、弹窗）|en-US 下全中文|迁移至 circleTopics.* locale key|open|batch-4|
R4-00470|d:\6\恋爱小程序\apps\admin\src\views\forum\InterestCircles.vue|69,146,155-158,178,208-211,236,244-248,271-272,284,303-319,337|H|P3|兴趣圈页 15+ 处硬编码中文（校验、表头、弹窗、查看话题按钮）|en-US 下全中文|迁移至 interestCircles.* locale key|open|batch-4|
R4-00471|d:\6\恋爱小程序\apps\admin\src\views\config\Config.vue|221|H|P3|只读提示"仅超级管理员可修改配置，当前账号（校区管理员）为只读。"硬编码中文（MatchConfig.vue:257、SensitiveWords.vue:214 同款）|en-US 下提示纯中文，权限提示不国际化|三条提示统一走 i18n key|open|batch-4|
R4-00472|d:\6\恋爱小程序\apps\admin\src\views\system\AuditLogs.vue|299-303|H|P3|表头"目标类型/目标ID/错误信息"硬编码中文，混在同表其余 i18n 表头中|en-US 下表头中英混杂|补 auditLogs.columnTargetType 等 key|open|batch-4|
R4-00473|d:\6\恋爱小程序\apps\admin\src\views\config\MatchConfig.vue|66-82|D|P3|FIELD_LABELS 前端硬编码 15 个配置键的 labelKey 映射，后端新增配置键时显示原始英文 key|匹配配置新增参数（如新权重）无中文标签，运营不可读|后端配置项下发 label 或前端按 key 前缀兜底|open|batch-4|
R4-00474|d:\6\恋爱小程序\apps\admin\src\views\config\OfficialAccounts.vue|186-336|D|P3|官方号页使用标准 div/h2/p 标签（其余视图用 view/text）且内联硬编码色值 #64748b/#3fcf8e 等 20+ 处，未走 design token|暗色模式/主题切换无法适配该页，视觉与其他页漂移|统一标签体系与 token 化|open|batch-4|
R4-00475|d:\6\恋爱小程序\apps\admin\src\i18n\locales\en-US.ts|163-198|D|P3|menu 标题翻译以中文作 i18n key（"用户管理": "Users" 等 35 个中文 key），i18n 结构被中文污染|key 集合依赖中文原文，改菜单标题即断翻译|菜单标题改 layout.navXxx 语义 key|open|batch-4|
R4-00476|d:\6\恋爱小程序\apps\admin\src\views\Layout.vue|39-48|D|P3|menuLabel 双路径翻译 hack（layout.* key 或 menu.<中文> 查表，未收录回退原文），后端新增菜单标题未收录时直接展示中文|新增菜单无英文展示，翻译维护需同步 3 处|统一菜单标题即 i18n key|open|batch-4|
R4-00477|d:\6\恋爱小程序\apps\admin\src\views\Layout.vue|372-417|T|P3|Web 管理端使用 uni-app 自定义标签 view/text 渲染（浏览器中为未知内联元素，依赖 CSS display 修正），与 OfficialAccounts.vue 的标准 HTML 标签双体系并存|DOM 语义缺失、无障碍与 SEO 弱化，两套写法并存增加维护成本|统一为标准 HTML 标签|open|batch-4|
R4-00478|d:\6\恋爱小程序\apps\admin\src\styles\admin-common.css|14|T|P3|注释引用不存在的目录 "apps/admin-v2/src/theme/tokens.ts"（实际为 apps/admin），历史遗留|文档误导后续维护者定位 token 来源|修正注释路径|open|batch-4|
R4-00479|d:\6\恋爱小程序\apps\admin\src\theme\tokens.ts|24-42|T|P3|文件头注释声明"薄荷绿主色 #3FCF8E（brand.400）"，adminTokens.colors.primary 实际为 "#667eea"（靛蓝），注释与实现矛盾|主色语义两处不一，后续主题化时误判品牌色|统一注释与 adminTokens 取值|open|batch-4|
R4-00480|d:\6\恋爱小程序\apps\admin\vite.config.ts|30|H|P2|代理目标默认硬编码 "http://localhost:8080"（ADMIN_API_PROXY_TARGET 未配置时生效）|生产/他人环境误以 dev server 直连本地回环，请求全部打到本机 8080，接口不可达且难排查|默认值去掉或启动强校验|open|batch-3|
R4-00481|d:\6\恋爱小程序\apps\admin\package.json|21|T|P2|test:unit 脚本存在但 src 下 0 个测试文件（vitest 空转），且 CI（.github/workflows/ci.yml:190-194 admin-typecheck-and-build）只跑 typecheck+build 不跑测试|管理后台零测试保护，回归全靠人工；README.md:190 却宣传 pnpm test:unit|补充 guard/menu/format 单元测试并将 test:unit 纳入 CI|open|batch-3|
R4-00482|d:\6\恋爱小程序\apps\admin\src\views|全量|T|P2|reqSeq 请求竞态防护模式在 18 个视图重复手写 94 处（let reqSeq/seq!==reqSeq/if(seq===reqSeq)finally），未抽取 composable|重复代码 94 处，新增页面复制粘贴易漏（Admins/Schools 已漏），修复需 18 处同步|抽取 useListFetch composable 统一竞态/loading/错误态|open|batch-3|
R4-00483|d:\6\恋爱小程序\apps\admin|全量|T|P3|admin-legacy 旧后台目录整体保留（vite.config.ts:8 注释"旧后台已迁移至 apps/admin-legacy 作为回退"），双后台双份 UI 代码并存|维护双份管理端代码，修复/功能开发需两边评估，长期漂移|迁移完成并确认回退需求后删除|open|batch-4|
R4-00484|d:\6\恋爱小程序\apps\admin\docker\nginx.conf|20-28|B|P2|安全响应头缺少 Content-Security-Policy（仅 nosniff/SAMEORIGIN/X-XSS-Protection/Referrer-Policy/Permissions-Policy）|管理后台 JWT 存 localStorage，无 CSP 时 XSS 注入脚本可直接读 token；CSP 是核心缓解手段|补 CSP（default-src 'self'; img-src 'self' data: 等）|open|batch-3|
R4-00485|d:\6\恋爱小程序\docker-compose.yml|224|H|P3|CORS_ALLOWED_ORIGINS 默认值含示例生产域名 https://www.campuslove.example.com / admin.campuslove.example.com|未配置 .env 时生产后端接受 example.com 源，属于占位默认值残留|默认值仅保留 localhost，生产强制注入|open|batch-4|
R4-00486|d:\6\恋爱小程序\docker\prometheus\prometheus.yml|56-60|T|P3|node-exporter 抓取任务常开，但 compose 中 node-exporter 受 monitoring profile 门控（docker-compose.yml:579-580），默认 compose up 无该容器→目标持续 DOWN 并产生无效告警噪音（文件头刚以同一理由移除了 mysql/redis exporter）|监控目标常年 DOWN，告警系统可信度下降|node-exporter 任务同样加注释或与 profile 对齐|open|batch-4|
R4-00487|d:\6\恋爱小程序\docs\API-CONTRACT.md|409|B|P2|契约第 3.19 行声称 GET /api/v1/vip/plans 套餐列表端点存在，而 VipPlans.vue:84 明确"后端未提供套餐列表管理端点"，同一仓库两处文档互相否定|契约权威性受损，开发按契约实现会踩空|按真实后端删/补端点并同步两处|open|batch-3|
R4-00488|d:\6\恋爱小程序\docs\API-CONTRACT.md|415-416,506|B|P2|契约仍记录已删除的 VIP 红包端点（/api/v1/vip/red-packets、/api/v1/vip/red-packets/{id}/claim、/api/v1/admin/business/vip/red-packets），对应实体 VipRedPacket/VipRedPacketClaim 已删除|按契约联调/提审材料引用已下线功能，误导开发与运营|从契约移除红包端点并登记 CHANGELOG|open|batch-3|
R4-00489|d:\6\恋爱小程序\docs\API-CONTRACT.md|460-485|B|P3|契约缺少 2026-08-08 新增的 GET /v1/admin/forum/village-posts/{id}/views 浏览记录端点（admin api/forum.ts:165 listPostViewers 已在用）|文档滞后于实现，新端点无契约依据|契约补登 views 端点|open|batch-4|
R4-00490|d:\6\恋爱小程序\docs\API-CONTRACT.md|121,139|B|P2|契约声称 Access Token 2 小时且所有写接口必须携带 Idempotency-Key；实际 compose 默认 JWT_EXPIRATION_MS=86400000（24h），admin 前端全部写请求无 Idempotency-Key，且 admin 无 token 刷新机制（http.ts 401 直接清库跳登录）|管理员 token 24h 过期后无刷新被强制登出；资金类操作无幂等保障；契约与实现多处不一致|统一 token 有效期契约；admin 引入刷新/静默续期|open|batch-3|
R4-00491|d:\6\恋爱小程序\docs\ADMIN-GUIDE.md|583-604,657-705|F|P1|运营手册声称存在灰度发布页（比例/白名单/黑名单配置）、营销活动、用户分群、日报周报月报自动生成等能力，管理后台实际无任何对应页面/入口|运营按手册操作找不到功能，文档商业化承诺失实|手册与实现对齐或补齐对应页面|open|batch-2|
R4-00492|d:\6\恋爱小程序\docs\ADMIN-GUIDE.md|252-270,417-452,508-546|F|P1|手册声称封禁时长(7天/30天/永久)+封禁原因、用户详情含匹配历史/聊天记录/登录记录 30 次、消息举报类型、敏感词批量导入/导出/命中统计、VIP 价格/红包活动配置等能力，实际 Users.vue 仅 disable/enable、敏感词仅增删、VipPlans 为占位页|运营与审核员按手册操作不可执行，内容治理流程与手册脱节|手册按现状重写或补齐功能|open|batch-2|
R4-00493|d:\6\恋爱小程序\docs\ADMIN-GUIDE.md|154-201|F|P1|手册声称 Dashboard 提供 DAU/新增/消息量/帖子数趋势图表、留存率/VIP 转化率、异常告警横幅、系统健康（API/DB/Redis/JVM/慢查询）等，实际 Dashboard 仅 4 张统计卡+匹配趋势列表|运营决策依赖的指标面板不存在，数据驱动运营落空|Dashboard 补齐核心指标或手册降级描述|open|batch-2|
R4-00494|d:\6\恋爱小程序\docs\API-CONTRACT.md|455,452|F|P2|契约声称 POST /v1/admin/sensitive-words/batch-import（批量导入）与 /v1/admin/activity-proposals/{id}/convert 端点存在，管理端无任何对应 UI 入口|敏感词批量导入与活动提案转化只能 API 操作，运营无法使用|补齐管理端 UI 或在契约标注"仅 API"|open|batch-3|
R4-00495|d:\6\恋爱小程序\docs\WECHAT-MINI-PROGRAM-ACCEPTANCE.md|167-169|B|P1|验收文档声称"未成年人保护 ✅ 通过 18 岁以下无法注册""用户实名 ✅ 通过 微信实名+校园认证"，与同仓库 privacy-policy.md:189-192 代码审查结论（未实现 18 岁校验、未调用实名接口）直接矛盾|提审时审核员发现可注册未成年账号即驳回；合规声明失实有法律风险|按 privacy-policy 8.1 结论改判为"未实现/待整改"|open|batch-2|
R4-00496|d:\6\恋爱小程序\docs\privacy-policy.md|169-172,196-210|F|P1|隐私政策第 8 条承诺"未满 18 周岁用户无法注册"，但文档自身 8.1.2 审查记录确认代码未实现任何年龄校验（未调用实名接口、无生日字段），仅靠协议告知|面向未成年人提供服务违反《未成年人保护法》与微信提审要求，监管/审核风险|实现年龄校验或修改政策承诺（二选一）|open|batch-2|
R4-00497|d:\6\恋爱小程序\docs\user-agreement.md|136-138,63|B|P2|用户协议第 5.1 条仍声明提供"VIP 会员服务、虚拟币打赏与红包"，而 VIP 已下线、红包实体已删除；第 2.4 条"注销前需结清未领取红包"同样过时|协议与实际服务不符，用户按协议主张权益时无对应服务，法律文本失实|协议按当前服务范围修订|open|batch-3|
R4-00498|d:\6\恋爱小程序\docs\wechat-submission-materials-checklist.md|278,300-303,521|B|P1|提审清单仍按 VIP 在线编排：提审备注模板声明"VIP 会员（微信支付，月卡 18 元…）"、vip_test 账号权益（红包功能/视频通话）、T-10 风险提示称"项目中存在两个不同的 appid"（与同文档 AppID 小节 P1.18"三个配置文件已统一"矛盾）|提审材料与当前功能不符，审核员按备注验证 VIP 流程将失败驳回；文档内部自相矛盾|按 VIP 下线后的现状修订清单并消除 appid 矛盾表述|open|batch-2|
R4-00499|d:\6\恋爱小程序\CHANGELOG.md|173,179|T|P3|CHANGELOG 声称 Admin i18n "1300+ keys"（实测 752 键路径）与"500+ 处硬编码中文迁移到 locale 文件、8 个 Admin 视图 i18n 化"，当前多个视图仍全页硬编码中文；且 1.0.0 后未登记 VIP 下线/红包删除/动态菜单重构等重大变更|变更历史失真，版本回溯与发布评估被误导|按实际键数与现状修订并补登近期变更|open|batch-4|
R4-00500|d:\6\恋爱小程序\README.md|81,190-191|T|P3|README 声明 Node ">=18.0.0 <20.0.0"（与根 package.json engines ">=18 <21"、Dockerfile node:20.15.0、CI node 20 矛盾）；并宣传 admin "pnpm test:unit / test:coverage"，但 admin 无任何测试文件|环境要求自相矛盾误导开发；测试宣传无对应实现|统一 Node 版本声明，删除空转测试宣传|open|batch-4|
R4-00501|d:\6\恋爱小程序\DEPLOYMENT.md|13|T|P3|部署指南声明 Node.js ">=18.0.0 <20.0.0"，与仓库 engines/Dockerfile/CI 实际使用 Node 20 冲突|按指南准备环境可能选 Node 18/19，与 CI 行为不一致|修正为 >=18 <21|open|batch-4|
R4-00502|d:\6\恋爱小程序\project.config.json|23|H|P3|真实微信 appid "wxc67cd233d72388d0" 提交进版本库（checklist 亦标注"待运营确认是否正式注册 appid"）|appid 非密钥但属资产信息，若为测试 appid 将导致提审错误主体；仓库内多文件重复维护|确认正式 appid 后统一替换或环境变量注入|open|batch-4|
R4-00503|d:\6\恋爱小程序\database\seed-demo-data.sql|21-22|S|P2|50 个演示用户手机号 '188000000'~'188000049' 仅 9 位，违反后端/管理端 11 位手机号校验（/^1[3-9]\d{9}$/，Users.vue:399）|手机号登录/管理端按手机号检索演示账号不可用，种子数据与实际校验规则冲突|补足 11 位合法演示手机号|open|batch-3|
R4-00504|d:\6\恋爱小程序\database\seed-demo-data.sql|68-69,94-95,107-108|S|P2|城市与校区地理矛盾：用户 20003 city_name=广州但 campus=南京大学、20005 北京+中山大学、20006 上海+四川大学等十余处|推荐"同城/同校区"逻辑下数据自相矛盾，演示匹配链路展示失真|city 与 campus 城市保持一致|open|batch-3|
R4-00505|d:\6\恋爱小程序\database\seed-demo-data.sql|672-790,792-1122|S|P2|帖子 likes_count/comments_count 为捏造值且与实插评论不符（如 9000 帖 comments_count=3 但插入了 5 条评论；9002 声明 9 条实插 7 条），且 30 帖点赞数无任何 post_likes 记录支撑|管理端帖子互动统计与评论明细对不上，演示数据不可信|以实际互动记录数同步计数列|open|batch-3|
R4-00506|d:\6\恋爱小程序\database\seed-demo-data.sql|1568-1654|S|P2|全部 22 条喜欢记录指向同一目标 100000（星型单点），50 个演示用户彼此零互动、零匹配、零私信|匹配→私信→付费解锁漏斗在演示用户间完全断点，管理端匹配统计（totalMatches 依赖双相互动）失真|补充用户间双向 likes 与匹配对|open|batch-3|
R4-00507|d:\6\恋爱小程序\database\seed-match-users-full.sql|154|S|P2|42 个补全用户 pronouns 全部 ELT(...,'她','她','她','她')，性别 100% 失衡；高度 156-175 全女性区间|匹配演示无异性候选，寻觅页推荐流性别单一，演示"异性匹配"核心卖点失败|按性别比例混合 pronouns/height|open|batch-3|
R4-00508|d:\6\恋爱小程序\database\seed-match-users-full.sql|63-76,81-124|S|P2|头像统一本地化至 /static/assets/images/avatars/avatar-<id%62>.jpg：①该 UPDATE 无 user_id 白名单，覆盖全库所有用户（含真实/其他种子）；②路径仅对客户端包内有效，管理端域（admin nginx 无 /static 映射）下头像全部裂图|管理端用户列表头像全部加载失败，跨端 URL 约定缺失|限定目标用户范围；头像 URL 走可解析的绝对路径或 media 代理|open|batch-3|
R4-00509|d:\6\恋爱小程序\database\seed-demo-data.sql|21-22,25-31|S|P2|50 个演示用户全部 profile_completion=100、verification_status=verified、无任何中间态（0/50/80 分、pending/rejected）|1000 用户漏斗模拟中"注册→资料完善→认证"环节无中间态样本，完善度分布完全失真|按比例插入部分完成/待认证用户|open|batch-3|
R4-00510|d:\6\恋爱小程序\database\seed-demo-data.sql|21-22,672-673|S|P2|所有种子用户 created_at=NOW()、帖子集中在近 4 天，无历史时间分布|管理端"今日新增用户/今日互动"统计被种子全部计入今日，趋势与留存模拟失真|时间戳按近 90 天随机分布|open|batch-3|
R4-00511|d:\6\恋爱小程序\database\seed-walkthrough-daily-question.sql|23-26|S|P2|钱包流水 type 写入 'INCOME'，而管理端 WalletTransactionView 仅识别 DEBIT/CREDIT（Wallets.vue txTypeLabel 对未知值原样展示）|管理端钱包流水"类型"列显示原始 INCOME 而非"充值"，前后端枚举未对齐|改用 CREDIT/DEBIT 或后端补 INCOME 映射|open|batch-3|
R4-00512|d:\6\恋爱小程序\database\seed-demo-data.sql|21-22,1568-1654|S|P2|1000 新用户行为流模拟推演缺口：注册（种子全预置无真实注册路径）、资料完善（全 100%）、滑动（无 discover_swipes 种子）、匹配（仅指向 100000 单点）、私信（无 private_message 种子）、付费（钱包仅 47/8 两用户）、留存（无历史活跃分布）——全链路仅首尾有数据|无法用演示库模拟真实转化漏斗，管理端各环节统计（匹配成功率/付费转化）无数据支撑|按漏斗比例补全各环节种子（swipe/双向like/消息/钱包）|open|batch-3|
R4-00513|d:\6\恋爱小程序\database\seed-demo-data.sql|21-22,1568-1654|S|P2|风控场景缺口：种子 openid 为可预测序列 demo-openid-20000..，无设备维度/多开/刷量/机器注册场景数据，管理端无风控看板或设备指纹展示；敏感词库依赖 Flyway 种子无独立风控校验数据|黑产按种子模式批量注册可污染演示与早期真实库；运营无风控视图|补充风控种子场景与设备维度字段，评估管理端风控页|open|batch-3|
R4-00514|d:\6\恋爱小程序\database\seed-post-interactions.sql|53,87,105|S|P3|互动种子硬编码管理员 openid 'local-dev-admin-openid-123456'（依赖 Flyway 种子账号），换库/换环境后该 openid 不存在则整段静默跳过|演示互动数据在不同环境不可复现，排查成本高|openid 改为按 role=SUPER_ADMIN 动态解析|open|batch-4|
R4-00515|d:\6\恋爱小程序\database\seed-test-users.sql|36-41|S|P3|测试用户 5-10 号 pronouns 全为"她"且 campus 全为北京大学，与 seed-match-users-full 同样问题小规模复现|小规模性别/校区单点化，同校推荐演示内容单一|按性别/校区分散|open|batch-4|
R4-00516|d:\6\恋爱小程序\.env.example|224|H|P3|CORS_ALLOWED_ORIGINS 示例值含 campuslove.example.com 假域名与本地端口混排，运维复制即用可能漏改|生产误带 example.com 源，CORS 配置失准|示例与 docker-compose 默认值同步收紧|open|batch-4|
R4-00517|d:\6\恋爱小程序\eslint.config.mjs|1-30|T|P3|eslint flat config 已就绪但根 package.json 无 lint 脚本、CI 无 eslint 步骤，admin 代码风格无门禁|大量未用导入/硬编码中文等风格问题无自动拦截，只能人工 review|补 lint 脚本并纳入 CI|open|batch-4|
R4-00518|d:\6\恋爱小程序\apps\admin\src\api\system.ts|546-553|T|P3|api/users.ts:111 从 system.ts re-export listAdmins/createAdmin 避免双份实现，但 users.ts:136-146 仍保留 disableUser/enableUser 与 system.ts:569-579 的 disableAdmin/enableAdmin 指向同一端点两套封装|同一端点两套函数名，调用方认知负担|统一收敛为一套|open|batch-4|
R4-00519|d:\6\恋爱小程序\apps\admin\src\api\system.ts|568|B|P3|disableAdmin/enableAdmin 返回类型 Promise<unknown>，无结构约束，与 AdminUserToggleResponse 不一致|类型不健全，后续使用需再断言|补返回类型定义|open|batch-4|
R4-00520|d:\6\恋爱小程序\apps\admin\src\views\Layout.vue|244-250|B|P3|visitedTabs 初始 tab 在 setup 期用 visibleMenuTree 计算，若进入 Layout 前菜单未加载完（如深链直入且 loadMenus 失败被守卫放行场景）则初始 tab 可能为占位 Dashboard|极端场景下标签页与菜单不同步|初始 tab 延迟到菜单加载后计算|open|batch-4|
R4-00521|d:\6\恋爱小程序\docs\privacy-policy.md|1-267|F|P1|隐私政策全文未披露 Agnes AI 视频/图片生成服务对用户输入内容的处理（用户协议 5.1 亦未提），但 compose/.env.example 已配置 AGNES_API_KEY 且 CHANGELOG 声称 AI 视频功能上线|用户生成内容经第三方 AI 处理未告知，违反 PIPL 告知同意原则，微信提审隐私指引填报缺项|隐私政策新增 AI 服务条款与 SDK/第三方处理披露|open|batch-2|
R4-00522|d:\6\恋爱小程序\apps\admin\src\api\system.ts|464-484|D|P3|AUDIT_OPERATIONS 前端硬编码 19 个操作枚举（value+labelKey），与后端 AuditOperation 枚举双份维护，后端新增操作类型时管理端筛选下拉缺失并回退 opUnknown|审计筛选能力滞后于后端操作类型演进|由后端下发操作类型枚举|open|batch-4|
R4-00523|d:\6\恋爱小程序\.spectral.yaml|1-8|T|P3|Spectral 配置关闭 info-contact/info-description/info-license/openapi-tags/operation-description/operation-success-response/operation-tags 共 7 条规范规则|OpenAPI 文档元信息与操作描述缺失不报错，契约文档质量门禁弱化|逐条评估后恢复关键规则|open|batch-4|
