R4-00011|d:\6\恋爱小程序\apps\client\src\pages\discover\index.vue|288-289|H|P3|缺省年龄区间魔法数字 18/35（recommendationFilter.ageMin ?? 18 / ageMax ?? 35）|调整默认筛选需改代码|常量提取或配置化|open|batch-4|
R4-00016|d:\6\恋爱小程序\apps\client\src\pages\likes\index.vue|1155|D|P3|内联硬编码色值 rgba(15,23,42,0.72)（L1510 已有同值 token --c-overlay-strong）与 L1391 color:#ffffff 未用 design token|深色模式/主题适配失效|改用 token|open|batch-4|
R4-00032|d:\6\恋爱小程序\apps\client\src\pages\love-center\consulting.vue|30-32|H|P3|课程价格 99/129/159 魔法数字硬编码|调价需改代码|价格配置化|open|batch-4|
R4-00083|d:\6\恋爱小程序\apps\client\src\pages\official-chat\index.vue|142|H|P3|魔法数字 6*3600*1000 生成 mock 消息时间偏移|可读性差|提常量|open|batch-4|
R4-00115|d:\6\恋爱小程序\apps\client\src\pages\settings\dnd.vue|346,455|H|P3|switch 颜色 #3FCF8E 硬编码两处|主题切换不生效|从 design tokens 取色|open|batch-4|
R4-00116|d:\6\恋爱小程序\apps\client\src\pages\vip\index.vue|120|H|P3|SWITCH_ACTIVE_COLOR=“#FFD700” 硬编码（注释要求手工与 tokens 同步）|主题变更需双处维护|统一 token 源|open|batch-4|
R4-00141|d:\6\恋爱小程序\apps\client\src\services\sentry.ts|455|H|P3|直接读存储键字面量 "token"（未用 constants/app.ts 的 STORAGE_KEYS.AUTH_TOKEN）|存储键分散，改名不同步时上报通道静默失效|引用 STORAGE_KEYS|open|batch-4|
R4-00160|d:\6\恋爱小程序\apps\client\src\stores\session.ts|444-445|T|P3|logout 注释称「先清本地 token，再异步通知后端」，实际 api.ts logout 是先请求后端（携带 token）再 finally 清理|注释与实现顺序矛盾，误导维护者调整时序引入安全问题|修正注释|open|batch-4|
R4-00162|d:\6\恋爱小程序\apps\client\src\services\generated\api-types-supplement.ts|1-508|T|P3|508 行手写补充类型（token/refreshToken/vipStatus/InteractionEventView 新旧字段别名并存）与 OpenAPI 生成类型混放|契约漂移：生成规范未更新，手写类型成为第二真相源|补充 OpenAPI 后移除本文件|open|batch-4|
R4-00191|d:\6\恋爱小程序\apps\client\src\stores\discover\index.ts|144-146|H|P3|超级账号剩余次数魔法数字 999（remainingCount 直返 999）|与 isSuperTestAccount 硬编码 userId 联动，dev 旁路逻辑散落 getter|移入 feature flag 常量|open|batch-4|
R4-00196|d:\6\恋爱小程序\apps\client\src\services\env.ts|183|T|P3|大量 console.warn 被用作业务调试日志出口（本范围 100+ 处，如 env.ts:183 诊断日志、session.ts:383、messages.ts:131 等），生产环境输出噪音|生产日志被调试信息淹没，且修复 no-console 后语义错位（warn 变日志）|统一收敛到日志工具并分级|open|batch-4|
R4-00230|d:\6\恋爱小程序\apps\client\src\config\api.ts|52-54|T|P3|uploadMs:60_000/longPollMs:30_000 内联魔法数字，与 constants/limits.ts:112-115 API_TIMEOUT.UPLOAD_MS/LONG_POLL_MS 双源定义|超时调整需改两处|改从 constants/limits.ts 引用|open|batch-4|
R4-00236|d:\6\恋爱小程序\apps\client\src\theme\tokens.ts|361-377|D|P3|component.button.height 56/72/88 与 design-variables.scss:489-494 --btn-height-* 80/96/104rpx 数值漂移（双源同步约定仅覆盖颜色）|JS 与 SCSS 侧按钮尺寸不一致，主题调整时遗漏一侧|统一双源数值并加漂移校验|open|batch-4|
R4-00242|d:\6\恋爱小程序\apps\client\src\custom-tab-bar\index.wxss|20-42|D|P3|品牌色/文字色硬编码（#ffffff/#6B7280/#3FCF8E），与 design-variables.scss token 双源（对比度修复只改了此处与 scss，JS tokens.ts 未同步）|主题/品牌色调整时 tabBar 遗漏|wxss 引用 CSS 变量（page 级变量可级联）|open|batch-4|
R4-00524|d:\6\恋爱小程序\apps\client\src\composables\usePageAccess.ts|79|T|P3|生产代码直接输出 console.warn（诊断日志），无环境开关/分级|小程序生产包保留调试日志，泄露内部流程信息且无日志分级/开关|收敛为统一 logger（环境开关/级别过滤），错误路径转用户可见反馈|open|batch-4|
R4-00525|d:\6\恋爱小程序\apps\client\src\config\env.ts|152|T|P2|生产代码直接输出 console.error（错误日志），无环境开关/分级|小程序生产包保留调试日志，泄露内部流程信息且无日志分级/开关|收敛为统一 logger（环境开关/级别过滤），错误路径转用户可见反馈|open|batch-4|
R4-00526|d:\6\恋爱小程序\apps\client\src\config\env.ts|168|T|P3|生产代码直接输出 console.warn（诊断日志），无环境开关/分级|小程序生产包保留调试日志，泄露内部流程信息且无日志分级/开关|收敛为统一 logger（环境开关/级别过滤），错误路径转用户可见反馈|open|batch-4|
R4-00527|d:\6\恋爱小程序\apps\client\src\config\env.ts|222|T|P3|生产代码直接输出 console.warn（诊断日志），无环境开关/分级|小程序生产包保留调试日志，泄露内部流程信息且无日志分级/开关|收敛为统一 logger（环境开关/级别过滤），错误路径转用户可见反馈|open|batch-4|
R4-00528|d:\6\恋爱小程序\apps\client\src\config\showcase.ts|77|T|P3|生产代码直接输出 console.warn（诊断日志），无环境开关/分级|小程序生产包保留调试日志，泄露内部流程信息且无日志分级/开关|收敛为统一 logger（环境开关/级别过滤），错误路径转用户可见反馈|open|batch-4|
R4-00529|d:\6\恋爱小程序\apps\client\src\config\schools.ts|133|T|P3|生产代码直接输出 console.warn（诊断日志），无环境开关/分级|小程序生产包保留调试日志，泄露内部流程信息且无日志分级/开关|收敛为统一 logger（环境开关/级别过滤），错误路径转用户可见反馈|open|batch-4|
R4-00530|d:\6\恋爱小程序\apps\client\src\config\profile-tags.ts|155|T|P3|生产代码直接输出 console.warn（诊断日志），无环境开关/分级|小程序生产包保留调试日志，泄露内部流程信息且无日志分级/开关|收敛为统一 logger（环境开关/级别过滤），错误路径转用户可见反馈|open|batch-4|
R4-00531|d:\6\恋爱小程序\apps\client\src\config\popular-topics.ts|75|T|P3|生产代码直接输出 console.warn（诊断日志），无环境开关/分级|小程序生产包保留调试日志，泄露内部流程信息且无日志分级/开关|收敛为统一 logger（环境开关/级别过滤），错误路径转用户可见反馈|open|batch-4|
R4-00532|d:\6\恋爱小程序\apps\client\src\utils\privacy.ts|169|T|P3|生产代码直接输出 console.warn（诊断日志），无环境开关/分级|小程序生产包保留调试日志，泄露内部流程信息且无日志分级/开关|收敛为统一 logger（环境开关/级别过滤），错误路径转用户可见反馈|open|batch-4|
R4-00533|d:\6\恋爱小程序\apps\client\src\utils\privacy.ts|179|T|P3|生产代码直接输出 console.warn（诊断日志），无环境开关/分级|小程序生产包保留调试日志，泄露内部流程信息且无日志分级/开关|收敛为统一 logger（环境开关/级别过滤），错误路径转用户可见反馈|open|batch-4|
R4-00534|d:\6\恋爱小程序\apps\client\src\utils\global-error.ts|21|T|P2|生产代码直接输出 console.error（错误日志），无环境开关/分级|小程序生产包保留调试日志，泄露内部流程信息且无日志分级/开关|收敛为统一 logger（环境开关/级别过滤），错误路径转用户可见反馈|open|batch-4|
R4-00535|d:\6\恋爱小程序\apps\client\src\utils\global-error.ts|23|T|P2|生产代码直接输出 console.error（错误日志），无环境开关/分级|小程序生产包保留调试日志，泄露内部流程信息且无日志分级/开关|收敛为统一 logger（环境开关/级别过滤），错误路径转用户可见反馈|open|batch-4|
R4-00536|d:\6\恋爱小程序\apps\client\src\components\discover\CardDetailOverlay.vue|142|T|P2|生产代码直接输出 console.error（错误日志），无环境开关/分级|小程序生产包保留调试日志，泄露内部流程信息且无日志分级/开关|收敛为统一 logger（环境开关/级别过滤），错误路径转用户可见反馈|open|batch-4|
R4-00537|d:\6\恋爱小程序\apps\client\src\components\discover\LongPressMenu.vue|86|T|P3|生产代码直接输出 console.warn（诊断日志），无环境开关/分级|小程序生产包保留调试日志，泄露内部流程信息且无日志分级/开关|收敛为统一 logger（环境开关/级别过滤），错误路径转用户可见反馈|open|batch-4|
R4-00538|d:\6\恋爱小程序\apps\client\src\components\discover\CardSwiper.vue|590|T|P3|生产代码直接输出 console.warn（诊断日志），无环境开关/分级|小程序生产包保留调试日志，泄露内部流程信息且无日志分级/开关|收敛为统一 logger（环境开关/级别过滤），错误路径转用户可见反馈|open|batch-4|
R4-00539|d:\6\恋爱小程序\apps\client\src\components\discover\CardSwiper.vue|639|T|P3|生产代码直接输出 console.warn（诊断日志），无环境开关/分级|小程序生产包保留调试日志，泄露内部流程信息且无日志分级/开关|收敛为统一 logger（环境开关/级别过滤），错误路径转用户可见反馈|open|batch-4|
R4-00540|d:\6\恋爱小程序\apps\client\src\components\discover\CardSwiper.vue|671|T|P3|生产代码直接输出 console.warn（诊断日志），无环境开关/分级|小程序生产包保留调试日志，泄露内部流程信息且无日志分级/开关|收敛为统一 logger（环境开关/级别过滤），错误路径转用户可见反馈|open|batch-4|
R4-00541|d:\6\恋爱小程序\apps\client\src\components\discover\CardSwiper.vue|801|T|P3|生产代码直接输出 console.warn（诊断日志），无环境开关/分级|小程序生产包保留调试日志，泄露内部流程信息且无日志分级/开关|收敛为统一 logger（环境开关/级别过滤），错误路径转用户可见反馈|open|batch-4|
R4-00542|d:\6\恋爱小程序\apps\client\src\components\discover\CardSwiper.vue|848|T|P3|生产代码直接输出 console.warn（诊断日志），无环境开关/分级|小程序生产包保留调试日志，泄露内部流程信息且无日志分级/开关|收敛为统一 logger（环境开关/级别过滤），错误路径转用户可见反馈|open|batch-4|
R4-00543|d:\6\恋爱小程序\apps\client\src\components\discover\CardSwiper.vue|861|T|P3|生产代码直接输出 console.warn（诊断日志），无环境开关/分级|小程序生产包保留调试日志，泄露内部流程信息且无日志分级/开关|收敛为统一 logger（环境开关/级别过滤），错误路径转用户可见反馈|open|batch-4|
R4-00544|d:\6\恋爱小程序\apps\client\src\components\discover\CardSwiper.vue|874|T|P3|生产代码直接输出 console.warn（诊断日志），无环境开关/分级|小程序生产包保留调试日志，泄露内部流程信息且无日志分级/开关|收敛为统一 logger（环境开关/级别过滤），错误路径转用户可见反馈|open|batch-4|
R4-00545|d:\6\恋爱小程序\apps\client\src\components\discover\CardSwiper.vue|898|T|P3|生产代码直接输出 console.warn（诊断日志），无环境开关/分级|小程序生产包保留调试日志，泄露内部流程信息且无日志分级/开关|收敛为统一 logger（环境开关/级别过滤），错误路径转用户可见反馈|open|batch-4|
R4-00546|d:\6\恋爱小程序\apps\client\src\services\websocket\transport.ts|128|T|P3|生产代码直接输出 console.warn（诊断日志），无环境开关/分级|小程序生产包保留调试日志，泄露内部流程信息且无日志分级/开关|收敛为统一 logger（环境开关/级别过滤），错误路径转用户可见反馈|open|batch-4|
R4-00547|d:\6\恋爱小程序\apps\client\src\services\websocket\transport.ts|242|T|P3|生产代码直接输出 console.warn（诊断日志），无环境开关/分级|小程序生产包保留调试日志，泄露内部流程信息且无日志分级/开关|收敛为统一 logger（环境开关/级别过滤），错误路径转用户可见反馈|open|batch-4|
R4-00548|d:\6\恋爱小程序\apps\client\src\services\websocket\transport.ts|245|T|P2|生产代码直接输出 console.error（错误日志），无环境开关/分级|小程序生产包保留调试日志，泄露内部流程信息且无日志分级/开关|收敛为统一 logger（环境开关/级别过滤），错误路径转用户可见反馈|open|batch-4|
R4-00549|d:\6\恋爱小程序\apps\client\src\services\websocket\transport.ts|270|T|P2|生产代码直接输出 console.error（错误日志），无环境开关/分级|小程序生产包保留调试日志，泄露内部流程信息且无日志分级/开关|收敛为统一 logger（环境开关/级别过滤），错误路径转用户可见反馈|open|batch-4|
R4-00550|d:\6\恋爱小程序\apps\client\src\services\websocket\store-dispatch.ts|69|T|P3|生产代码直接输出 console.warn（诊断日志），无环境开关/分级|小程序生产包保留调试日志，泄露内部流程信息且无日志分级/开关|收敛为统一 logger（环境开关/级别过滤），错误路径转用户可见反馈|open|batch-4|
R4-00551|d:\6\恋爱小程序\apps\client\src\services\websocket\store-dispatch.ts|78|T|P2|生产代码直接输出 console.error（错误日志），无环境开关/分级|小程序生产包保留调试日志，泄露内部流程信息且无日志分级/开关|收敛为统一 logger（环境开关/级别过滤），错误路径转用户可见反馈|open|batch-4|
R4-00552|d:\6\恋爱小程序\apps\client\src\services\websocket\store-dispatch.ts|97|T|P3|生产代码直接输出 console.warn（诊断日志），无环境开关/分级|小程序生产包保留调试日志，泄露内部流程信息且无日志分级/开关|收敛为统一 logger（环境开关/级别过滤），错误路径转用户可见反馈|open|batch-4|
R4-00553|d:\6\恋爱小程序\apps\client\src\services\websocket\store-dispatch.ts|131|T|P3|生产代码直接输出 console.warn（诊断日志），无环境开关/分级|小程序生产包保留调试日志，泄露内部流程信息且无日志分级/开关|收敛为统一 logger（环境开关/级别过滤），错误路径转用户可见反馈|open|batch-4|
R4-00554|d:\6\恋爱小程序\apps\client\src\services\websocket\store-dispatch.ts|133|T|P2|生产代码直接输出 console.error（错误日志），无环境开关/分级|小程序生产包保留调试日志，泄露内部流程信息且无日志分级/开关|收敛为统一 logger（环境开关/级别过滤），错误路径转用户可见反馈|open|batch-4|
R4-00555|d:\6\恋爱小程序\apps\client\src\services\websocket\store-dispatch.ts|152|T|P3|生产代码直接输出 console.warn（诊断日志），无环境开关/分级|小程序生产包保留调试日志，泄露内部流程信息且无日志分级/开关|收敛为统一 logger（环境开关/级别过滤），错误路径转用户可见反馈|open|batch-4|
R4-00556|d:\6\恋爱小程序\apps\client\src\services\websocket\store-dispatch.ts|190|T|P3|生产代码直接输出 console.warn（诊断日志），无环境开关/分级|小程序生产包保留调试日志，泄露内部流程信息且无日志分级/开关|收敛为统一 logger（环境开关/级别过滤），错误路径转用户可见反馈|open|batch-4|
R4-00557|d:\6\恋爱小程序\apps\client\src\services\websocket\store-dispatch.ts|192|T|P2|生产代码直接输出 console.error（错误日志），无环境开关/分级|小程序生产包保留调试日志，泄露内部流程信息且无日志分级/开关|收敛为统一 logger（环境开关/级别过滤），错误路径转用户可见反馈|open|batch-4|
R4-00558|d:\6\恋爱小程序\apps\client\src\services\websocket\store-dispatch.ts|211|T|P3|生产代码直接输出 console.warn（诊断日志），无环境开关/分级|小程序生产包保留调试日志，泄露内部流程信息且无日志分级/开关|收敛为统一 logger（环境开关/级别过滤），错误路径转用户可见反馈|open|batch-4|
R4-00559|d:\6\恋爱小程序\apps\client\src\services\websocket\store-dispatch.ts|237|T|P3|生产代码直接输出 console.warn（诊断日志），无环境开关/分级|小程序生产包保留调试日志，泄露内部流程信息且无日志分级/开关|收敛为统一 logger（环境开关/级别过滤），错误路径转用户可见反馈|open|batch-4|
R4-00560|d:\6\恋爱小程序\apps\client\src\services\websocket\store-dispatch.ts|239|T|P2|生产代码直接输出 console.error（错误日志），无环境开关/分级|小程序生产包保留调试日志，泄露内部流程信息且无日志分级/开关|收敛为统一 logger（环境开关/级别过滤），错误路径转用户可见反馈|open|batch-4|
R4-00561|d:\6\恋爱小程序\apps\client\src\services\websocket\state-machine.ts|60|T|P2|生产代码直接输出 console.error（错误日志），无环境开关/分级|小程序生产包保留调试日志，泄露内部流程信息且无日志分级/开关|收敛为统一 logger（环境开关/级别过滤），错误路径转用户可见反馈|open|batch-4|
R4-00562|d:\6\恋爱小程序\apps\client\src\services\websocket\reconnect.ts|119|T|P2|生产代码直接输出 console.error（错误日志），无环境开关/分级|小程序生产包保留调试日志，泄露内部流程信息且无日志分级/开关|收敛为统一 logger（环境开关/级别过滤），错误路径转用户可见反馈|open|batch-4|
R4-00563|d:\6\恋爱小程序\apps\client\src\services\websocket\reconnect.ts|130|T|P3|生产代码直接输出 console.warn（诊断日志），无环境开关/分级|小程序生产包保留调试日志，泄露内部流程信息且无日志分级/开关|收敛为统一 logger（环境开关/级别过滤），错误路径转用户可见反馈|open|batch-4|
R4-00564|d:\6\恋爱小程序\apps\client\src\services\websocket\index.ts|82|T|P3|生产代码直接输出 console.warn（诊断日志），无环境开关/分级|小程序生产包保留调试日志，泄露内部流程信息且无日志分级/开关|收敛为统一 logger（环境开关/级别过滤），错误路径转用户可见反馈|open|batch-4|
R4-00565|d:\6\恋爱小程序\apps\client\src\services\websocket\index.ts|192|T|P3|生产代码直接输出 console.warn（诊断日志），无环境开关/分级|小程序生产包保留调试日志，泄露内部流程信息且无日志分级/开关|收敛为统一 logger（环境开关/级别过滤），错误路径转用户可见反馈|open|batch-4|
R4-00566|d:\6\恋爱小程序\apps\client\src\services\websocket\index.ts|197|T|P2|生产代码直接输出 console.error（错误日志），无环境开关/分级|小程序生产包保留调试日志，泄露内部流程信息且无日志分级/开关|收敛为统一 logger（环境开关/级别过滤），错误路径转用户可见反馈|open|batch-4|
R4-00567|d:\6\恋爱小程序\apps\client\src\services\websocket\index.ts|367|T|P3|生产代码直接输出 console.warn（诊断日志），无环境开关/分级|小程序生产包保留调试日志，泄露内部流程信息且无日志分级/开关|收敛为统一 logger（环境开关/级别过滤），错误路径转用户可见反馈|open|batch-4|
R4-00568|d:\6\恋爱小程序\apps\client\src\services\websocket\index.ts|419|T|P3|生产代码直接输出 console.warn（诊断日志），无环境开关/分级|小程序生产包保留调试日志，泄露内部流程信息且无日志分级/开关|收敛为统一 logger（环境开关/级别过滤），错误路径转用户可见反馈|open|batch-4|
R4-00569|d:\6\恋爱小程序\apps\client\src\services\websocket\index.ts|440|T|P2|生产代码直接输出 console.error（错误日志），无环境开关/分级|小程序生产包保留调试日志，泄露内部流程信息且无日志分级/开关|收敛为统一 logger（环境开关/级别过滤），错误路径转用户可见反馈|open|batch-4|
R4-00570|d:\6\恋爱小程序\apps\client\src\services\websocket\index.ts|444|T|P2|生产代码直接输出 console.error（错误日志），无环境开关/分级|小程序生产包保留调试日志，泄露内部流程信息且无日志分级/开关|收敛为统一 logger（环境开关/级别过滤），错误路径转用户可见反馈|open|batch-4|
R4-00571|d:\6\恋爱小程序\apps\client\src\services\websocket\index.ts|479|T|P2|生产代码直接输出 console.error（错误日志），无环境开关/分级|小程序生产包保留调试日志，泄露内部流程信息且无日志分级/开关|收敛为统一 logger（环境开关/级别过滤），错误路径转用户可见反馈|open|batch-4|
R4-00572|d:\6\恋爱小程序\apps\client\src\services\websocket\index.ts|530|T|P3|生产代码直接输出 console.warn（诊断日志），无环境开关/分级|小程序生产包保留调试日志，泄露内部流程信息且无日志分级/开关|收敛为统一 logger（环境开关/级别过滤），错误路径转用户可见反馈|open|batch-4|
R4-00573|d:\6\恋爱小程序\apps\client\src\services\websocket\index.ts|560|T|P2|生产代码直接输出 console.error（错误日志），无环境开关/分级|小程序生产包保留调试日志，泄露内部流程信息且无日志分级/开关|收敛为统一 logger（环境开关/级别过滤），错误路径转用户可见反馈|open|batch-4|
R4-00574|d:\6\恋爱小程序\apps\client\src\services\websocket\index.ts|672|T|P2|生产代码直接输出 console.error（错误日志），无环境开关/分级|小程序生产包保留调试日志，泄露内部流程信息且无日志分级/开关|收敛为统一 logger（环境开关/级别过滤），错误路径转用户可见反馈|open|batch-4|
R4-00575|d:\6\恋爱小程序\apps\client\src\services\websocket\index.ts|685|T|P3|生产代码直接输出 console.warn（诊断日志），无环境开关/分级|小程序生产包保留调试日志，泄露内部流程信息且无日志分级/开关|收敛为统一 logger（环境开关/级别过滤），错误路径转用户可见反馈|open|batch-4|
R4-00576|d:\6\恋爱小程序\apps\client\src\services\websocket\index.ts|712|T|P2|生产代码直接输出 console.error（错误日志），无环境开关/分级|小程序生产包保留调试日志，泄露内部流程信息且无日志分级/开关|收敛为统一 logger（环境开关/级别过滤），错误路径转用户可见反馈|open|batch-4|
R4-00577|d:\6\恋爱小程序\apps\client\src\services\websocket\index.ts|716|T|P2|生产代码直接输出 console.error（错误日志），无环境开关/分级|小程序生产包保留调试日志，泄露内部流程信息且无日志分级/开关|收敛为统一 logger（环境开关/级别过滤），错误路径转用户可见反馈|open|batch-4|
R4-00578|d:\6\恋爱小程序\apps\client\src\services\websocket\index.ts|763|T|P2|生产代码直接输出 console.error（错误日志），无环境开关/分级|小程序生产包保留调试日志，泄露内部流程信息且无日志分级/开关|收敛为统一 logger（环境开关/级别过滤），错误路径转用户可见反馈|open|batch-4|
R4-00579|d:\6\恋爱小程序\apps\client\src\services\websocket\index.ts|767|T|P2|生产代码直接输出 console.error（错误日志），无环境开关/分级|小程序生产包保留调试日志，泄露内部流程信息且无日志分级/开关|收敛为统一 logger（环境开关/级别过滤），错误路径转用户可见反馈|open|batch-4|
R4-00580|d:\6\恋爱小程序\apps\client\src\services\websocket\index.ts|900|T|P3|生产代码直接输出 console.warn（诊断日志），无环境开关/分级|小程序生产包保留调试日志，泄露内部流程信息且无日志分级/开关|收敛为统一 logger（环境开关/级别过滤），错误路径转用户可见反馈|open|batch-4|
R4-00581|d:\6\恋爱小程序\apps\client\src\stores\theme.ts|23|T|P3|生产代码直接输出 console.warn（诊断日志），无环境开关/分级|小程序生产包保留调试日志，泄露内部流程信息且无日志分级/开关|收敛为统一 logger（环境开关/级别过滤），错误路径转用户可见反馈|open|batch-4|
R4-00582|d:\6\恋爱小程序\apps\client\src\stores\theme.ts|45|T|P3|生产代码直接输出 console.warn（诊断日志），无环境开关/分级|小程序生产包保留调试日志，泄露内部流程信息且无日志分级/开关|收敛为统一 logger（环境开关/级别过滤），错误路径转用户可见反馈|open|batch-4|
R4-00583|d:\6\恋爱小程序\apps\client\src\stores\theme.ts|59|T|P3|生产代码直接输出 console.warn（诊断日志），无环境开关/分级|小程序生产包保留调试日志，泄露内部流程信息且无日志分级/开关|收敛为统一 logger（环境开关/级别过滤），错误路径转用户可见反馈|open|batch-4|
R4-00584|d:\6\恋爱小程序\apps\client\src\services\websocket\heartbeat.ts|95|T|P3|生产代码直接输出 console.warn（诊断日志），无环境开关/分级|小程序生产包保留调试日志，泄露内部流程信息且无日志分级/开关|收敛为统一 logger（环境开关/级别过滤），错误路径转用户可见反馈|open|batch-4|
R4-00585|d:\6\恋爱小程序\apps\client\src\services\websocket\heartbeat.ts|98|T|P3|生产代码直接输出 console.warn（诊断日志），无环境开关/分级|小程序生产包保留调试日志，泄露内部流程信息且无日志分级/开关|收敛为统一 logger（环境开关/级别过滤），错误路径转用户可见反馈|open|batch-4|
R4-00586|d:\6\恋爱小程序\apps\client\src\stores\session.ts|383|T|P3|生产代码直接输出 console.warn（诊断日志），无环境开关/分级|小程序生产包保留调试日志，泄露内部流程信息且无日志分级/开关|收敛为统一 logger（环境开关/级别过滤），错误路径转用户可见反馈|open|batch-4|
R4-00587|d:\6\恋爱小程序\apps\client\src\stores\session.ts|416|T|P3|生产代码直接输出 console.warn（诊断日志），无环境开关/分级|小程序生产包保留调试日志，泄露内部流程信息且无日志分级/开关|收敛为统一 logger（环境开关/级别过滤），错误路径转用户可见反馈|open|batch-4|
R4-00588|d:\6\恋爱小程序\apps\client\src\stores\session.ts|449|T|P3|生产代码直接输出 console.warn（诊断日志），无环境开关/分级|小程序生产包保留调试日志，泄露内部流程信息且无日志分级/开关|收敛为统一 logger（环境开关/级别过滤），错误路径转用户可见反馈|open|batch-4|
R4-00589|d:\6\恋爱小程序\apps\client\src\stores\session.ts|474|T|P3|生产代码直接输出 console.warn（诊断日志），无环境开关/分级|小程序生产包保留调试日志，泄露内部流程信息且无日志分级/开关|收敛为统一 logger（环境开关/级别过滤），错误路径转用户可见反馈|open|batch-4|
R4-00590|d:\6\恋爱小程序\apps\client\src\stores\session.ts|507|T|P3|生产代码直接输出 console.warn（诊断日志），无环境开关/分级|小程序生产包保留调试日志，泄露内部流程信息且无日志分级/开关|收敛为统一 logger（环境开关/级别过滤），错误路径转用户可见反馈|open|batch-4|
R4-00591|d:\6\恋爱小程序\apps\client\src\stores\session.ts|518|T|P3|生产代码直接输出 console.warn（诊断日志），无环境开关/分级|小程序生产包保留调试日志，泄露内部流程信息且无日志分级/开关|收敛为统一 logger（环境开关/级别过滤），错误路径转用户可见反馈|open|batch-4|
R4-00592|d:\6\恋爱小程序\apps\client\src\stores\session.ts|566|T|P3|生产代码直接输出 console.warn（诊断日志），无环境开关/分级|小程序生产包保留调试日志，泄露内部流程信息且无日志分级/开关|收敛为统一 logger（环境开关/级别过滤），错误路径转用户可见反馈|open|batch-4|
R4-00593|d:\6\恋爱小程序\apps\client\src\stores\session.ts|583|T|P3|生产代码直接输出 console.warn（诊断日志），无环境开关/分级|小程序生产包保留调试日志，泄露内部流程信息且无日志分级/开关|收敛为统一 logger（环境开关/级别过滤），错误路径转用户可见反馈|open|batch-4|
R4-00594|d:\6\恋爱小程序\apps\client\src\stores\session.ts|587|T|P3|生产代码直接输出 console.warn（诊断日志），无环境开关/分级|小程序生产包保留调试日志，泄露内部流程信息且无日志分级/开关|收敛为统一 logger（环境开关/级别过滤），错误路径转用户可见反馈|open|batch-4|
R4-00595|d:\6\恋爱小程序\apps\client\src\stores\session.ts|593|T|P3|生产代码直接输出 console.warn（诊断日志），无环境开关/分级|小程序生产包保留调试日志，泄露内部流程信息且无日志分级/开关|收敛为统一 logger（环境开关/级别过滤），错误路径转用户可见反馈|open|batch-4|
R4-00596|d:\6\恋爱小程序\apps\client\src\stores\session.ts|608|T|P3|生产代码直接输出 console.warn（诊断日志），无环境开关/分级|小程序生产包保留调试日志，泄露内部流程信息且无日志分级/开关|收敛为统一 logger（环境开关/级别过滤），错误路径转用户可见反馈|open|batch-4|
R4-00597|d:\6\恋爱小程序\apps\client\src\stores\session.ts|663|T|P3|生产代码直接输出 console.warn（诊断日志），无环境开关/分级|小程序生产包保留调试日志，泄露内部流程信息且无日志分级/开关|收敛为统一 logger（环境开关/级别过滤），错误路径转用户可见反馈|open|batch-4|
R4-00598|d:\6\恋爱小程序\apps\client\src\stores\session.ts|677|T|P3|生产代码直接输出 console.warn（诊断日志），无环境开关/分级|小程序生产包保留调试日志，泄露内部流程信息且无日志分级/开关|收敛为统一 logger（环境开关/级别过滤），错误路径转用户可见反馈|open|batch-4|
R4-00599|d:\6\恋爱小程序\apps\client\src\services\sentry.ts|91|T|P3|生产代码直接输出 console.warn（诊断日志），无环境开关/分级|小程序生产包保留调试日志，泄露内部流程信息且无日志分级/开关|收敛为统一 logger（环境开关/级别过滤），错误路径转用户可见反馈|open|batch-4|
R4-00600|d:\6\恋爱小程序\apps\client\src\services\sentry.ts|107|T|P3|生产代码直接输出 console.warn（诊断日志），无环境开关/分级|小程序生产包保留调试日志，泄露内部流程信息且无日志分级/开关|收敛为统一 logger（环境开关/级别过滤），错误路径转用户可见反馈|open|batch-4|
R4-00601|d:\6\恋爱小程序\apps\client\src\services\sentry.ts|110|T|P2|生产代码直接输出 console.error（错误日志），无环境开关/分级|小程序生产包保留调试日志，泄露内部流程信息且无日志分级/开关|收敛为统一 logger（环境开关/级别过滤），错误路径转用户可见反馈|open|batch-4|
R4-00602|d:\6\恋爱小程序\apps\client\src\services\sentry.ts|184|T|P2|生产代码直接输出 console.error（错误日志），无环境开关/分级|小程序生产包保留调试日志，泄露内部流程信息且无日志分级/开关|收敛为统一 logger（环境开关/级别过滤），错误路径转用户可见反馈|open|batch-4|
R4-00603|d:\6\恋爱小程序\apps\client\src\services\sentry.ts|186|T|P2|生产代码直接输出 console.error（错误日志），无环境开关/分级|小程序生产包保留调试日志，泄露内部流程信息且无日志分级/开关|收敛为统一 logger（环境开关/级别过滤），错误路径转用户可见反馈|open|batch-4|
R4-00604|d:\6\恋爱小程序\apps\client\src\services\sentry.ts|228|T|P3|生产代码直接输出 console.warn（诊断日志），无环境开关/分级|小程序生产包保留调试日志，泄露内部流程信息且无日志分级/开关|收敛为统一 logger（环境开关/级别过滤），错误路径转用户可见反馈|open|batch-4|
R4-00605|d:\6\恋爱小程序\apps\client\src\services\sentry.ts|278|T|P3|生产代码直接输出 console.warn（诊断日志），无环境开关/分级|小程序生产包保留调试日志，泄露内部流程信息且无日志分级/开关|收敛为统一 logger（环境开关/级别过滤），错误路径转用户可见反馈|open|batch-4|
R4-00606|d:\6\恋爱小程序\apps\client\src\services\sentry.ts|280|T|P3|生产代码直接输出 console.warn（诊断日志），无环境开关/分级|小程序生产包保留调试日志，泄露内部流程信息且无日志分级/开关|收敛为统一 logger（环境开关/级别过滤），错误路径转用户可见反馈|open|batch-4|
R4-00607|d:\6\恋爱小程序\apps\client\src\services\sentry.ts|335|T|P3|生产代码直接输出 console.warn（诊断日志），无环境开关/分级|小程序生产包保留调试日志，泄露内部流程信息且无日志分级/开关|收敛为统一 logger（环境开关/级别过滤），错误路径转用户可见反馈|open|batch-4|
R4-00608|d:\6\恋爱小程序\apps\client\src\services\sentry.ts|363|T|P3|生产代码直接输出 console.warn（诊断日志），无环境开关/分级|小程序生产包保留调试日志，泄露内部流程信息且无日志分级/开关|收敛为统一 logger（环境开关/级别过滤），错误路径转用户可见反馈|open|batch-4|
R4-00609|d:\6\恋爱小程序\apps\client\src\pages\campus\certification.vue|88|T|P2|生产代码直接输出 console.error（错误日志），无环境开关/分级|小程序生产包保留调试日志，泄露内部流程信息且无日志分级/开关|收敛为统一 logger（环境开关/级别过滤），错误路径转用户可见反馈|open|batch-4|
R4-00610|d:\6\恋爱小程序\apps\client\src\pages\village\tag-posts.vue|35|T|P2|生产代码直接输出 console.error（错误日志），无环境开关/分级|小程序生产包保留调试日志，泄露内部流程信息且无日志分级/开关|收敛为统一 logger（环境开关/级别过滤），错误路径转用户可见反馈|open|batch-4|
R4-00611|d:\6\恋爱小程序\apps\client\src\stores\messages.ts|1027|T|P2|生产代码直接输出 console.error（错误日志），无环境开关/分级|小程序生产包保留调试日志，泄露内部流程信息且无日志分级/开关|收敛为统一 logger（环境开关/级别过滤），错误路径转用户可见反馈|open|batch-4|
R4-00612|d:\6\恋爱小程序\apps\client\src\stores\messages.ts|1040|T|P2|生产代码直接输出 console.error（错误日志），无环境开关/分级|小程序生产包保留调试日志，泄露内部流程信息且无日志分级/开关|收敛为统一 logger（环境开关/级别过滤），错误路径转用户可见反馈|open|batch-4|
R4-00613|d:\6\恋爱小程序\apps\client\src\stores\messages.ts|1238|T|P2|生产代码直接输出 console.error（错误日志），无环境开关/分级|小程序生产包保留调试日志，泄露内部流程信息且无日志分级/开关|收敛为统一 logger（环境开关/级别过滤），错误路径转用户可见反馈|open|batch-4|
R4-00614|d:\6\恋爱小程序\apps\client\src\pages\likes\index.vue|295|T|P2|生产代码直接输出 console.error（错误日志），无环境开关/分级|小程序生产包保留调试日志，泄露内部流程信息且无日志分级/开关|收敛为统一 logger（环境开关/级别过滤），错误路径转用户可见反馈|open|batch-4|
R4-00615|d:\6\恋爱小程序\apps\client\src\pages\village\post.vue|327|T|P2|生产代码直接输出 console.error（错误日志），无环境开关/分级|小程序生产包保留调试日志，泄露内部流程信息且无日志分级/开关|收敛为统一 logger（环境开关/级别过滤），错误路径转用户可见反馈|open|batch-4|
R4-00616|d:\6\恋爱小程序\apps\client\src\pages\village\post.vue|464|T|P2|生产代码直接输出 console.error（错误日志），无环境开关/分级|小程序生产包保留调试日志，泄露内部流程信息且无日志分级/开关|收敛为统一 logger（环境开关/级别过滤），错误路径转用户可见反馈|open|batch-4|
R4-00617|d:\6\恋爱小程序\apps\client\src\stores\likes.ts|1166|T|P3|生产代码直接输出 console.warn（诊断日志），无环境开关/分级|小程序生产包保留调试日志，泄露内部流程信息且无日志分级/开关|收敛为统一 logger（环境开关/级别过滤），错误路径转用户可见反馈|open|batch-4|
R4-00618|d:\6\恋爱小程序\apps\client\src\stores\likes.ts|1170|T|P3|生产代码直接输出 console.warn（诊断日志），无环境开关/分级|小程序生产包保留调试日志，泄露内部流程信息且无日志分级/开关|收敛为统一 logger（环境开关/级别过滤），错误路径转用户可见反馈|open|batch-4|
R4-00619|d:\6\恋爱小程序\apps\client\src\pages\village\index.vue|225|T|P2|生产代码直接输出 console.error（错误日志），无环境开关/分级|小程序生产包保留调试日志，泄露内部流程信息且无日志分级/开关|收敛为统一 logger（环境开关/级别过滤），错误路径转用户可见反馈|open|batch-4|
R4-00620|d:\6\恋爱小程序\apps\client\src\pages\village\index.vue|243|T|P2|生产代码直接输出 console.error（错误日志），无环境开关/分级|小程序生产包保留调试日志，泄露内部流程信息且无日志分级/开关|收敛为统一 logger（环境开关/级别过滤），错误路径转用户可见反馈|open|batch-4|
R4-00621|d:\6\恋爱小程序\apps\client\src\pages\village\index.vue|253|T|P2|生产代码直接输出 console.error（错误日志），无环境开关/分级|小程序生产包保留调试日志，泄露内部流程信息且无日志分级/开关|收敛为统一 logger（环境开关/级别过滤），错误路径转用户可见反馈|open|batch-4|
R4-00622|d:\6\恋爱小程序\apps\client\src\pages\village\index.vue|262|T|P2|生产代码直接输出 console.error（错误日志），无环境开关/分级|小程序生产包保留调试日志，泄露内部流程信息且无日志分级/开关|收敛为统一 logger（环境开关/级别过滤），错误路径转用户可见反馈|open|batch-4|
R4-00623|d:\6\恋爱小程序\apps\client\src\pages\village\index.vue|271|T|P2|生产代码直接输出 console.error（错误日志），无环境开关/分级|小程序生产包保留调试日志，泄露内部流程信息且无日志分级/开关|收敛为统一 logger（环境开关/级别过滤），错误路径转用户可见反馈|open|batch-4|
R4-00624|d:\6\恋爱小程序\apps\client\src\components\common\ShareCard.vue|147|T|P2|生产代码直接输出 console.error（错误日志），无环境开关/分级|小程序生产包保留调试日志，泄露内部流程信息且无日志分级/开关|收敛为统一 logger（环境开关/级别过滤），错误路径转用户可见反馈|open|batch-4|
R4-00625|d:\6\恋爱小程序\apps\client\src\components\common\ShareCard.vue|213|T|P2|生产代码直接输出 console.error（错误日志），无环境开关/分级|小程序生产包保留调试日志，泄露内部流程信息且无日志分级/开关|收敛为统一 logger（环境开关/级别过滤），错误路径转用户可见反馈|open|batch-4|
R4-00626|d:\6\恋爱小程序\apps\client\src\stores\home.ts|75|T|P2|生产代码直接输出 console.error（错误日志），无环境开关/分级|小程序生产包保留调试日志，泄露内部流程信息且无日志分级/开关|收敛为统一 logger（环境开关/级别过滤），错误路径转用户可见反馈|open|batch-4|
R4-00627|d:\6\恋爱小程序\apps\client\src\pages\village\detail.vue|329|T|P2|生产代码直接输出 console.error（错误日志），无环境开关/分级|小程序生产包保留调试日志，泄露内部流程信息且无日志分级/开关|收敛为统一 logger（环境开关/级别过滤），错误路径转用户可见反馈|open|batch-4|
R4-00628|d:\6\恋爱小程序\apps\client\src\pages\village\detail.vue|343|T|P2|生产代码直接输出 console.error（错误日志），无环境开关/分级|小程序生产包保留调试日志，泄露内部流程信息且无日志分级/开关|收敛为统一 logger（环境开关/级别过滤），错误路径转用户可见反馈|open|batch-4|
R4-00629|d:\6\恋爱小程序\apps\client\src\pages\village\detail.vue|395|T|P2|生产代码直接输出 console.error（错误日志），无环境开关/分级|小程序生产包保留调试日志，泄露内部流程信息且无日志分级/开关|收敛为统一 logger（环境开关/级别过滤），错误路径转用户可见反馈|open|batch-4|
R4-00630|d:\6\恋爱小程序\apps\client\src\pages\village\detail.vue|470|T|P2|生产代码直接输出 console.error（错误日志），无环境开关/分级|小程序生产包保留调试日志，泄露内部流程信息且无日志分级/开关|收敛为统一 logger（环境开关/级别过滤），错误路径转用户可见反馈|open|batch-4|
R4-00631|d:\6\恋爱小程序\apps\client\src\pages\home\index.vue|302|T|P2|生产代码直接输出 console.error（错误日志），无环境开关/分级|小程序生产包保留调试日志，泄露内部流程信息且无日志分级/开关|收敛为统一 logger（环境开关/级别过滤），错误路径转用户可见反馈|open|batch-4|
R4-00632|d:\6\恋爱小程序\apps\client\src\components\common\SafeImage.vue|129|T|P3|生产代码直接输出 console.warn（诊断日志），无环境开关/分级|小程序生产包保留调试日志，泄露内部流程信息且无日志分级/开关|收敛为统一 logger（环境开关/级别过滤），错误路径转用户可见反馈|open|batch-4|
R4-00633|d:\6\恋爱小程序\apps\client\src\components\common\SafeImage.vue|140|T|P3|生产代码直接输出 console.warn（诊断日志），无环境开关/分级|小程序生产包保留调试日志，泄露内部流程信息且无日志分级/开关|收敛为统一 logger（环境开关/级别过滤），错误路径转用户可见反馈|open|batch-4|
R4-00634|d:\6\恋爱小程序\apps\client\src\stores\feedback.ts|30|T|P2|生产代码直接输出 console.error（错误日志），无环境开关/分级|小程序生产包保留调试日志，泄露内部流程信息且无日志分级/开关|收敛为统一 logger（环境开关/级别过滤），错误路径转用户可见反馈|open|batch-4|
R4-00635|d:\6\恋爱小程序\apps\client\src\stores\feedback.ts|49|T|P2|生产代码直接输出 console.error（错误日志），无环境开关/分级|小程序生产包保留调试日志，泄露内部流程信息且无日志分级/开关|收敛为统一 logger（环境开关/级别过滤），错误路径转用户可见反馈|open|batch-4|
R4-00636|d:\6\恋爱小程序\apps\client\src\stores\feedback.ts|69|T|P2|生产代码直接输出 console.error（错误日志），无环境开关/分级|小程序生产包保留调试日志，泄露内部流程信息且无日志分级/开关|收敛为统一 logger（环境开关/级别过滤），错误路径转用户可见反馈|open|batch-4|
R4-00637|d:\6\恋爱小程序\apps\client\src\stores\feedback.ts|89|T|P2|生产代码直接输出 console.error（错误日志），无环境开关/分级|小程序生产包保留调试日志，泄露内部流程信息且无日志分级/开关|收敛为统一 logger（环境开关/级别过滤），错误路径转用户可见反馈|open|batch-4|
R4-00638|d:\6\恋爱小程序\apps\client\src\pages\heart-signals\index.vue|97|T|P2|生产代码直接输出 console.error（错误日志），无环境开关/分级|小程序生产包保留调试日志，泄露内部流程信息且无日志分级/开关|收敛为统一 logger（环境开关/级别过滤），错误路径转用户可见反馈|open|batch-4|
R4-00639|d:\6\恋爱小程序\apps\client\src\pages\heart-signals\index.vue|109|T|P2|生产代码直接输出 console.error（错误日志），无环境开关/分级|小程序生产包保留调试日志，泄露内部流程信息且无日志分级/开关|收敛为统一 logger（环境开关/级别过滤），错误路径转用户可见反馈|open|batch-4|
R4-00640|d:\6\恋爱小程序\apps\client\src\pages\heart-signals\index.vue|129|T|P2|生产代码直接输出 console.error（错误日志），无环境开关/分级|小程序生产包保留调试日志，泄露内部流程信息且无日志分级/开关|收敛为统一 logger（环境开关/级别过滤），错误路径转用户可见反馈|open|batch-4|
R4-00641|d:\6\恋爱小程序\apps\client\src\pages\shop\index.vue|106|T|P3|生产代码直接输出 console.warn（诊断日志），无环境开关/分级|小程序生产包保留调试日志，泄露内部流程信息且无日志分级/开关|收敛为统一 logger（环境开关/级别过滤），错误路径转用户可见反馈|open|batch-4|
R4-00642|d:\6\恋爱小程序\apps\client\src\pages\circles\post-topic.vue|195|T|P2|生产代码直接输出 console.error（错误日志），无环境开关/分级|小程序生产包保留调试日志，泄露内部流程信息且无日志分级/开关|收敛为统一 logger（环境开关/级别过滤），错误路径转用户可见反馈|open|batch-4|
R4-00643|d:\6\恋爱小程序\apps\client\src\pages\circles\post-topic.vue|328|T|P3|生产代码直接输出 console.warn（诊断日志），无环境开关/分级|小程序生产包保留调试日志，泄露内部流程信息且无日志分级/开关|收敛为统一 logger（环境开关/级别过滤），错误路径转用户可见反馈|open|batch-4|
R4-00644|d:\6\恋爱小程序\apps\client\src\pages\feedback\history.vue|111|T|P2|生产代码直接输出 console.error（错误日志），无环境开关/分级|小程序生产包保留调试日志，泄露内部流程信息且无日志分级/开关|收敛为统一 logger（环境开关/级别过滤），错误路径转用户可见反馈|open|batch-4|
R4-00645|d:\6\恋爱小程序\apps\client\src\stores\discover\utils.ts|197|T|P3|生产代码直接输出 console.warn（诊断日志），无环境开关/分级|小程序生产包保留调试日志，泄露内部流程信息且无日志分级/开关|收敛为统一 logger（环境开关/级别过滤），错误路径转用户可见反馈|open|batch-4|
R4-00646|d:\6\恋爱小程序\apps\client\src\pages\chat\video-call.vue|248|T|P3|生产代码直接输出 console.warn（诊断日志），无环境开关/分级|小程序生产包保留调试日志，泄露内部流程信息且无日志分级/开关|收敛为统一 logger（环境开关/级别过滤），错误路径转用户可见反馈|open|batch-4|
R4-00647|d:\6\恋爱小程序\apps\client\src\pages\settings\index.vue|303|T|P3|生产代码直接输出 console.warn（诊断日志），无环境开关/分级|小程序生产包保留调试日志，泄露内部流程信息且无日志分级/开关|收敛为统一 logger（环境开关/级别过滤），错误路径转用户可见反馈|open|batch-4|
R4-00648|d:\6\恋爱小程序\apps\client\src\stores\discover\constants.ts|140|T|P3|生产代码直接输出 console.warn（诊断日志），无环境开关/分级|小程序生产包保留调试日志，泄露内部流程信息且无日志分级/开关|收敛为统一 logger（环境开关/级别过滤），错误路径转用户可见反馈|open|batch-4|
R4-00649|d:\6\恋爱小程序\apps\client\src\pages\discover\index.vue|185|T|P2|生产代码直接输出 console.error（错误日志），无环境开关/分级|小程序生产包保留调试日志，泄露内部流程信息且无日志分级/开关|收敛为统一 logger（环境开关/级别过滤），错误路径转用户可见反馈|open|batch-4|
R4-00650|d:\6\恋爱小程序\apps\client\src\pages\discover\index.vue|215|T|P2|生产代码直接输出 console.error（错误日志），无环境开关/分级|小程序生产包保留调试日志，泄露内部流程信息且无日志分级/开关|收敛为统一 logger（环境开关/级别过滤），错误路径转用户可见反馈|open|batch-4|
R4-00651|d:\6\恋爱小程序\apps\client\src\pages\discover\index.vue|233|T|P2|生产代码直接输出 console.error（错误日志），无环境开关/分级|小程序生产包保留调试日志，泄露内部流程信息且无日志分级/开关|收敛为统一 logger（环境开关/级别过滤），错误路径转用户可见反馈|open|batch-4|
R4-00652|d:\6\恋爱小程序\apps\client\src\components\chat\VoiceRecorder.vue|156|T|P2|生产代码直接输出 console.error（错误日志），无环境开关/分级|小程序生产包保留调试日志，泄露内部流程信息且无日志分级/开关|收敛为统一 logger（环境开关/级别过滤），错误路径转用户可见反馈|open|batch-4|
R4-00653|d:\6\恋爱小程序\apps\client\src\pages\login\index.vue|247|T|P3|生产代码直接输出 console.warn（诊断日志），无环境开关/分级|小程序生产包保留调试日志，泄露内部流程信息且无日志分级/开关|收敛为统一 logger（环境开关/级别过滤），错误路径转用户可见反馈|open|batch-4|
R4-00654|d:\6\恋爱小程序\apps\client\src\pages\login\index.vue|291|T|P3|生产代码直接输出 console.warn（诊断日志），无环境开关/分级|小程序生产包保留调试日志，泄露内部流程信息且无日志分级/开关|收敛为统一 logger（环境开关/级别过滤），错误路径转用户可见反馈|open|batch-4|
R4-00655|d:\6\恋爱小程序\apps\client\src\pages\login\index.vue|425|T|P3|生产代码直接输出 console.warn（诊断日志），无环境开关/分级|小程序生产包保留调试日志，泄露内部流程信息且无日志分级/开关|收敛为统一 logger（环境开关/级别过滤），错误路径转用户可见反馈|open|batch-4|
R4-00656|d:\6\恋爱小程序\apps\client\src\pages\profile\index.vue|1001|T|P3|生产代码直接输出 console.warn（诊断日志），无环境开关/分级|小程序生产包保留调试日志，泄露内部流程信息且无日志分级/开关|收敛为统一 logger（环境开关/级别过滤），错误路径转用户可见反馈|open|batch-4|
R4-00657|d:\6\恋爱小程序\apps\client\src\pages\profile\index.vue|1218|T|P3|生产代码直接输出 console.warn（诊断日志），无环境开关/分级|小程序生产包保留调试日志，泄露内部流程信息且无日志分级/开关|收敛为统一 logger（环境开关/级别过滤），错误路径转用户可见反馈|open|batch-4|
R4-00658|d:\6\恋爱小程序\apps\client\src\pages\profile\index.vue|1221|T|P3|生产代码直接输出 console.warn（诊断日志），无环境开关/分级|小程序生产包保留调试日志，泄露内部流程信息且无日志分级/开关|收敛为统一 logger（环境开关/级别过滤），错误路径转用户可见反馈|open|batch-4|
R4-00659|d:\6\恋爱小程序\apps\client\src\stores\discover\actions\swipe.ts|347|T|P2|生产代码直接输出 console.error（错误日志），无环境开关/分级|小程序生产包保留调试日志，泄露内部流程信息且无日志分级/开关|收敛为统一 logger（环境开关/级别过滤），错误路径转用户可见反馈|open|batch-4|
R4-00660|d:\6\恋爱小程序\apps\client\src\services\api.ts|480|T|P3|生产代码直接输出 console.warn（诊断日志），无环境开关/分级|小程序生产包保留调试日志，泄露内部流程信息且无日志分级/开关|收敛为统一 logger（环境开关/级别过滤），错误路径转用户可见反馈|open|batch-4|
R4-00661|d:\6\恋爱小程序\apps\client\src\services\api.ts|594|T|P3|生产代码直接输出 console.warn（诊断日志），无环境开关/分级|小程序生产包保留调试日志，泄露内部流程信息且无日志分级/开关|收敛为统一 logger（环境开关/级别过滤），错误路径转用户可见反馈|open|batch-4|
R4-00662|d:\6\恋爱小程序\apps\client\src\stores\discover\actions\storage.ts|93|T|P2|生产代码直接输出 console.error（错误日志），无环境开关/分级|小程序生产包保留调试日志，泄露内部流程信息且无日志分级/开关|收敛为统一 logger（环境开关/级别过滤），错误路径转用户可见反馈|open|batch-4|
R4-00663|d:\6\恋爱小程序\apps\client\src\services\env.ts|157|T|P3|生产代码直接输出 console.warn（诊断日志），无环境开关/分级|小程序生产包保留调试日志，泄露内部流程信息且无日志分级/开关|收敛为统一 logger（环境开关/级别过滤），错误路径转用户可见反馈|open|batch-4|
R4-00664|d:\6\恋爱小程序\apps\client\src\services\env.ts|183|T|P3|生产代码直接输出 console.warn（诊断日志），无环境开关/分级|小程序生产包保留调试日志，泄露内部流程信息且无日志分级/开关|收敛为统一 logger（环境开关/级别过滤），错误路径转用户可见反馈|open|batch-4|
R4-00665|d:\6\恋爱小程序\apps\client\src\stores\discover\actions\filter.ts|175|T|P3|生产代码直接输出 console.warn（诊断日志），无环境开关/分级|小程序生产包保留调试日志，泄露内部流程信息且无日志分级/开关|收敛为统一 logger（环境开关/级别过滤），错误路径转用户可见反馈|open|batch-4|
R4-00966|d:\6\恋爱小程序\apps\client\src\pages\activities\detail.vue|178|H|P3|魔法数字：showToast duration 裸数字 2000ms（未抽常量/token）|同一时间语义散落各处，改动需全局排查且无自解释性|抽取为命名常量（如 TOAST_DURATION_MS）统一维护|open|batch-4|
R4-00967|d:\6\恋爱小程序\apps\client\src\pages\activities\detail.vue|184|H|P3|魔法数字：showToast duration 裸数字 2000ms（未抽常量/token）|同一时间语义散落各处，改动需全局排查且无自解释性|抽取为命名常量（如 TOAST_DURATION_MS）统一维护|open|batch-4|
R4-00968|d:\6\恋爱小程序\apps\client\src\pages\activities\detail.vue|200|H|P3|魔法数字：showToast duration 裸数字 2000ms（未抽常量/token）|同一时间语义散落各处，改动需全局排查且无自解释性|抽取为命名常量（如 TOAST_DURATION_MS）统一维护|open|batch-4|
R4-00969|d:\6\恋爱小程序\apps\client\src\pages\activities\detail.vue|205|H|P3|魔法数字：showToast duration 裸数字 2000ms（未抽常量/token）|同一时间语义散落各处，改动需全局排查且无自解释性|抽取为命名常量（如 TOAST_DURATION_MS）统一维护|open|batch-4|
R4-00970|d:\6\恋爱小程序\apps\client\src\pages\activities\detail.vue|258|H|P3|魔法数字：showToast duration 裸数字 2000ms（未抽常量/token）|同一时间语义散落各处，改动需全局排查且无自解释性|抽取为命名常量（如 TOAST_DURATION_MS）统一维护|open|batch-4|
R4-00971|d:\6\恋爱小程序\apps\client\src\pages\chat\index.vue|149|H|P3|魔法数字：setTimeout 裸数字 400ms（跳转延迟）（未抽常量/token）|同一时间语义散落各处，改动需全局排查且无自解释性|抽取为命名常量（如 TOAST_DURATION_MS）统一维护|open|batch-4|
R4-00972|d:\6\恋爱小程序\apps\client\src\pages\discover\index.vue|122|H|P3|魔法数字：showToast duration 裸数字 2000ms（未抽常量/token）|同一时间语义散落各处，改动需全局排查且无自解释性|抽取为命名常量（如 TOAST_DURATION_MS）统一维护|open|batch-4|
R4-00973|d:\6\恋爱小程序\apps\client\src\pages\home\index.vue|297|H|P3|魔法数字：showToast duration 裸数字 2000ms（未抽常量/token）|同一时间语义散落各处，改动需全局排查且无自解释性|抽取为命名常量（如 TOAST_DURATION_MS）统一维护|open|batch-4|
R4-00974|d:\6\恋爱小程序\apps\client\src\pages\home\index.vue|306|H|P3|魔法数字：showToast duration 裸数字 2000ms（未抽常量/token）|同一时间语义散落各处，改动需全局排查且无自解释性|抽取为命名常量（如 TOAST_DURATION_MS）统一维护|open|batch-4|
R4-00975|d:\6\恋爱小程序\apps\client\src\pages\home\index.vue|400|H|P3|魔法数字：showToast duration 裸数字 2000ms（未抽常量/token）|同一时间语义散落各处，改动需全局排查且无自解释性|抽取为命名常量（如 TOAST_DURATION_MS）统一维护|open|batch-4|
R4-00976|d:\6\恋爱小程序\apps\client\src\pages\love-center\consulting.vue|43|H|P3|魔法数字：showToast duration 裸数字 2000ms（未抽常量/token）|同一时间语义散落各处，改动需全局排查且无自解释性|抽取为命名常量（如 TOAST_DURATION_MS）统一维护|open|batch-4|
R4-00977|d:\6\恋爱小程序\apps\client\src\pages\love-center\mbti.vue|90|H|P3|魔法数字：showToast duration 裸数字 2500ms（未抽常量/token）|同一时间语义散落各处，改动需全局排查且无自解释性|抽取为命名常量（如 TOAST_DURATION_MS）统一维护|open|batch-4|
R4-00978|d:\6\恋爱小程序\apps\client\src\pages\settings\index.vue|120|H|P3|魔法数字：showToast duration 裸数字 1200ms（未抽常量/token）|同一时间语义散落各处，改动需全局排查且无自解释性|抽取为命名常量（如 TOAST_DURATION_MS）统一维护|open|batch-4|
R4-00979|d:\6\恋爱小程序\apps\client\src\pages\settings\index.vue|132|H|P3|魔法数字：showToast duration 裸数字 1500ms（未抽常量/token）|同一时间语义散落各处，改动需全局排查且无自解释性|抽取为命名常量（如 TOAST_DURATION_MS）统一维护|open|batch-4|
R4-00980|d:\6\恋爱小程序\apps\client\src\pages\settings\index.vue|154|H|P3|魔法数字：showToast duration 裸数字 1200ms（未抽常量/token）|同一时间语义散落各处，改动需全局排查且无自解释性|抽取为命名常量（如 TOAST_DURATION_MS）统一维护|open|batch-4|
R4-00981|d:\6\恋爱小程序\apps\client\src\pages\settings\index.vue|166|H|P3|魔法数字：showToast duration 裸数字 1500ms（未抽常量/token）|同一时间语义散落各处，改动需全局排查且无自解释性|抽取为命名常量（如 TOAST_DURATION_MS）统一维护|open|batch-4|
R4-00982|d:\6\恋爱小程序\apps\client\src\pages\settings\index.vue|239|H|P3|魔法数字：showToast duration 裸数字 1500ms（未抽常量/token）|同一时间语义散落各处，改动需全局排查且无自解释性|抽取为命名常量（如 TOAST_DURATION_MS）统一维护|open|batch-4|
R4-00983|d:\6\恋爱小程序\apps\client\src\pages\shop\index.vue|110|H|P3|魔法数字：showToast duration 裸数字 1500ms（未抽常量/token）|同一时间语义散落各处，改动需全局排查且无自解释性|抽取为命名常量（如 TOAST_DURATION_MS）统一维护|open|batch-4|
R4-00984|d:\6\恋爱小程序\apps\client\src\pages\verification\index.vue|97|H|P3|魔法数字：showToast duration 裸数字 1200ms（未抽常量/token）|同一时间语义散落各处，改动需全局排查且无自解释性|抽取为命名常量（如 TOAST_DURATION_MS）统一维护|open|batch-4|
R4-00985|d:\6\恋爱小程序\apps\client\src\pages\verification\index.vue|112|H|P3|魔法数字：showToast duration 裸数字 1200ms（未抽常量/token）|同一时间语义散落各处，改动需全局排查且无自解释性|抽取为命名常量（如 TOAST_DURATION_MS）统一维护|open|batch-4|
R4-00986|d:\6\恋爱小程序\apps\client\src\pages\verification\index.vue|119|H|P3|魔法数字：showToast duration 裸数字 1000ms（未抽常量/token）|同一时间语义散落各处，改动需全局排查且无自解释性|抽取为命名常量（如 TOAST_DURATION_MS）统一维护|open|batch-4|
R4-00987|d:\6\恋爱小程序\apps\client\src\pages\verification\index.vue|160|H|P3|魔法数字：showToast duration 裸数字 1500ms（未抽常量/token）|同一时间语义散落各处，改动需全局排查且无自解释性|抽取为命名常量（如 TOAST_DURATION_MS）统一维护|open|batch-4|
R4-00988|d:\6\恋爱小程序\apps\client\src\pages\verification\index.vue|186|H|P3|魔法数字：showToast duration 裸数字 1500ms（未抽常量/token）|同一时间语义散落各处，改动需全局排查且无自解释性|抽取为命名常量（如 TOAST_DURATION_MS）统一维护|open|batch-4|
R4-00989|d:\6\恋爱小程序\apps\client\src\pages\village\tag-posts.vue|53|H|P3|魔法数字：showToast duration 裸数字 2000ms（未抽常量/token）|同一时间语义散落各处，改动需全局排查且无自解释性|抽取为命名常量（如 TOAST_DURATION_MS）统一维护|open|batch-4|
R4-00990|d:\6\恋爱小程序\apps\client\src\pages\village\tag-posts.vue|119|H|P3|魔法数字：setTimeout 裸数字 600ms（未抽常量/token）|同一时间语义散落各处，改动需全局排查且无自解释性|抽取为命名常量（如 TOAST_DURATION_MS）统一维护|open|batch-4|
R4-00991|d:\6\恋爱小程序\apps\client\src\stores\likes.ts|1159|H|P3|魔法数字：showToast duration 裸数字 3000ms（未抽常量/token）|同一时间语义散落各处，改动需全局排查且无自解释性|抽取为命名常量（如 TOAST_DURATION_MS）统一维护|open|batch-4|
R4-00992|d:\6\恋爱小程序\apps\client\src\stores\video-call.ts|334|H|P3|魔法数字：showToast duration 裸数字 540ms（未抽常量/token）|同一时间语义散落各处，改动需全局排查且无自解释性|抽取为命名常量（如 TOAST_DURATION_MS）统一维护|open|batch-4|
R4-00993|d:\6\恋爱小程序\apps\client\src\components\common\Ripple.vue|25|H|P3|魔法数字：动画 duration 裸数字 200ms（未抽常量/token）|同一时间语义散落各处，改动需全局排查且无自解释性|抽取为命名常量（如 TOAST_DURATION_MS）统一维护|open|batch-4|
R4-00994|d:\6\恋爱小程序\apps\client\src\components\layout\AppShell.vue|154|H|P3|魔法数字：showToast duration 裸数字 200ms（未抽常量/token）|同一时间语义散落各处，改动需全局排查且无自解释性|抽取为命名常量（如 TOAST_DURATION_MS）统一维护|open|batch-4|
R4-00995|d:\6\恋爱小程序\apps\client\src\components\discover\CardDetailOverlay.vue|455|H|P3|魔法数字：setTimeout 裸数字 500ms（未抽常量/token）|同一时间语义散落各处，改动需全局排查且无自解释性|抽取为命名常量（如 TOAST_DURATION_MS）统一维护|open|batch-4|
R4-00996|d:\6\恋爱小程序\apps\client\src\components\discover\CardDetailOverlay.vue|526|H|P3|魔法数字：setTimeout 裸数字 360ms（未抽常量/token）|同一时间语义散落各处，改动需全局排查且无自解释性|抽取为命名常量（如 TOAST_DURATION_MS）统一维护|open|batch-4|
R4-00997|d:\6\恋爱小程序\apps\client\src\components\discover\CardSwiper.vue|553|H|P3|魔法数字：setTimeout 裸数字 500ms（未抽常量/token）|同一时间语义散落各处，改动需全局排查且无自解释性|抽取为命名常量（如 TOAST_DURATION_MS）统一维护|open|batch-4|
R4-00998|d:\6\恋爱小程序\apps\client\src\components\village\HotTopicsSection.vue|77|H|P3|魔法数字：setTimeout 裸数字 300ms（未抽常量/token）|同一时间语义散落各处，改动需全局排查且无自解释性|抽取为命名常量（如 TOAST_DURATION_MS）统一维护|open|batch-4|
R4-00999|d:\6\恋爱小程序\apps\client\src\components\chat\VoiceRecorder.vue|137|H|P3|魔法数字：setInterval 裸数字 1000ms（录音计时 tick）（未抽常量/token）|同一时间语义散落各处，改动需全局排查且无自解释性|抽取为命名常量（如 TOAST_DURATION_MS）统一维护|open|batch-4|
R4-01000|d:\6\恋爱小程序\apps\client\src\composables\useNetworkStatus.ts|45|H|P3|魔法数字：showToast duration 裸数字 1500ms（未抽常量/token）|同一时间语义散落各处，改动需全局排查且无自解释性|抽取为命名常量（如 TOAST_DURATION_MS）统一维护|open|batch-4|
R4-01001|d:\6\恋爱小程序\apps\client\src\composables\useNetworkStatus.ts|52|H|P3|魔法数字：showToast duration 裸数字 2000ms（未抽常量/token）|同一时间语义散落各处，改动需全局排查且无自解释性|抽取为命名常量（如 TOAST_DURATION_MS）统一维护|open|batch-4|
R4-01002|d:\6\恋爱小程序\apps\client\src\pages\vip\index.vue|176|H|P3|魔法数字：mock 支付 setTimeout 裸数字 1200ms（未抽常量/token）|同一时间语义散落各处，改动需全局排查且无自解释性|抽取为命名常量（如 TOAST_DURATION_MS）统一维护|open|batch-4|
R4-01003|d:\6\恋爱小程序\apps\client\src\pages\heart-signals\index.vue|73|H|P3|魔法数字：setInterval 裸数字 30000ms（倒计时刷新）（未抽常量/token）|同一时间语义散落各处，改动需全局排查且无自解释性|抽取为命名常量（如 TOAST_DURATION_MS）统一维护|open|batch-4|
R4-01004|d:\6\恋爱小程序\apps\client\src\pages\circles\post-topic.vue|308|H|P3|魔法数字：setTimeout 裸数字 800ms（未抽常量/token）|同一时间语义散落各处，改动需全局排查且无自解释性|抽取为命名常量（如 TOAST_DURATION_MS）统一维护|open|batch-4|
R4-01005|d:\6\恋爱小程序\apps\client\src\pages\circles\post-topic.vue|345|H|P3|魔法数字：setTimeout 裸数字 800ms（未抽常量/token）|同一时间语义散落各处，改动需全局排查且无自解释性|抽取为命名常量（如 TOAST_DURATION_MS）统一维护|open|batch-4|
R4-01006|d:\6\恋爱小程序\apps\client\src\pages\chat\video-call.vue|260|H|P3|魔法数字：setTimeout 裸数字 1000ms（未抽常量/token）|同一时间语义散落各处，改动需全局排查且无自解释性|抽取为命名常量（如 TOAST_DURATION_MS）统一维护|open|batch-4|
R4-01007|d:\6\恋爱小程序\apps\client\src\utils\debounce.ts|28|H|P3|魔法数字：防抖默认 delay 裸数字 300ms（未抽常量/token）|同一时间语义散落各处，改动需全局排查且无自解释性|抽取为命名常量（如 TOAST_DURATION_MS）统一维护|open|batch-4|
R4-01008|d:\6\恋爱小程序\apps\client\src\utils\debounce.ts|73|H|P3|魔法数字：节流默认 delay 裸数字 300ms（未抽常量/token）|同一时间语义散落各处，改动需全局排查且无自解释性|抽取为命名常量（如 TOAST_DURATION_MS）统一维护|open|batch-4|
R4-01009|d:\6\恋爱小程序\apps\client\src\utils\debounce.ts|139|H|P3|魔法数字：按钮防抖默认 delay 裸数字 800ms（未抽常量/token）|同一时间语义散落各处，改动需全局排查且无自解释性|抽取为命名常量（如 TOAST_DURATION_MS）统一维护|open|batch-4|
R4-02165|d:\6\恋爱小程序\apps\client\src\components\common\AvatarFrame.vue|100|D|P3|<style>硬编码色值 rgba(0, 0, 0, 0.18) 未走 design token（box-shadow: 0 2rpx 10rpx rgba(0, 0, 0, 0.18);）|主题/品牌色调整需逐文件改，暗色模式不能适配|改用 var(--s-*) |open|batch-4|
R4-02166|d:\6\恋爱小程序\apps\client\src\components\common\LockScreen.vue|138|D|P3|<style>硬编码色值 rgba(63, 207, 142, 0.18) 未走 design token（radial-gradient(ellipse at 20% 20%, rgba(63, 207, 142, ）|主题/品牌色调整需逐文件改，暗色模式不能适配|改用 design token |open|batch-4|
R4-02167|d:\6\恋爱小程序\apps\client\src\components\common\LockScreen.vue|139|D|P3|<style>硬编码色值 rgba(249, 168, 196, 0.2) 未走 design token（radial-gradient(ellipse at 80% 30%, rgba(249, 168, 196,）|主题/品牌色调整需逐文件改，暗色模式不能适配|改用 design token |open|batch-4|
R4-02168|d:\6\恋爱小程序\apps\client\src\components\common\LockScreen.vue|140|D|P3|<style>硬编码色值 rgba(124, 217, 166, 0.15) 未走 design token（radial-gradient(ellipse at 50% 80%, rgba(124, 217, 166,）|主题/品牌色调整需逐文件改，暗色模式不能适配|改用 design token |open|batch-4|
R4-02169|d:\6\恋爱小程序\apps\client\src\components\common\LockScreen.vue|141|D|P3|<style>硬编码色值 rgba(244, 114, 182, 0.12) 未走 design token（radial-gradient(ellipse at 15% 70%, rgba(244, 114, 182,）|主题/品牌色调整需逐文件改，暗色模式不能适配|改用 design token |open|batch-4|
R4-02170|d:\6\恋爱小程序\apps\client\src\components\common\SafeImage.vue|201|D|P3|<style>硬编码色值 rgba(0, 0, 0, 0.06) 未走 design token（rgba(0, 0, 0, 0.06) 25%,）|主题/品牌色调整需逐文件改，暗色模式不能适配|改用 design token |open|batch-4|
R4-02171|d:\6\恋爱小程序\apps\client\src\components\common\SafeImage.vue|202|D|P3|<style>硬编码色值 rgba(0, 0, 0, 0.1) 未走 design token（rgba(0, 0, 0, 0.1) 37%,）|主题/品牌色调整需逐文件改，暗色模式不能适配|改用 design token |open|batch-4|
R4-02172|d:\6\恋爱小程序\apps\client\src\components\common\SafeImage.vue|203|D|P3|<style>硬编码色值 rgba(0, 0, 0, 0.06) 未走 design token（rgba(0, 0, 0, 0.06) 63%）|主题/品牌色调整需逐文件改，暗色模式不能适配|改用 design token |open|batch-4|
R4-02173|d:\6\恋爱小程序\apps\client\src\components\discover\CardSwiper.vue|1502|D|P3|<style>硬编码色值 rgba(15, 23, 42, 0.55) 未走 design token（background: rgba(15, 23, 42, 0.55);）|主题/品牌色调整需逐文件改，暗色模式不能适配|改用 var(--c-bg-*) （如 --c-bg-container/--c-bg-surface）|open|batch-4|
R4-02174|d:\6\恋爱小程序\apps\client\src\components\discover\CardSwiper.vue|1503|D|P3|<style>硬编码色值 rgba(255, 255, 255, 0.25) 未走 design token（border: 1rpx solid rgba(255, 255, 255, 0.25);）|主题/品牌色调整需逐文件改，暗色模式不能适配|改用 var(--c-border-*) （如 --c-border-default）|open|batch-4|
R4-02175|d:\6\恋爱小程序\apps\client\src\components\discover\CardSwiper.vue|1517|D|P3|<style>硬编码色值 #ffffff 未走 design token（color: #ffffff;）|主题/品牌色调整需逐文件改，暗色模式不能适配|改用 var(--c-text-*) （如 --c-text-primary/--c-text-secondary）|open|batch-4|
R4-02176|d:\6\恋爱小程序\apps\client\src\components\discover\CardSwiper.vue|1534|D|P3|<style>硬编码色值 rgba(255, 255, 255, 0.92) 未走 design token（border: 10rpx solid rgba(255, 255, 255, 0.92);）|主题/品牌色调整需逐文件改，暗色模式不能适配|改用 var(--c-border-*) （如 --c-border-default）|open|batch-4|
R4-02177|d:\6\恋爱小程序\apps\client\src\components\discover\CardSwiper.vue|1535|D|P3|<style>硬编码色值 rgba(0, 0, 0, 0.18) 未走 design token（box-shadow: 0 12rpx 40rpx rgba(0, 0, 0, 0.18);）|主题/品牌色调整需逐文件改，暗色模式不能适配|改用 var(--s-*) |open|batch-4|
R4-02178|d:\6\恋爱小程序\apps\client\src\components\discover\CardSwiper.vue|1854|D|P3|<style>硬编码色值 rgba(0, 0, 0, 0.45) rgba(0, 0, 0, 0.15) 未走 design token（background: linear-gradient(to bottom, rgba(0, 0, 0, 0.）|主题/品牌色调整需逐文件改，暗色模式不能适配|改用 var(--c-bg-*) （如 --c-bg-container/--c-bg-surface）|open|batch-4|
R4-02179|d:\6\恋爱小程序\apps\client\src\components\discover\CardSwiper.vue|1860|D|P3|<style>硬编码色值 rgba(255, 255, 255, 0.92) 未走 design token（color: rgba(255, 255, 255, 0.92);）|主题/品牌色调整需逐文件改，暗色模式不能适配|改用 var(--c-text-*) （如 --c-text-primary/--c-text-secondary）|open|batch-4|
R4-02180|d:\6\恋爱小程序\apps\client\src\components\discover\CardSwiper.vue|1861|D|P3|<style>硬编码色值 rgba(0, 0, 0, 0.4) 未走 design token（text-shadow: 0 1rpx 6rpx rgba(0, 0, 0, 0.4);）|主题/品牌色调整需逐文件改，暗色模式不能适配|改用 var(--s-*) |open|batch-4|
R4-02181|d:\6\恋爱小程序\apps\client\src\components\discover\CardSwiper.vue|1870|D|P3|<style>硬编码色值 #2dd4bf #14b8a6 未走 design token（background: linear-gradient(135deg, #2dd4bf 0%, #14b8a6）|主题/品牌色调整需逐文件改，暗色模式不能适配|改用 var(--c-bg-*) （如 --c-bg-container/--c-bg-surface）|open|batch-4|
R4-02182|d:\6\恋爱小程序\apps\client\src\components\discover\CardSwiper.vue|1871|D|P3|<style>硬编码色值 rgba(0, 0, 0, 0.25) 未走 design token（box-shadow: 0 2rpx 10rpx rgba(0, 0, 0, 0.25);）|主题/品牌色调整需逐文件改，暗色模式不能适配|改用 var(--s-*) |open|batch-4|
R4-02183|d:\6\恋爱小程序\apps\client\src\components\discover\CardSwiper.vue|1881|D|P3|<style>硬编码色值 #ffffff 未走 design token（color: #ffffff;）|主题/品牌色调整需逐文件改，暗色模式不能适配|改用 var(--c-text-*) （如 --c-text-primary/--c-text-secondary）|open|batch-4|
R4-02184|d:\6\恋爱小程序\apps\client\src\components\discover\CardSwiper.vue|1886|D|P3|<style>硬编码色值 rgba(255, 255, 255, 0.9) 未走 design token（color: rgba(255, 255, 255, 0.9);）|主题/品牌色调整需逐文件改，暗色模式不能适配|改用 var(--c-text-*) （如 --c-text-primary/--c-text-secondary）|open|batch-4|
R4-02185|d:\6\恋爱小程序\apps\client\src\components\discover\CardSwiper.vue|1895|D|P3|<style>硬编码色值 rgba(255, 255, 255, 0.18) 未走 design token（background: rgba(255, 255, 255, 0.18);）|主题/品牌色调整需逐文件改，暗色模式不能适配|改用 var(--c-bg-*) （如 --c-bg-container/--c-bg-surface）|open|batch-4|
R4-02186|d:\6\恋爱小程序\apps\client\src\components\discover\CardSwiper.vue|1896|D|P3|<style>硬编码色值 rgba(255, 255, 255, 0.25) 未走 design token（border: 1rpx solid rgba(255, 255, 255, 0.25);）|主题/品牌色调整需逐文件改，暗色模式不能适配|改用 var(--c-border-*) （如 --c-border-default）|open|batch-4|
R4-02187|d:\6\恋爱小程序\apps\client\src\components\discover\CardSwiper.vue|1928|D|P3|<style>硬编码色值 #4ade80 未走 design token（background: #4ade80;）|主题/品牌色调整需逐文件改，暗色模式不能适配|改用 var(--c-bg-*) （如 --c-bg-container/--c-bg-surface）|open|batch-4|
R4-02188|d:\6\恋爱小程序\apps\client\src\components\discover\CardSwiper.vue|1984|D|P3|<style>硬编码色值 rgba(255, 255, 255, 0.88) 未走 design token（background: rgba(255, 255, 255, 0.88);）|主题/品牌色调整需逐文件改，暗色模式不能适配|改用 var(--c-bg-*) （如 --c-bg-container/--c-bg-surface）|open|batch-4|
R4-02189|d:\6\恋爱小程序\apps\client\src\components\discover\CardSwiper.vue|1985|D|P3|<style>硬编码色值 #334155 未走 design token（color: #334155;）|主题/品牌色调整需逐文件改，暗色模式不能适配|改用 var(--c-text-*) （如 --c-text-primary/--c-text-secondary）|open|batch-4|
R4-02190|d:\6\恋爱小程序\apps\client\src\components\discover\CardSwiper.vue|2012|D|P3|<style>硬编码色值 #ffffff 未走 design token（color: #ffffff;）|主题/品牌色调整需逐文件改，暗色模式不能适配|改用 var(--c-text-*) （如 --c-text-primary/--c-text-secondary）|open|batch-4|
R4-02191|d:\6\恋爱小程序\apps\client\src\components\discover\CardSwiper.vue|2020|D|P3|<style>硬编码色值 rgba(255, 255, 255, 0.72) 未走 design token（background: rgba(255, 255, 255, 0.72);）|主题/品牌色调整需逐文件改，暗色模式不能适配|改用 var(--c-bg-*) （如 --c-bg-container/--c-bg-surface）|open|batch-4|
R4-02192|d:\6\恋爱小程序\apps\client\src\components\discover\CardSwiper.vue|2021|D|P3|<style>硬编码色值 rgba(255, 255, 255, 0.4) 未走 design token（border-color: rgba(255, 255, 255, 0.4);）|主题/品牌色调整需逐文件改，暗色模式不能适配|改用 var(--c-border-*) （如 --c-border-default）|open|batch-4|
R4-02193|d:\6\恋爱小程序\apps\client\src\components\discover\CardSwiper.vue|2054|D|P3|<style>硬编码色值 rgba(255, 255, 255, 0.14) 未走 design token（background: rgba(255, 255, 255, 0.14);）|主题/品牌色调整需逐文件改，暗色模式不能适配|改用 var(--c-bg-*) （如 --c-bg-container/--c-bg-surface）|open|batch-4|
R4-02194|d:\6\恋爱小程序\apps\client\src\components\discover\CardSwiper.vue|2055|D|P3|<style>硬编码色值 rgba(255, 255, 255, 0.22) 未走 design token（border: 1rpx solid rgba(255, 255, 255, 0.22);）|主题/品牌色调整需逐文件改，暗色模式不能适配|改用 var(--c-border-*) （如 --c-border-default）|open|batch-4|
R4-02195|d:\6\恋爱小程序\apps\client\src\components\discover\CardSwiper.vue|2059|D|P3|<style>硬编码色值 rgba(255, 255, 255, 0.24) 未走 design token（background: rgba(255, 255, 255, 0.24);）|主题/品牌色调整需逐文件改，暗色模式不能适配|改用 var(--c-bg-*) （如 --c-bg-container/--c-bg-surface）|open|batch-4|
R4-02196|d:\6\恋爱小程序\apps\client\src\components\discover\CardSwiper.vue|2124|D|P3|<style>硬编码色值 rgba(255, 255, 255, 0.92) 未走 design token（background: rgba(255, 255, 255, 0.92);）|主题/品牌色调整需逐文件改，暗色模式不能适配|改用 var(--c-bg-*) （如 --c-bg-container/--c-bg-surface）|open|batch-4|
R4-02197|d:\6\恋爱小程序\apps\client\src\components\discover\CardSwiper.vue|2125|D|P3|<style>硬编码色值 #334155 未走 design token（color: #334155;）|主题/品牌色调整需逐文件改，暗色模式不能适配|改用 var(--c-text-*) （如 --c-text-primary/--c-text-secondary）|open|batch-4|
R4-02198|d:\6\恋爱小程序\apps\client\src\components\discover\CardSwiper.vue|2128|D|P3|<style>硬编码色值 rgba(255, 255, 255, 0.6) 未走 design token（border: 1rpx solid rgba(255, 255, 255, 0.6);）|主题/品牌色调整需逐文件改，暗色模式不能适配|改用 var(--c-border-*) （如 --c-border-default）|open|batch-4|
R4-02199|d:\6\恋爱小程序\apps\client\src\components\discover\CardSwiper.vue|2174|D|P3|<style>硬编码色值 rgba(0, 0, 0, 0.12) 未走 design token（box-shadow: 0 4rpx 16rpx rgba(0, 0, 0, 0.12);）|主题/品牌色调整需逐文件改，暗色模式不能适配|改用 var(--s-*) |open|batch-4|
R4-02200|d:\6\恋爱小程序\apps\client\src\components\discover\CardSwiper.vue|2179|D|P3|<style>硬编码色值 rgba(0, 0, 0, 0.08) 未走 design token（box-shadow: 0 2rpx 8rpx rgba(0, 0, 0, 0.08);）|主题/品牌色调整需逐文件改，暗色模式不能适配|改用 var(--s-*) |open|batch-4|
R4-02201|d:\6\恋爱小程序\apps\client\src\components\discover\CardSwiper.vue|2193|D|P3|<style>硬编码色值 rgba(63, 207, 142, 0.4) 未走 design token（box-shadow: 0 8rpx 28rpx rgba(63, 207, 142, 0.4);）|主题/品牌色调整需逐文件改，暗色模式不能适配|改用 var(--s-*) |open|batch-4|
R4-02202|d:\6\恋爱小程序\apps\client\src\components\discover\CardSwiper.vue|2194|D|P3|<style>硬编码色值 rgba(255, 255, 255, 0.85) 未走 design token（border: 3rpx solid rgba(255, 255, 255, 0.85);）|主题/品牌色调整需逐文件改，暗色模式不能适配|改用 var(--c-border-*) （如 --c-border-default）|open|batch-4|
R4-02203|d:\6\恋爱小程序\apps\client\src\components\discover\CardSwiper.vue|2213|D|P3|<style>硬编码色值 #ffffff 未走 design token（color: #ffffff;）|主题/品牌色调整需逐文件改，暗色模式不能适配|改用 var(--c-text-*) （如 --c-text-primary/--c-text-secondary）|open|batch-4|
R4-02204|d:\6\恋爱小程序\apps\client\src\components\discover\CardSwiper.vue|2223|D|P3|<style>硬编码色值 rgba(244, 63, 94, 0.35) 未走 design token（box-shadow: 0 4rpx 20rpx rgba(244, 63, 94, 0.35);）|主题/品牌色调整需逐文件改，暗色模式不能适配|改用 var(--s-*) |open|batch-4|
R4-02205|d:\6\恋爱小程序\apps\client\src\components\discover\CardSwiper.vue|2238|D|P3|<style>硬编码色值 rgba(15, 23, 42, 0.55) 未走 design token（background: rgba(15, 23, 42, 0.55);）|主题/品牌色调整需逐文件改，暗色模式不能适配|改用 var(--c-bg-*) （如 --c-bg-container/--c-bg-surface）|open|batch-4|
R4-02206|d:\6\恋爱小程序\apps\client\src\components\discover\CardSwiper.vue|2249|D|P3|<style>硬编码色值 #ffffff 未走 design token（background: #ffffff;）|主题/品牌色调整需逐文件改，暗色模式不能适配|改用 var(--c-bg-*) （如 --c-bg-container/--c-bg-surface）|open|batch-4|
R4-02207|d:\6\恋爱小程序\apps\client\src\components\discover\CardSwiper.vue|2320|D|P3|<style>硬编码色值 #ffffff 未走 design token（color: #ffffff;）|主题/品牌色调整需逐文件改，暗色模式不能适配|改用 var(--c-text-*) （如 --c-text-primary/--c-text-secondary）|open|batch-4|
R4-02208|d:\6\恋爱小程序\apps\client\src\components\discover\CheckinPopup.vue|193|D|P3|<style>硬编码色值 rgba(15, 23, 42, 0.16) 未走 design token（box-shadow: 0 16rpx 48rpx rgba(15, 23, 42, 0.16);）|主题/品牌色调整需逐文件改，暗色模式不能适配|改用 var(--s-*) |open|batch-4|
R4-02209|d:\6\恋爱小程序\apps\client\src\components\discover\QuickFilterSheet.vue|196|D|P3|<style>硬编码色值 rgba(15, 23, 42, 0.5) 未走 design token（background: rgba(15, 23, 42, 0.5);）|主题/品牌色调整需逐文件改，暗色模式不能适配|改用 var(--c-bg-*) （如 --c-bg-container/--c-bg-surface）|open|batch-4|
R4-02210|d:\6\恋爱小程序\apps\client\src\components\discover\QuickFilterSheet.vue|204|D|P3|<style>硬编码色值 #ffffff 未走 design token（background: #ffffff;）|主题/品牌色调整需逐文件改，暗色模式不能适配|改用 var(--c-bg-*) （如 --c-bg-container/--c-bg-surface）|open|batch-4|
R4-02211|d:\6\恋爱小程序\apps\client\src\components\discover\QuickFilterSheet.vue|272|D|P3|<style>硬编码色值 #ffffff 未走 design token（color: #ffffff;）|主题/品牌色调整需逐文件改，暗色模式不能适配|改用 var(--c-text-*) （如 --c-text-primary/--c-text-secondary）|open|batch-4|
R4-02212|d:\6\恋爱小程序\apps\client\src\components\discover\QuickFilterSheet.vue|388|D|P3|<style>硬编码色值 #ffffff 未走 design token（color: #ffffff;）|主题/品牌色调整需逐文件改，暗色模式不能适配|改用 var(--c-text-*) （如 --c-text-primary/--c-text-secondary）|open|batch-4|
R4-02213|d:\6\恋爱小程序\apps\client\src\components\home\HomeBanner.vue|184|D|P3|<style>硬编码色值 rgba(0, 0, 0, 0) 未走 design token（rgba(0, 0, 0, 0) 40%,）|主题/品牌色调整需逐文件改，暗色模式不能适配|改用 design token |open|batch-4|
R4-02214|d:\6\恋爱小程序\apps\client\src\components\home\HomeBanner.vue|185|D|P3|<style>硬编码色值 rgba(0, 0, 0, 0.55) 未走 design token（rgba(0, 0, 0, 0.55) 100%）|主题/品牌色调整需逐文件改，暗色模式不能适配|改用 design token |open|batch-4|
R4-02215|d:\6\恋爱小程序\apps\client\src\components\home\HomeBanner.vue|208|D|P3|<style>硬编码色值 rgba(0, 0, 0, 0.35) 未走 design token（text-shadow: 0 2rpx 8rpx rgba(0, 0, 0, 0.35);）|主题/品牌色调整需逐文件改，暗色模式不能适配|改用 var(--s-*) |open|batch-4|
R4-02216|d:\6\恋爱小程序\apps\client\src\components\home\HomeBanner.vue|216|D|P3|<style>硬编码色值 rgba(0, 0, 0, 0.35) 未走 design token（text-shadow: 0 1rpx 4rpx rgba(0, 0, 0, 0.35);）|主题/品牌色调整需逐文件改，暗色模式不能适配|改用 var(--s-*) |open|batch-4|
R4-02217|d:\6\恋爱小程序\apps\client\src\components\login\LoginLogo.vue|72|D|P3|<style>硬编码色值 rgba(0, 0, 0, 0.25) 未走 design token（text-shadow: 0 2rpx 12rpx rgba(0, 0, 0, 0.25);）|主题/品牌色调整需逐文件改，暗色模式不能适配|改用 var(--s-*) |open|batch-4|
R4-02218|d:\6\恋爱小程序\apps\client\src\components\village\ChannelComposerBar.vue|88|D|P3|<style>硬编码色值 rgba(0, 0, 0, 0.04) 未走 design token（box-shadow: 0 -8rpx 24rpx rgba(0, 0, 0, 0.04);）|主题/品牌色调整需逐文件改，暗色模式不能适配|改用 var(--s-*) |open|batch-4|
R4-02219|d:\6\恋爱小程序\apps\client\src\components\village\HotTopicsSection.vue|198|D|P3|<style>硬编码色值 rgba(0, 0, 0, 0.55) rgba(0, 0, 0, 0) 未走 design token（background: linear-gradient(to top, rgba(0, 0, 0, 0.55)）|主题/品牌色调整需逐文件改，暗色模式不能适配|改用 var(--c-bg-*) （如 --c-bg-container/--c-bg-surface）|open|batch-4|
R4-02220|d:\6\恋爱小程序\apps\client\src\components\village\HotTopicsSection.vue|207|D|P3|<style>硬编码色值 #ffffff 未走 design token（color: #ffffff;）|主题/品牌色调整需逐文件改，暗色模式不能适配|改用 var(--c-text-*) （如 --c-text-primary/--c-text-secondary）|open|batch-4|
R4-02221|d:\6\恋爱小程序\apps\client\src\components\village\HotTopicsSection.vue|212|D|P3|<style>硬编码色值 rgba(255, 255, 255, 0.85) 未走 design token（color: rgba(255, 255, 255, 0.85);）|主题/品牌色调整需逐文件改，暗色模式不能适配|改用 var(--c-text-*) （如 --c-text-primary/--c-text-secondary）|open|batch-4|
R4-02222|d:\6\恋爱小程序\apps\client\src\components\village\PostCard.vue|480|D|P3|<style>硬编码色值 rgba(0, 0, 0, 0.45) 未走 design token（background: rgba(0, 0, 0, 0.45);）|主题/品牌色调整需逐文件改，暗色模式不能适配|改用 var(--c-bg-*) （如 --c-bg-container/--c-bg-surface）|open|batch-4|
R4-02223|d:\6\恋爱小程序\apps\client\src\pages\activities\detail.vue|580|D|P3|<style>硬编码色值 rgba(0, 0, 0, 0.06) 未走 design token（box-shadow: 0 -4rpx 20rpx rgba(0, 0, 0, 0.06);）|主题/品牌色调整需逐文件改，暗色模式不能适配|改用 var(--s-*) |open|batch-4|
R4-02224|d:\6\恋爱小程序\apps\client\src\pages\campus\index.vue|377|D|P3|<style>SCSS 变量未映射 CSS token 未走 design token（background: $white;）|主题/品牌色调整需逐文件改，暗色模式不能适配|改用 var(--c-bg-*) （如 --c-bg-container/--c-bg-surface）|open|batch-4|
R4-02225|d:\6\恋爱小程序\apps\client\src\pages\campus\index.vue|481|D|P3|<style>SCSS 变量未映射 CSS token 未走 design token（background: $white;）|主题/品牌色调整需逐文件改，暗色模式不能适配|改用 var(--c-bg-*) （如 --c-bg-container/--c-bg-surface）|open|batch-4|
R4-02226|d:\6\恋爱小程序\apps\client\src\pages\campus\post-topic.vue|398|D|P3|<style>SCSS 变量未映射 CSS token 未走 design token（background: $white;）|主题/品牌色调整需逐文件改，暗色模式不能适配|改用 var(--c-bg-*) （如 --c-bg-container/--c-bg-surface）|open|batch-4|
R4-02227|d:\6\恋爱小程序\apps\client\src\pages\campus\post-topic.vue|454|D|P3|<style>SCSS 变量未映射 CSS token 未走 design token（background: $white;）|主题/品牌色调整需逐文件改，暗色模式不能适配|改用 var(--c-bg-*) （如 --c-bg-container/--c-bg-surface）|open|batch-4|
R4-02228|d:\6\恋爱小程序\apps\client\src\pages\campus\post-topic.vue|473|D|P3|<style>SCSS 变量未映射 CSS token 未走 design token（background: $white;）|主题/品牌色调整需逐文件改，暗色模式不能适配|改用 var(--c-bg-*) （如 --c-bg-container/--c-bg-surface）|open|batch-4|
R4-02229|d:\6\恋爱小程序\apps\client\src\pages\campus\post-topic.vue|479|D|P3|<style>SCSS 变量未映射 CSS token 未走 design token（background: $white;）|主题/品牌色调整需逐文件改，暗色模式不能适配|改用 var(--c-bg-*) （如 --c-bg-container/--c-bg-surface）|open|batch-4|
R4-02230|d:\6\恋爱小程序\apps\client\src\pages\campus\post-topic.vue|501|D|P3|<style>SCSS 变量未映射 CSS token 未走 design token（background: $white;）|主题/品牌色调整需逐文件改，暗色模式不能适配|改用 var(--c-bg-*) （如 --c-bg-container/--c-bg-surface）|open|batch-4|
R4-02231|d:\6\恋爱小程序\apps\client\src\pages\campus\post-topic.vue|519|D|P3|<style>SCSS 变量未映射 CSS token 未走 design token（background: $white;）|主题/品牌色调整需逐文件改，暗色模式不能适配|改用 var(--c-bg-*) （如 --c-bg-container/--c-bg-surface）|open|batch-4|
R4-02232|d:\6\恋爱小程序\apps\client\src\pages\campus\post-topic.vue|528|D|P3|<style>SCSS 变量未映射 CSS token 未走 design token（background: $white;）|主题/品牌色调整需逐文件改，暗色模式不能适配|改用 var(--c-bg-*) （如 --c-bg-container/--c-bg-surface）|open|batch-4|
R4-02233|d:\6\恋爱小程序\apps\client\src\pages\campus\topic-detail.vue|381|D|P3|<style>SCSS 变量未映射 CSS token 未走 design token（background: $white;）|主题/品牌色调整需逐文件改，暗色模式不能适配|改用 var(--c-bg-*) （如 --c-bg-container/--c-bg-surface）|open|batch-4|
R4-02234|d:\6\恋爱小程序\apps\client\src\pages\campus\topic-detail.vue|444|D|P3|<style>SCSS 变量未映射 CSS token 未走 design token（background: $white;）|主题/品牌色调整需逐文件改，暗色模式不能适配|改用 var(--c-bg-*) （如 --c-bg-container/--c-bg-surface）|open|batch-4|
R4-02235|d:\6\恋爱小程序\apps\client\src\pages\campus\topic-detail.vue|469|D|P3|<style>SCSS 变量未映射 CSS token 未走 design token（background: $white;）|主题/品牌色调整需逐文件改，暗色模式不能适配|改用 var(--c-bg-*) （如 --c-bg-container/--c-bg-surface）|open|batch-4|
R4-02236|d:\6\恋爱小程序\apps\client\src\pages\campus\topic-detail.vue|654|D|P3|<style>SCSS 变量未映射 CSS token 未走 design token（background: $white;）|主题/品牌色调整需逐文件改，暗色模式不能适配|改用 var(--c-bg-*) （如 --c-bg-container/--c-bg-surface）|open|batch-4|
R4-02237|d:\6\恋爱小程序\apps\client\src\pages\campus\topic-detail.vue|674|D|P3|<style>SCSS 变量未映射 CSS token 未走 design token（background: $white;）|主题/品牌色调整需逐文件改，暗色模式不能适配|改用 var(--c-bg-*) （如 --c-bg-container/--c-bg-surface）|open|batch-4|
R4-02238|d:\6\恋爱小程序\apps\client\src\pages\chat\index.vue|478|D|P3|<style>硬编码色值 rgba(255, 255, 255, 0.9) 未走 design token（background: rgba(255, 255, 255, 0.9);）|主题/品牌色调整需逐文件改，暗色模式不能适配|改用 var(--c-bg-*) （如 --c-bg-container/--c-bg-surface）|open|batch-4|
R4-02239|d:\6\恋爱小程序\apps\client\src\pages\chat\index.vue|482|D|P3|<style>硬编码色值 rgba(15, 23, 42, 0.12) 未走 design token（box-shadow: 0 2rpx 8rpx rgba(15, 23, 42, 0.12);）|主题/品牌色调整需逐文件改，暗色模式不能适配|改用 var(--s-*) |open|batch-4|
R4-02240|d:\6\恋爱小程序\apps\client\src\pages\circles\post-topic.vue|732|D|P3|<style>SCSS 变量未映射 CSS token 未走 design token（background: $white;）|主题/品牌色调整需逐文件改，暗色模式不能适配|改用 var(--c-bg-*) （如 --c-bg-container/--c-bg-surface）|open|batch-4|
R4-02241|d:\6\恋爱小程序\apps\client\src\pages\circles\post-topic.vue|751|D|P3|<style>SCSS 变量未映射 CSS token 未走 design token（background: $white;）|主题/品牌色调整需逐文件改，暗色模式不能适配|改用 var(--c-bg-*) （如 --c-bg-container/--c-bg-surface）|open|batch-4|
R4-02242|d:\6\恋爱小程序\apps\client\src\pages\circles\post-topic.vue|757|D|P3|<style>SCSS 变量未映射 CSS token 未走 design token（background: $white;）|主题/品牌色调整需逐文件改，暗色模式不能适配|改用 var(--c-bg-*) （如 --c-bg-container/--c-bg-surface）|open|batch-4|
R4-02243|d:\6\恋爱小程序\apps\client\src\pages\circles\post-topic.vue|779|D|P3|<style>SCSS 变量未映射 CSS token 未走 design token（background: $white;）|主题/品牌色调整需逐文件改，暗色模式不能适配|改用 var(--c-bg-*) （如 --c-bg-container/--c-bg-surface）|open|batch-4|
R4-02244|d:\6\恋爱小程序\apps\client\src\pages\circles\post-topic.vue|797|D|P3|<style>SCSS 变量未映射 CSS token 未走 design token（background: $white;）|主题/品牌色调整需逐文件改，暗色模式不能适配|改用 var(--c-bg-*) （如 --c-bg-container/--c-bg-surface）|open|batch-4|
R4-02245|d:\6\恋爱小程序\apps\client\src\pages\circles\post-topic.vue|883|D|P3|<style>SCSS 变量未映射 CSS token 未走 design token（background: $white;）|主题/品牌色调整需逐文件改，暗色模式不能适配|改用 var(--c-bg-*) （如 --c-bg-container/--c-bg-surface）|open|batch-4|
R4-02246|d:\6\恋爱小程序\apps\client\src\pages\circles\post-topic.vue|941|D|P3|<style>SCSS 变量未映射 CSS token 未走 design token（background: $white;）|主题/品牌色调整需逐文件改，暗色模式不能适配|改用 var(--c-bg-*) （如 --c-bg-container/--c-bg-surface）|open|batch-4|
R4-02247|d:\6\恋爱小程序\apps\client\src\pages\circles\post-topic.vue|969|D|P3|<style>SCSS 变量未映射 CSS token 未走 design token（background: $white;）|主题/品牌色调整需逐文件改，暗色模式不能适配|改用 var(--c-bg-*) （如 --c-bg-container/--c-bg-surface）|open|batch-4|
R4-02248|d:\6\恋爱小程序\apps\client\src\pages\dev\index.vue|291|D|P3|<style>SCSS 变量未映射 CSS token 未走 design token（color: $white;）|主题/品牌色调整需逐文件改，暗色模式不能适配|改用 var(--c-text-*) （如 --c-text-primary/--c-text-secondary）|open|batch-4|
R4-02249|d:\6\恋爱小程序\apps\client\src\pages\dev\index.vue|299|D|P3|<style>SCSS 变量未映射 CSS token 未走 design token（color: $white;）|主题/品牌色调整需逐文件改，暗色模式不能适配|改用 var(--c-text-*) （如 --c-text-primary/--c-text-secondary）|open|batch-4|
R4-02250|d:\6\恋爱小程序\apps\client\src\pages\dev\index.vue|318|D|P3|<style>SCSS 变量未映射 CSS token 未走 design token（color: $white;）|主题/品牌色调整需逐文件改，暗色模式不能适配|改用 var(--c-text-*) （如 --c-text-primary/--c-text-secondary）|open|batch-4|
R4-02251|d:\6\恋爱小程序\apps\client\src\pages\dev\index.vue|366|D|P3|<style>SCSS 变量未映射 CSS token 未走 design token（background: $white;）|主题/品牌色调整需逐文件改，暗色模式不能适配|改用 var(--c-bg-*) （如 --c-bg-container/--c-bg-surface）|open|batch-4|
R4-02252|d:\6\恋爱小程序\apps\client\src\pages\dev\index.vue|392|D|P3|<style>SCSS 变量未映射 CSS token 未走 design token（background: linear-gradient(90deg, $green-light 0%, $wh）|主题/品牌色调整需逐文件改，暗色模式不能适配|改用 var(--c-bg-*) （如 --c-bg-container/--c-bg-surface）|open|batch-4|
R4-02253|d:\6\恋爱小程序\apps\client\src\pages\discover\history.vue|269|D|P3|<style>SCSS 变量未映射 CSS token 未走 design token（background-color: $white;）|主题/品牌色调整需逐文件改，暗色模式不能适配|改用 var(--c-bg-*) （如 --c-bg-container/--c-bg-surface）|open|batch-4|
R4-02254|d:\6\恋爱小程序\apps\client\src\pages\discover\history.vue|312|D|P3|<style>SCSS 变量未映射 CSS token 未走 design token（background-color: $white;）|主题/品牌色调整需逐文件改，暗色模式不能适配|改用 var(--c-bg-*) （如 --c-bg-container/--c-bg-surface）|open|batch-4|
R4-02255|d:\6\恋爱小程序\apps\client\src\pages\discover\history.vue|353|D|P3|<style>SCSS 变量未映射 CSS token 未走 design token（background-color: $white;）|主题/品牌色调整需逐文件改，暗色模式不能适配|改用 var(--c-bg-*) （如 --c-bg-container/--c-bg-surface）|open|batch-4|
R4-02256|d:\6\恋爱小程序\apps\client\src\pages\discover\history.vue|483|D|P3|<style>SCSS 变量未映射 CSS token 未走 design token（color: $white;）|主题/品牌色调整需逐文件改，暗色模式不能适配|改用 var(--c-text-*) （如 --c-text-primary/--c-text-secondary）|open|batch-4|
R4-02257|d:\6\恋爱小程序\apps\client\src\pages\discover\history.vue|489|D|P3|<style>SCSS 变量未映射 CSS token 未走 design token（color: $white;）|主题/品牌色调整需逐文件改，暗色模式不能适配|改用 var(--c-text-*) （如 --c-text-primary/--c-text-secondary）|open|batch-4|
R4-02258|d:\6\恋爱小程序\apps\client\src\pages\likes-visitors\index.vue|494|D|P3|<style>硬编码色值 rgba(255, 255, 255, 0.35) 未走 design token（background: rgba(255, 255, 255, 0.35);）|主题/品牌色调整需逐文件改，暗色模式不能适配|改用 var(--c-bg-*) （如 --c-bg-container/--c-bg-surface）|open|batch-4|
R4-02259|d:\6\恋爱小程序\apps\client\src\pages\likes\index.vue|1155|D|P3|<style>硬编码色值 rgba(15, 23, 42, 0.72) 未走 design token（background: rgba(15, 23, 42, 0.72);）|主题/品牌色调整需逐文件改，暗色模式不能适配|改用 var(--c-bg-*) （如 --c-bg-container/--c-bg-surface）|open|batch-4|
R4-02260|d:\6\恋爱小程序\apps\client\src\pages\likes\index.vue|1374|D|P3|<style>硬编码色值 rgba(0, 0, 0, 0.08) 未走 design token（box-shadow: 0 -8rpx 32rpx rgba(0, 0, 0, 0.08);）|主题/品牌色调整需逐文件改，暗色模式不能适配|改用 var(--s-*) |open|batch-4|
R4-02261|d:\6\恋爱小程序\apps\client\src\pages\likes\index.vue|1391|D|P3|<style>硬编码色值 #ffffff 未走 design token（color: #ffffff;）|主题/品牌色调整需逐文件改，暗色模式不能适配|改用 var(--c-text-*) （如 --c-text-primary/--c-text-secondary）|open|batch-4|
R4-02262|d:\6\恋爱小程序\apps\client\src\pages\login\index.vue|690|D|P3|<style>硬编码色值 rgba(255,255,255,0) rgba(255,255,255,0.95) 未走 design token（background: linear-gradient(180deg, rgba(255,255,255,0)）|主题/品牌色调整需逐文件改，暗色模式不能适配|改用 var(--c-bg-*) （如 --c-bg-container/--c-bg-surface）|open|batch-4|
R4-02263|d:\6\恋爱小程序\apps\client\src\pages\login\index.vue|983|D|P3|<style>硬编码色值 rgba(59, 157, 229, 0.12) rgba(124, 108, 240, 0.12) 未走 design token（background: linear-gradient(135deg, rgba(59, 157, 229, ）|主题/品牌色调整需逐文件改，暗色模式不能适配|改用 var(--c-bg-*) （如 --c-bg-container/--c-bg-surface）|open|batch-4|
R4-02264|d:\6\恋爱小程序\apps\client\src\pages\login\index.vue|984|D|P3|<style>硬编码色值 rgba(59, 157, 229, 0.35) 未走 design token（border: 2rpx solid rgba(59, 157, 229, 0.35);）|主题/品牌色调整需逐文件改，暗色模式不能适配|改用 var(--c-border-*) （如 --c-border-default）|open|batch-4|
R4-02265|d:\6\恋爱小程序\apps\client\src\pages\login\index.vue|992|D|P3|<style>硬编码色值 #3B9DE5 #7C6CF0 未走 design token（background: linear-gradient(135deg, #3B9DE5, #7C6CF0);）|主题/品牌色调整需逐文件改，暗色模式不能适配|改用 var(--c-bg-*) （如 --c-bg-container/--c-bg-surface）|open|batch-4|
R4-02266|d:\6\恋爱小程序\apps\client\src\pages\login\index.vue|1002|D|P3|<style>硬编码色值 #fff 未走 design token（color: #fff;）|主题/品牌色调整需逐文件改，暗色模式不能适配|改用 var(--c-text-*) （如 --c-text-primary/--c-text-secondary）|open|batch-4|
R4-02267|d:\6\恋爱小程序\apps\client\src\pages\login\index.vue|1026|D|P3|<style>硬编码色值 #3B9DE5 未走 design token（color: #3B9DE5;）|主题/品牌色调整需逐文件改，暗色模式不能适配|改用 var(--c-text-*) （如 --c-text-primary/--c-text-secondary）|open|batch-4|
R4-02268|d:\6\恋爱小程序\apps\client\src\pages\profile\index.vue|1971|D|P3|<style>硬编码色值 rgba(15, 23, 42, 0) rgba(15, 23, 42, 0.32) 未走 design token（background: linear-gradient(180deg, rgba(15, 23, 42, 0)）|主题/品牌色调整需逐文件改，暗色模式不能适配|改用 var(--c-bg-*) （如 --c-bg-container/--c-bg-surface）|open|batch-4|
R4-02269|d:\6\恋爱小程序\apps\client\src\pages\profile\index.vue|2168|D|P3|<style>硬编码色值 rgba(255, 255, 255, 0.35) 未走 design token（border: 4rpx solid rgba(255, 255, 255, 0.35);）|主题/品牌色调整需逐文件改，暗色模式不能适配|改用 var(--c-border-*) （如 --c-border-default）|open|batch-4|
R4-02270|d:\6\恋爱小程序\apps\client\src\pages\profile\index.vue|2169|D|P3|<style>硬编码色值 #ffffff 未走 design token（border-top-color: #ffffff;）|主题/品牌色调整需逐文件改，暗色模式不能适配|改用 var(--c-border-*) （如 --c-border-default）|open|batch-4|
R4-02271|d:\6\恋爱小程序\apps\client\src\pages\profile\index.vue|2383|D|P3|<style>硬编码色值 #ffffff 未走 design token（color: #ffffff;）|主题/品牌色调整需逐文件改，暗色模式不能适配|改用 var(--c-text-*) （如 --c-text-primary/--c-text-secondary）|open|batch-4|
R4-02272|d:\6\恋爱小程序\apps\client\src\pages\profile\index.vue|2558|D|P3|<style>硬编码色值 rgba(244, 63, 94, 0.35) 未走 design token（0%, 100% { box-shadow: 0 0 0 0 rgba(244, 63, 94, 0.35);）|主题/品牌色调整需逐文件改，暗色模式不能适配|改用 var(--s-*) |open|batch-4|
R4-02273|d:\6\恋爱小程序\apps\client\src\pages\profile\index.vue|2559|D|P3|<style>硬编码色值 rgba(244, 63, 94, 0) 未走 design token（50% { box-shadow: 0 0 0 12rpx rgba(244, 63, 94, 0); }）|主题/品牌色调整需逐文件改，暗色模式不能适配|改用 var(--s-*) |open|batch-4|
R4-02274|d:\6\恋爱小程序\apps\client\src\pages\security\index.vue|454|D|P3|<style>硬编码色值 rgba(0, 0, 0, 0.45) 未走 design token（background: rgba(0, 0, 0, 0.45);）|主题/品牌色调整需逐文件改，暗色模式不能适配|改用 var(--c-bg-*) （如 --c-bg-container/--c-bg-surface）|open|batch-4|
R4-02275|d:\6\恋爱小程序\apps\client\src\pages\shop\index.vue|257|D|P3|<style>SCSS 变量未映射 CSS token 未走 design token（color: $white;）|主题/品牌色调整需逐文件改，暗色模式不能适配|改用 var(--c-text-*) （如 --c-text-primary/--c-text-secondary）|open|batch-4|
R4-02276|d:\6\恋爱小程序\apps\client\src\pages\shop\index.vue|263|D|P3|<style>SCSS 变量未映射 CSS token 未走 design token（color: $white;）|主题/品牌色调整需逐文件改，暗色模式不能适配|改用 var(--c-text-*) （如 --c-text-primary/--c-text-secondary）|open|batch-4|
R4-02277|d:\6\恋爱小程序\apps\client\src\pages\shop\index.vue|276|D|P3|<style>SCSS 变量未映射 CSS token 未走 design token（color: $white;）|主题/品牌色调整需逐文件改，暗色模式不能适配|改用 var(--c-text-*) （如 --c-text-primary/--c-text-secondary）|open|batch-4|
R4-02278|d:\6\恋爱小程序\apps\client\src\pages\shop\index.vue|283|D|P3|<style>硬编码色值 rgba(255, 255, 255, 0.85) 未走 design token（color: rgba(255, 255, 255, 0.85);）|主题/品牌色调整需逐文件改，暗色模式不能适配|改用 var(--c-text-*) （如 --c-text-primary/--c-text-secondary）|open|batch-4|
R4-02279|d:\6\恋爱小程序\apps\client\src\pages\shop\index.vue|306|D|P3|<style>SCSS 变量未映射 CSS token 未走 design token（background: $white;）|主题/品牌色调整需逐文件改，暗色模式不能适配|改用 var(--c-bg-*) （如 --c-bg-container/--c-bg-surface）|open|batch-4|
R4-02280|d:\6\恋爱小程序\apps\client\src\pages\shop\index.vue|331|D|P3|<style>SCSS 变量未映射 CSS token 未走 design token（color: $white;）|主题/品牌色调整需逐文件改，暗色模式不能适配|改用 var(--c-text-*) （如 --c-text-primary/--c-text-secondary）|open|batch-4|
R4-02281|d:\6\恋爱小程序\apps\client\src\pages\shop\index.vue|351|D|P3|<style>SCSS 变量未映射 CSS token 未走 design token（background: $white;）|主题/品牌色调整需逐文件改，暗色模式不能适配|改用 var(--c-bg-*) （如 --c-bg-container/--c-bg-surface）|open|batch-4|
R4-02282|d:\6\恋爱小程序\apps\client\src\pages\shop\index.vue|390|D|P3|<style>SCSS 变量未映射 CSS token 未走 design token（color: $white;）|主题/品牌色调整需逐文件改，暗色模式不能适配|改用 var(--c-text-*) （如 --c-text-primary/--c-text-secondary）|open|batch-4|
R4-02283|d:\6\恋爱小程序\apps\client\src\pages\showcase\index.vue|287|D|P3|<style>硬编码色值 #3B9DE5 #5BC0DE 未走 design token（background: linear-gradient(135deg, #3B9DE5 0%, #5BC0DE）|主题/品牌色调整需逐文件改，暗色模式不能适配|改用 var(--c-bg-*) （如 --c-bg-container/--c-bg-surface）|open|batch-4|
R4-02284|d:\6\恋爱小程序\apps\client\src\pages\showcase\index.vue|305|D|P3|<style>SCSS 变量未映射 CSS token 未走 design token（color: $white;）|主题/品牌色调整需逐文件改，暗色模式不能适配|改用 var(--c-text-*) （如 --c-text-primary/--c-text-secondary）|open|batch-4|
R4-02285|d:\6\恋爱小程序\apps\client\src\pages\showcase\index.vue|319|D|P3|<style>SCSS 变量未映射 CSS token 未走 design token（color: $white;）|主题/品牌色调整需逐文件改，暗色模式不能适配|改用 var(--c-text-*) （如 --c-text-primary/--c-text-secondary）|open|batch-4|
R4-02286|d:\6\恋爱小程序\apps\client\src\pages\showcase\index.vue|338|D|P3|<style>SCSS 变量未映射 CSS token 未走 design token（color: $white;）|主题/品牌色调整需逐文件改，暗色模式不能适配|改用 var(--c-text-*) （如 --c-text-primary/--c-text-secondary）|open|batch-4|
R4-02287|d:\6\恋爱小程序\apps\client\src\pages\showcase\index.vue|359|D|P3|<style>硬编码色值 #F59E0B 未走 design token（background: #F59E0B;）|主题/品牌色调整需逐文件改，暗色模式不能适配|改用 var(--c-bg-*) （如 --c-bg-container/--c-bg-surface）|open|batch-4|
R4-02288|d:\6\恋爱小程序\apps\client\src\pages\showcase\index.vue|374|D|P3|<style>硬编码色值 #B45309 未走 design token（color: #B45309;）|主题/品牌色调整需逐文件改，暗色模式不能适配|改用 var(--c-text-*) （如 --c-text-primary/--c-text-secondary）|open|batch-4|
R4-02289|d:\6\恋爱小程序\apps\client\src\pages\showcase\index.vue|380|D|P3|<style>硬编码色值 #92400E 未走 design token（color: #92400E;）|主题/品牌色调整需逐文件改，暗色模式不能适配|改用 var(--c-text-*) （如 --c-text-primary/--c-text-secondary）|open|batch-4|
R4-02290|d:\6\恋爱小程序\apps\client\src\pages\showcase\index.vue|448|D|P3|<style>硬编码色值 #3B9DE5 未走 design token（border-left: 6rpx solid #3B9DE5;）|主题/品牌色调整需逐文件改，暗色模式不能适配|改用 var(--c-border-*) （如 --c-border-default）|open|batch-4|
R4-02291|d:\6\恋爱小程序\apps\client\src\pages\showcase\index.vue|489|D|P3|<style>硬编码色值 #3B9DE5 未走 design token（color: #3B9DE5;）|主题/品牌色调整需逐文件改，暗色模式不能适配|改用 var(--c-text-*) （如 --c-text-primary/--c-text-secondary）|open|batch-4|
R4-02292|d:\6\恋爱小程序\apps\client\src\pages\village\detail.vue|1140|D|P3|<style>SCSS 变量未映射 CSS token 未走 design token（color: $white;）|主题/品牌色调整需逐文件改，暗色模式不能适配|改用 var(--c-text-*) （如 --c-text-primary/--c-text-secondary）|open|batch-4|
R4-02293|d:\6\恋爱小程序\apps\client\src\pages\village\detail.vue|1147|D|P3|<style>SCSS 变量未映射 CSS token 未走 design token（color: $white;）|主题/品牌色调整需逐文件改，暗色模式不能适配|改用 var(--c-text-*) （如 --c-text-primary/--c-text-secondary）|open|batch-4|
R4-02294|d:\6\恋爱小程序\apps\client\src\pages\village\detail.vue|1163|D|P3|<style>SCSS 变量未映射 CSS token 未走 design token（background: $white;）|主题/品牌色调整需逐文件改，暗色模式不能适配|改用 var(--c-bg-*) （如 --c-bg-container/--c-bg-surface）|open|batch-4|
R4-02295|d:\6\恋爱小程序\apps\client\src\pages\village\detail.vue|1218|D|P3|<style>SCSS 变量未映射 CSS token 未走 design token（border: 2rpx solid $white;）|主题/品牌色调整需逐文件改，暗色模式不能适配|改用 var(--c-border-*) （如 --c-border-default）|open|batch-4|
R4-02296|d:\6\恋爱小程序\apps\client\src\pages\village\detail.vue|1431|D|P3|<style>SCSS 变量未映射 CSS token 未走 design token（background: $white;）|主题/品牌色调整需逐文件改，暗色模式不能适配|改用 var(--c-bg-*) （如 --c-bg-container/--c-bg-surface）|open|batch-4|
R4-02297|d:\6\恋爱小程序\apps\client\src\pages\village\detail.vue|1525|D|P3|<style>SCSS 变量未映射 CSS token 未走 design token（background: $white;）|主题/品牌色调整需逐文件改，暗色模式不能适配|改用 var(--c-bg-*) （如 --c-bg-container/--c-bg-surface）|open|batch-4|
R4-02298|d:\6\恋爱小程序\apps\client\src\pages\village\detail.vue|1536|D|P3|<style>SCSS 变量未映射 CSS token 未走 design token（background: $white;）|主题/品牌色调整需逐文件改，暗色模式不能适配|改用 var(--c-bg-*) （如 --c-bg-container/--c-bg-surface）|open|batch-4|
R4-02299|d:\6\恋爱小程序\apps\client\src\pages\village\detail.vue|1627|D|P3|<style>SCSS 变量未映射 CSS token 未走 design token（border: 2rpx solid $white;）|主题/品牌色调整需逐文件改，暗色模式不能适配|改用 var(--c-border-*) （如 --c-border-default）|open|batch-4|
R4-02300|d:\6\恋爱小程序\apps\client\src\pages\village\detail.vue|1713|D|P3|<style>SCSS 变量未映射 CSS token 未走 design token（background: $white;）|主题/品牌色调整需逐文件改，暗色模式不能适配|改用 var(--c-bg-*) （如 --c-bg-container/--c-bg-surface）|open|batch-4|
R4-02301|d:\6\恋爱小程序\apps\client\src\pages\village\detail.vue|1898|D|P3|<style>SCSS 变量未映射 CSS token 未走 design token（background: $white;）|主题/品牌色调整需逐文件改，暗色模式不能适配|改用 var(--c-bg-*) （如 --c-bg-container/--c-bg-surface）|open|batch-4|
R4-02302|d:\6\恋爱小程序\apps\client\src\pages\village\detail.vue|2008|D|P3|<style>SCSS 变量未映射 CSS token 未走 design token（background: $white;）|主题/品牌色调整需逐文件改，暗色模式不能适配|改用 var(--c-bg-*) （如 --c-bg-container/--c-bg-surface）|open|batch-4|
R4-02303|d:\6\恋爱小程序\apps\client\src\pages\village\detail.vue|2023|D|P3|<style>SCSS 变量未映射 CSS token 未走 design token（background: $white;）|主题/品牌色调整需逐文件改，暗色模式不能适配|改用 var(--c-bg-*) （如 --c-bg-container/--c-bg-surface）|open|batch-4|
R4-02304|d:\6\恋爱小程序\apps\client\src\pages\village\detail.vue|2107|D|P3|<style>SCSS 变量未映射 CSS token 未走 design token（background: $white;）|主题/品牌色调整需逐文件改，暗色模式不能适配|改用 var(--c-bg-*) （如 --c-bg-container/--c-bg-surface）|open|batch-4|
R4-02305|d:\6\恋爱小程序\apps\client\src\pages\village\detail.vue|2184|D|P3|<style>SCSS 变量未映射 CSS token 未走 design token（background: $white;）|主题/品牌色调整需逐文件改，暗色模式不能适配|改用 var(--c-bg-*) （如 --c-bg-container/--c-bg-surface）|open|batch-4|
R4-02306|d:\6\恋爱小程序\apps\client\src\pages\village\history.vue|261|D|P3|<style>硬编码色值 rgba(255, 77, 109, 0.1) 未走 design token（background: rgba(255, 77, 109, 0.1);）|主题/品牌色调整需逐文件改，暗色模式不能适配|改用 var(--c-bg-*) （如 --c-bg-container/--c-bg-surface）|open|batch-4|
R4-02307|d:\6\恋爱小程序\apps\client\src\pages\village\history.vue|266|D|P3|<style>硬编码色值 #ff4d6d 未走 design token（color: #ff4d6d;）|主题/品牌色调整需逐文件改，暗色模式不能适配|改用 var(--c-text-*) （如 --c-text-primary/--c-text-secondary）|open|batch-4|
R4-02308|d:\6\恋爱小程序\apps\client\src\pages\village\history.vue|286|D|P3|<style>硬编码色值 rgba(0, 0, 0, 0.08) 未走 design token（border: 4rpx solid rgba(0, 0, 0, 0.08);）|主题/品牌色调整需逐文件改，暗色模式不能适配|改用 var(--c-border-*) （如 --c-border-default）|open|batch-4|
R4-02309|d:\6\恋爱小程序\apps\client\src\pages\village\history.vue|287|D|P3|<style>硬编码色值 #ff4d6d 未走 design token（border-top-color: #ff4d6d;）|主题/品牌色调整需逐文件改，暗色模式不能适配|改用 var(--c-border-*) （如 --c-border-default）|open|batch-4|
R4-02310|d:\6\恋爱小程序\apps\client\src\pages\village\history.vue|317|D|P3|<style>硬编码色值 #f0f0f2 未走 design token（background: #f0f0f2;）|主题/品牌色调整需逐文件改，暗色模式不能适配|改用 var(--c-bg-*) （如 --c-bg-container/--c-bg-surface）|open|batch-4|
R4-02311|d:\6\恋爱小程序\apps\client\src\pages\village\history.vue|332|D|P3|<style>硬编码色值 #fff 未走 design token（color: #fff;）|主题/品牌色调整需逐文件改，暗色模式不能适配|改用 var(--c-text-*) （如 --c-text-primary/--c-text-secondary）|open|batch-4|
R4-02312|d:\6\恋爱小程序\apps\client\src\pages\village\history.vue|333|D|P3|<style>硬编码色值 #ff9a9e #ff4d6d 未走 design token（background: linear-gradient(135deg, #ff9a9e, #ff4d6d);）|主题/品牌色调整需逐文件改，暗色模式不能适配|改用 var(--c-bg-*) （如 --c-bg-container/--c-bg-surface）|open|batch-4|
R4-02313|d:\6\恋爱小程序\apps\client\src\pages\village\history.vue|413|D|P3|<style>硬编码色值 rgba(0, 0, 0, 0.45) 未走 design token（background: rgba(0, 0, 0, 0.45);）|主题/品牌色调整需逐文件改，暗色模式不能适配|改用 var(--c-bg-*) （如 --c-bg-container/--c-bg-surface）|open|batch-4|
R4-02314|d:\6\恋爱小程序\apps\client\src\pages\village\history.vue|454|D|P3|<style>硬编码色值 #f0f0f2 未走 design token（background: #f0f0f2;）|主题/品牌色调整需逐文件改，暗色模式不能适配|改用 var(--c-bg-*) （如 --c-bg-container/--c-bg-surface）|open|batch-4|
R4-02315|d:\6\恋爱小程序\apps\client\src\pages\village\history.vue|459|D|P3|<style>硬编码色值 #ff4d6d 未走 design token（background: #ff4d6d;）|主题/品牌色调整需逐文件改，暗色模式不能适配|改用 var(--c-bg-*) （如 --c-bg-container/--c-bg-surface）|open|batch-4|
R4-02316|d:\6\恋爱小程序\apps\client\src\pages\village\history.vue|460|D|P3|<style>硬编码色值 #fff 未走 design token（color: #fff;）|主题/品牌色调整需逐文件改，暗色模式不能适配|改用 var(--c-text-*) （如 --c-text-primary/--c-text-secondary）|open|batch-4|
R4-02317|d:\6\恋爱小程序\apps\client\src\pages\village\post.vue|678|D|P3|<style>SCSS 变量未映射 CSS token 未走 design token（background: $white;）|主题/品牌色调整需逐文件改，暗色模式不能适配|改用 var(--c-bg-*) （如 --c-bg-container/--c-bg-surface）|open|batch-4|
R4-02318|d:\6\恋爱小程序\apps\client\src\pages\village\post.vue|732|D|P3|<style>SCSS 变量未映射 CSS token 未走 design token（background: $white;）|主题/品牌色调整需逐文件改，暗色模式不能适配|改用 var(--c-bg-*) （如 --c-bg-container/--c-bg-surface）|open|batch-4|
R4-02319|d:\6\恋爱小程序\apps\client\src\pages\village\post.vue|770|D|P3|<style>SCSS 变量未映射 CSS token 未走 design token（background: $white;）|主题/品牌色调整需逐文件改，暗色模式不能适配|改用 var(--c-bg-*) （如 --c-bg-container/--c-bg-surface）|open|batch-4|
R4-02320|d:\6\恋爱小程序\apps\client\src\pages\village\post.vue|823|D|P3|<style>SCSS 变量未映射 CSS token 未走 design token（background: $white;）|主题/品牌色调整需逐文件改，暗色模式不能适配|改用 var(--c-bg-*) （如 --c-bg-container/--c-bg-surface）|open|batch-4|
R4-02321|d:\6\恋爱小程序\apps\client\src\pages\village\post.vue|853|D|P3|<style>SCSS 变量未映射 CSS token 未走 design token（background: $white;）|主题/品牌色调整需逐文件改，暗色模式不能适配|改用 var(--c-bg-*) （如 --c-bg-container/--c-bg-surface）|open|batch-4|
R4-02322|d:\6\恋爱小程序\apps\client\src\pages\village\post.vue|862|D|P3|<style>SCSS 变量未映射 CSS token 未走 design token（background: $white;）|主题/品牌色调整需逐文件改，暗色模式不能适配|改用 var(--c-bg-*) （如 --c-bg-container/--c-bg-surface）|open|batch-4|
R4-02323|d:\6\恋爱小程序\apps\client\src\pages\village\post.vue|930|D|P3|<style>SCSS 变量未映射 CSS token 未走 design token（background: $white;）|主题/品牌色调整需逐文件改，暗色模式不能适配|改用 var(--c-bg-*) （如 --c-bg-container/--c-bg-surface）|open|batch-4|
R4-02324|d:\6\恋爱小程序\apps\client\src\pages\village\post.vue|1026|D|P3|<style>SCSS 变量未映射 CSS token 未走 design token（background: $white;）|主题/品牌色调整需逐文件改，暗色模式不能适配|改用 var(--c-bg-*) （如 --c-bg-container/--c-bg-surface）|open|batch-4|
R4-02325|d:\6\恋爱小程序\apps\client\src\pages\village\tag-posts.vue|483|D|P3|<style>SCSS 变量未映射 CSS token 未走 design token（color: $white;）|主题/品牌色调整需逐文件改，暗色模式不能适配|改用 var(--c-text-*) （如 --c-text-primary/--c-text-secondary）|open|batch-4|
R4-02326|d:\6\恋爱小程序\apps\client\src\pages\village\tag-posts.vue|578|D|P3|<style>SCSS 变量未映射 CSS token 未走 design token（background: $white;）|主题/品牌色调整需逐文件改，暗色模式不能适配|改用 var(--c-bg-*) （如 --c-bg-container/--c-bg-surface）|open|batch-4|
R4-02327|d:\6\恋爱小程序\apps\client\src\pages\village\tag-posts.vue|625|D|P3|<style>SCSS 变量未映射 CSS token 未走 design token（color: $white;）|主题/品牌色调整需逐文件改，暗色模式不能适配|改用 var(--c-text-*) （如 --c-text-primary/--c-text-secondary）|open|batch-4|
R4-02328|d:\6\恋爱小程序\apps\client\src\components\common\BaseTabs.vue|125|D|P3|<script>常量硬编码色值 #3FCF8E 未走 design token（const badgeColorValue = computed(() => props.badgeColor）|UI 颜色分散在 JS 常量中，主题不能统一控制|移入 tokens.ts 或 CSS 变量供模板绑定使用|open|batch-4|
R4-02329|d:\6\恋爱小程序\apps\client\src\components\social\SocialProgressIndicator.vue|58|D|P3|<script>常量硬编码色值 #BBDAFF 未走 design token（tokens.color.brand[200], // L2: #BBDAFF）|UI 颜色分散在 JS 常量中，主题不能统一控制|移入 tokens.ts 或 CSS 变量供模板绑定使用|open|batch-4|
R4-02330|d:\6\恋爱小程序\apps\client\src\components\social\SocialProgressIndicator.vue|59|D|P3|<script>常量硬编码色值 #9BB8FF 未走 design token（tokens.color.brand[300], // L3: #9BB8FF）|UI 颜色分散在 JS 常量中，主题不能统一控制|移入 tokens.ts 或 CSS 变量供模板绑定使用|open|batch-4|
R4-02331|d:\6\恋爱小程序\apps\client\src\components\social\SocialProgressIndicator.vue|60|D|P3|<script>常量硬编码色值 #7B9CFF 未走 design token（tokens.color.secondary[400], // L4: #7B9CFF）|UI 颜色分散在 JS 常量中，主题不能统一控制|移入 tokens.ts 或 CSS 变量供模板绑定使用|open|batch-4|
R4-02332|d:\6\恋爱小程序\apps\client\src\components\village\HotTopicsSection.vue|43|D|P3|<script>常量硬编码色值 #3FCF8E #7CD9A6 未走 design token（"linear-gradient(135deg, #3FCF8E 0%, #7CD9A6 100%)",）|UI 颜色分散在 JS 常量中，主题不能统一控制|移入 tokens.ts 或 CSS 变量供模板绑定使用|open|batch-4|
R4-02333|d:\6\恋爱小程序\apps\client\src\components\village\HotTopicsSection.vue|44|D|P3|<script>常量硬编码色值 #F472B6 #F9A8D4 未走 design token（"linear-gradient(135deg, #F472B6 0%, #F9A8D4 100%)",）|UI 颜色分散在 JS 常量中，主题不能统一控制|移入 tokens.ts 或 CSS 变量供模板绑定使用|open|batch-4|
R4-02334|d:\6\恋爱小程序\apps\client\src\components\village\HotTopicsSection.vue|45|D|P3|<script>常量硬编码色值 #FB923C #FDBA74 未走 design token（"linear-gradient(135deg, #FB923C 0%, #FDBA74 100%)",）|UI 颜色分散在 JS 常量中，主题不能统一控制|移入 tokens.ts 或 CSS 变量供模板绑定使用|open|batch-4|
R4-02335|d:\6\恋爱小程序\apps\client\src\pages\campus\post-topic.vue|74|D|P3|<script>常量硬编码色值 #3FCF8E 未走 design token（const brandColor = "#3FCF8E";）|UI 颜色分散在 JS 常量中，主题不能统一控制|移入 tokens.ts 或 CSS 变量供模板绑定使用|open|batch-4|
R4-02336|d:\6\恋爱小程序\apps\client\src\pages\circles\post-topic.vue|125|D|P3|<script>常量硬编码色值 #3FCF8E 未走 design token（const brandColor = "#3FCF8E";）|UI 颜色分散在 JS 常量中，主题不能统一控制|移入 tokens.ts 或 CSS 变量供模板绑定使用|open|batch-4|
R4-02337|d:\6\恋爱小程序\apps\client\src\pages\messages\index.vue|203|D|P3|<script>常量硬编码色值 #E5454D 未走 design token（confirmColor: "#E5454D",）|UI 颜色分散在 JS 常量中，主题不能统一控制|移入 tokens.ts 或 CSS 变量供模板绑定使用|open|batch-4|
R4-02338|d:\6\恋爱小程序\apps\client\src\pages\messages\index.vue|232|D|P3|<script>常量硬编码色值 #333333 未走 design token（itemColor: "#333333",）|UI 颜色分散在 JS 常量中，主题不能统一控制|移入 tokens.ts 或 CSS 变量供模板绑定使用|open|batch-4|
R4-02368|d:\6\恋爱小程序\apps\client\src\components\UnlockGuideModal.vue|175|D|P3|<style>硬编码尺寸 600rpx 未走 size token（width: 600rpx;）|改版/多端适配需逐处修改，数值不统一|抽取 spacing/size token（--fs-*/--page-padding/--card-padding/--section-gap）并引用 var(--*)|open|batch-4|
R4-02369|d:\6\恋爱小程序\apps\client\src\components\UnlockGuideModal.vue|202|D|P3|<style>硬编码尺寸 120rpx 未走 size token（height: 120rpx;）|改版/多端适配需逐处修改，数值不统一|抽取 spacing/size token（--fs-*/--page-padding/--card-padding/--section-gap）并引用 var(--*)|open|batch-4|
R4-02370|d:\6\恋爱小程序\apps\client\src\components\UnlockGuideModal.vue|213|D|P3|<style>硬编码尺寸 56rpx 未走 size token（height: 56rpx;）|改版/多端适配需逐处修改，数值不统一|抽取 spacing/size token（--fs-*/--page-padding/--card-padding/--section-gap）并引用 var(--*)|open|batch-4|
R4-02371|d:\6\恋爱小程序\apps\client\src\components\UnlockGuideModal.vue|233|D|P3|<style>硬编码尺寸 16rpx 未走 size token（padding: 0 16rpx;）|改版/多端适配需逐处修改，数值不统一|抽取 spacing/size token（--fs-*/--page-padding/--card-padding/--section-gap）并引用 var(--*)|open|batch-4|
R4-02372|d:\6\恋爱小程序\apps\client\src\components\UnlockGuideModal.vue|256|D|P3|<style>硬编码尺寸 92rpx 未走 size token（height: 92rpx;）|改版/多端适配需逐处修改，数值不统一|抽取 spacing/size token（--fs-*/--page-padding/--card-padding/--section-gap）并引用 var(--*)|open|batch-4|
R4-02373|d:\6\恋爱小程序\apps\client\src\components\UnlockGuideOverlay.vue|120|D|P3|<style>硬编码尺寸 600rpx 未走 size token（width: 600rpx;）|改版/多端适配需逐处修改，数值不统一|抽取 spacing/size token（--fs-*/--page-padding/--card-padding/--section-gap）并引用 var(--*)|open|batch-4|
R4-02374|d:\6\恋爱小程序\apps\client\src\components\UnlockGuideOverlay.vue|135|D|P3|<style>硬编码尺寸 40rpx 未走 size token（transform: translateY(40rpx) scale(0.9);）|改版/多端适配需逐处修改，数值不统一|抽取 spacing/size token（--fs-*/--page-padding/--card-padding/--section-gap）并引用 var(--*)|open|batch-4|
R4-02375|d:\6\恋爱小程序\apps\client\src\components\UnlockGuideOverlay.vue|152|D|P3|<style>硬编码尺寸 24rpx 未走 size token（margin-bottom: 24rpx;）|改版/多端适配需逐处修改，数值不统一|抽取 spacing/size token（--fs-*/--page-padding/--card-padding/--section-gap）并引用 var(--*)|open|batch-4|
R4-02376|d:\6\恋爱小程序\apps\client\src\components\UnlockGuideOverlay.vue|186|D|P3|<style>硬编码尺寸 32rpx 未走 size token（margin-bottom: 32rpx;）|改版/多端适配需逐处修改，数值不统一|抽取 spacing/size token（--fs-*/--page-padding/--card-padding/--section-gap）并引用 var(--*)|open|batch-4|
R4-02377|d:\6\恋爱小程序\apps\client\src\components\UnlockGuideOverlay.vue|193|D|P3|<style>硬编码尺寸 84rpx 未走 size token（height: 84rpx;）|改版/多端适配需逐处修改，数值不统一|抽取 spacing/size token（--fs-*/--page-padding/--card-padding/--section-gap）并引用 var(--*)|open|batch-4|
R4-02378|d:\6\恋爱小程序\apps\client\src\components\chat\ActivityCard.vue|70|D|P3|<style>硬编码尺寸 4rpx 未走 size token（border-top-left-radius: 4rpx;）|改版/多端适配需逐处修改，数值不统一|抽取 spacing/size token（--fs-*/--page-padding/--card-padding/--section-gap）并引用 var(--*)|open|batch-4|
R4-02379|d:\6\恋爱小程序\apps\client\src\components\chat\ActivityCard.vue|88|D|P3|<style>硬编码尺寸 2rpx 12rpx 未走 size token（padding: 2rpx 12rpx;）|改版/多端适配需逐处修改，数值不统一|抽取 spacing/size token（--fs-*/--page-padding/--card-padding/--section-gap）并引用 var(--*)|open|batch-4|
R4-02380|d:\6\恋爱小程序\apps\client\src\components\chat\ActivityCard.vue|114|D|P3|<style>硬编码尺寸 4rpx 未走 size token（gap: 4rpx;）|改版/多端适配需逐处修改，数值不统一|抽取 spacing/size token（--fs-*/--page-padding/--card-padding/--section-gap）并引用 var(--*)|open|batch-4|
R4-02381|d:\6\恋爱小程序\apps\client\src\components\chat\ActivityCard.vue|122|D|P3|<style>硬编码尺寸 20rpx 未走 size token（width: 20rpx;）|改版/多端适配需逐处修改，数值不统一|抽取 spacing/size token（--fs-*/--page-padding/--card-padding/--section-gap）并引用 var(--*)|open|batch-4|
R4-02382|d:\6\恋爱小程序\apps\client\src\components\chat\ActivityCard.vue|123|D|P3|<style>硬编码尺寸 20rpx 未走 size token（height: 20rpx;）|改版/多端适配需逐处修改，数值不统一|抽取 spacing/size token（--fs-*/--page-padding/--card-padding/--section-gap）并引用 var(--*)|open|batch-4|
R4-02383|d:\6\恋爱小程序\apps\client\src\components\chat\ChatBubble.vue|197|D|P3|<style>硬编码尺寸 64rpx 未走 size token（width: 64rpx;）|改版/多端适配需逐处修改，数值不统一|抽取 spacing/size token（--fs-*/--page-padding/--card-padding/--section-gap）并引用 var(--*)|open|batch-4|
R4-02384|d:\6\恋爱小程序\apps\client\src\components\chat\ChatBubble.vue|198|D|P3|<style>硬编码尺寸 64rpx 未走 size token（height: 64rpx;）|改版/多端适配需逐处修改，数值不统一|抽取 spacing/size token（--fs-*/--page-padding/--card-padding/--section-gap）并引用 var(--*)|open|batch-4|
R4-02385|d:\6\恋爱小程序\apps\client\src\components\chat\ChatBubble.vue|310|D|P3|<style>硬编码尺寸 2rpx 未走 size token（gap: 2rpx;）|改版/多端适配需逐处修改，数值不统一|抽取 spacing/size token（--fs-*/--page-padding/--card-padding/--section-gap）并引用 var(--*)|open|batch-4|
R4-02386|d:\6\恋爱小程序\apps\client\src\components\chat\ChatBubble.vue|313|D|P3|<style>硬编码尺寸 20rpx 未走 size token（width: 20rpx;）|改版/多端适配需逐处修改，数值不统一|抽取 spacing/size token（--fs-*/--page-padding/--card-padding/--section-gap）并引用 var(--*)|open|batch-4|
R4-02387|d:\6\恋爱小程序\apps\client\src\components\chat\ChatBubble.vue|314|D|P3|<style>硬编码尺寸 20rpx 未走 size token（height: 20rpx;）|改版/多端适配需逐处修改，数值不统一|抽取 spacing/size token（--fs-*/--page-padding/--card-padding/--section-gap）并引用 var(--*)|open|batch-4|
R4-02388|d:\6\恋爱小程序\apps\client\src\components\chat\ChatItem.vue|80|D|P3|<style>硬编码尺寸 24rpx 未走 size token（gap: 24rpx;）|改版/多端适配需逐处修改，数值不统一|抽取 spacing/size token（--fs-*/--page-padding/--card-padding/--section-gap）并引用 var(--*)|open|batch-4|
R4-02389|d:\6\恋爱小程序\apps\client\src\components\chat\ChatItem.vue|81|D|P3|<style>硬编码尺寸 28rpx 32rpx 未走 size token（padding: 28rpx 32rpx;）|改版/多端适配需逐处修改，数值不统一|抽取 spacing/size token（--fs-*/--page-padding/--card-padding/--section-gap）并引用 var(--*)|open|batch-4|
R4-02390|d:\6\恋爱小程序\apps\client\src\components\chat\ChatItem.vue|115|D|P3|<style>硬编码尺寸 12rpx 未走 size token（margin-right: 12rpx;）|改版/多端适配需逐处修改，数值不统一|抽取 spacing/size token（--fs-*/--page-padding/--card-padding/--section-gap）并引用 var(--*)|open|batch-4|
R4-02391|d:\6\恋爱小程序\apps\client\src\components\chat\ChatItem.vue|140|D|P3|<style>硬编码尺寸 16rpx 未走 size token（margin-right: 16rpx;）|改版/多端适配需逐处修改，数值不统一|抽取 spacing/size token（--fs-*/--page-padding/--card-padding/--section-gap）并引用 var(--*)|open|batch-4|
R4-02392|d:\6\恋爱小程序\apps\client\src\components\chat\ChatItem.vue|144|D|P3|<style>硬编码尺寸 4rpx 16rpx 未走 size token（padding: 4rpx 16rpx;）|改版/多端适配需逐处修改，数值不统一|抽取 spacing/size token（--fs-*/--page-padding/--card-padding/--section-gap）并引用 var(--*)|open|batch-4|
R4-02393|d:\6\恋爱小程序\apps\client\src\components\chat\HeartSignal.vue|61|D|P3|<style>硬编码尺寸 20rpx 32rpx 未走 size token（margin: 20rpx 32rpx;）|改版/多端适配需逐处修改，数值不统一|抽取 spacing/size token（--fs-*/--page-padding/--card-padding/--section-gap）并引用 var(--*)|open|batch-4|
R4-02394|d:\6\恋爱小程序\apps\client\src\components\chat\HeartSignal.vue|68|D|P3|<style>硬编码尺寸 20rpx 未走 size token（gap: 20rpx;）|改版/多端适配需逐处修改，数值不统一|抽取 spacing/size token（--fs-*/--page-padding/--card-padding/--section-gap）并引用 var(--*)|open|batch-4|
R4-02395|d:\6\恋爱小程序\apps\client\src\components\chat\HeartSignal.vue|75|D|P3|<style>硬编码尺寸 72rpx 未走 size token（height: 72rpx;）|改版/多端适配需逐处修改，数值不统一|抽取 spacing/size token（--fs-*/--page-padding/--card-padding/--section-gap）并引用 var(--*)|open|batch-4|
R4-02396|d:\6\恋爱小程序\apps\client\src\components\chat\HeartSignal.vue|86|D|P3|<style>硬编码尺寸 40rpx 未走 size token（height: 40rpx;）|改版/多端适配需逐处修改，数值不统一|抽取 spacing/size token（--fs-*/--page-padding/--card-padding/--section-gap）并引用 var(--*)|open|batch-4|
R4-02397|d:\6\恋爱小程序\apps\client\src\components\chat\HeartSignal.vue|111|D|P3|<style>硬编码尺寸 4rpx 未走 size token（margin-top: 4rpx;）|改版/多端适配需逐处修改，数值不统一|抽取 spacing/size token（--fs-*/--page-padding/--card-padding/--section-gap）并引用 var(--*)|open|batch-4|
R4-02398|d:\6\恋爱小程序\apps\client\src\components\chat\IcebreakerSuggestions.vue|106|D|P3|<style>硬编码尺寸 20rpx 24rpx 未走 size token（padding: 20rpx 24rpx;）|改版/多端适配需逐处修改，数值不统一|抽取 spacing/size token（--fs-*/--page-padding/--card-padding/--section-gap）并引用 var(--*)|open|batch-4|
R4-02399|d:\6\恋爱小程序\apps\client\src\components\chat\IcebreakerSuggestions.vue|145|D|P3|<style>硬编码尺寸 4rpx 未走 size token（gap: 4rpx;）|改版/多端适配需逐处修改，数值不统一|抽取 spacing/size token（--fs-*/--page-padding/--card-padding/--section-gap）并引用 var(--*)|open|batch-4|
R4-02400|d:\6\恋爱小程序\apps\client\src\components\chat\IcebreakerSuggestions.vue|185|D|P3|<style>硬编码尺寸 10rpx 未走 size token（gap: 10rpx;）|改版/多端适配需逐处修改，数值不统一|抽取 spacing/size token（--fs-*/--page-padding/--card-padding/--section-gap）并引用 var(--*)|open|batch-4|
R4-02401|d:\6\恋爱小程序\apps\client\src\components\chat\IcebreakerSuggestions.vue|237|D|P3|<style>硬编码尺寸 360rpx 未走 size token（width: 360rpx;）|改版/多端适配需逐处修改，数值不统一|抽取 spacing/size token（--fs-*/--page-padding/--card-padding/--section-gap）并引用 var(--*)|open|batch-4|
R4-02402|d:\6\恋爱小程序\apps\client\src\components\chat\IcebreakerSuggestions.vue|275|D|P3|<style>硬编码尺寸 32rpx 未走 size token（padding: 32rpx 0;）|改版/多端适配需逐处修改，数值不统一|抽取 spacing/size token（--fs-*/--page-padding/--card-padding/--section-gap）并引用 var(--*)|open|batch-4|
R4-02403|d:\6\恋爱小程序\apps\client\src\components\chat\VoiceMessageBubble.vue|252|D|P3|<style>硬编码尺寸 14rpx 未走 size token（gap: 14rpx;）|改版/多端适配需逐处修改，数值不统一|抽取 spacing/size token（--fs-*/--page-padding/--card-padding/--section-gap）并引用 var(--*)|open|batch-4|
R4-02404|d:\6\恋爱小程序\apps\client\src\components\chat\VoiceMessageBubble.vue|288|D|P3|<style>硬编码尺寸 4rpx 未走 size token（gap: 4rpx;）|改版/多端适配需逐处修改，数值不统一|抽取 spacing/size token（--fs-*/--page-padding/--card-padding/--section-gap）并引用 var(--*)|open|batch-4|
R4-02405|d:\6\恋爱小程序\apps\client\src\components\chat\VoiceMessageBubble.vue|299|D|P3|<style>硬编码尺寸 12rpx 未走 size token（height: 12rpx;）|改版/多端适配需逐处修改，数值不统一|抽取 spacing/size token（--fs-*/--page-padding/--card-padding/--section-gap）并引用 var(--*)|open|batch-4|
R4-02406|d:\6\恋爱小程序\apps\client\src\components\chat\VoiceMessageBubble.vue|330|D|P3|<style>硬编码尺寸 28rpx 未走 size token（height: 28rpx;）|改版/多端适配需逐处修改，数值不统一|抽取 spacing/size token（--fs-*/--page-padding/--card-padding/--section-gap）并引用 var(--*)|open|batch-4|
R4-02407|d:\6\恋爱小程序\apps\client\src\components\chat\VoiceMessageBubble.vue|352|D|P3|<style>硬编码尺寸 32rpx 未走 size token（height: 32rpx;）|改版/多端适配需逐处修改，数值不统一|抽取 spacing/size token（--fs-*/--page-padding/--card-padding/--section-gap）并引用 var(--*)|open|batch-4|
R4-02408|d:\6\恋爱小程序\apps\client\src\components\chat\VoicePill.vue|126|D|P3|<style>硬编码尺寸 14rpx 未走 size token（gap: 14rpx;）|改版/多端适配需逐处修改，数值不统一|抽取 spacing/size token（--fs-*/--page-padding/--card-padding/--section-gap）并引用 var(--*)|open|batch-4|
R4-02409|d:\6\恋爱小程序\apps\client\src\components\chat\VoicePill.vue|133|D|P3|<style>硬编码尺寸 140rpx 未走 size token（min-width: 140rpx;）|改版/多端适配需逐处修改，数值不统一|抽取 spacing/size token（--fs-*/--page-padding/--card-padding/--section-gap）并引用 var(--*)|open|batch-4|
R4-02410|d:\6\恋爱小程序\apps\client\src\components\chat\VoicePill.vue|156|D|P3|<style>硬编码尺寸 32rpx 未走 size token（height: 32rpx;）|改版/多端适配需逐处修改，数值不统一|抽取 spacing/size token（--fs-*/--page-padding/--card-padding/--section-gap）并引用 var(--*)|open|batch-4|
R4-02411|d:\6\恋爱小程序\apps\client\src\components\chat\VoicePill.vue|161|D|P3|<style>硬编码尺寸 12rpx 未走 size token（height: 12rpx;）|改版/多端适配需逐处修改，数值不统一|抽取 spacing/size token（--fs-*/--page-padding/--card-padding/--section-gap）并引用 var(--*)|open|batch-4|
R4-02412|d:\6\恋爱小程序\apps\client\src\components\chat\VoicePill.vue|174|D|P3|<style>硬编码尺寸 28rpx 未走 size token（to { height: 28rpx; }）|改版/多端适配需逐处修改，数值不统一|抽取 spacing/size token（--fs-*/--page-padding/--card-padding/--section-gap）并引用 var(--*)|open|batch-4|
R4-02413|d:\6\恋爱小程序\apps\client\src\components\chat\VoiceRecorder.vue|313|D|P3|<style>硬编码尺寸 8rpx 未走 size token（transform: translateY(8rpx);）|改版/多端适配需逐处修改，数值不统一|抽取 spacing/size token（--fs-*/--page-padding/--card-padding/--section-gap）并引用 var(--*)|open|batch-4|
R4-02414|d:\6\恋爱小程序\apps\client\src\components\chat\VoiceRecorder.vue|323|D|P3|<style>硬编码尺寸 64rpx 未走 size token（height: 64rpx;）|改版/多端适配需逐处修改，数值不统一|抽取 spacing/size token（--fs-*/--page-padding/--card-padding/--section-gap）并引用 var(--*)|open|batch-4|
R4-02415|d:\6\恋爱小程序\apps\client\src\components\chat\VoiceRecorder.vue|337|D|P3|<style>硬编码尺寸 8rpx 未走 size token（width: 8rpx;）|改版/多端适配需逐处修改，数值不统一|抽取 spacing/size token（--fs-*/--page-padding/--card-padding/--section-gap）并引用 var(--*)|open|batch-4|
R4-02416|d:\6\恋爱小程序\apps\client\src\components\chat\VoiceRecorder.vue|350|D|P3|<style>硬编码尺寸 12rpx 未走 size token（height: 12rpx;）|改版/多端适配需逐处修改，数值不统一|抽取 spacing/size token（--fs-*/--page-padding/--card-padding/--section-gap）并引用 var(--*)|open|batch-4|
R4-02417|d:\6\恋爱小程序\apps\client\src\components\chat\VoiceRecorder.vue|366|D|P3|<style>硬编码尺寸 64rpx 未走 size token（min-height: 64rpx;）|改版/多端适配需逐处修改，数值不统一|抽取 spacing/size token（--fs-*/--page-padding/--card-padding/--section-gap）并引用 var(--*)|open|batch-4|
R4-02418|d:\6\恋爱小程序\apps\client\src\components\common\AvatarFrame.vue|66|D|P3|<style>硬编码尺寸 8rpx 未走 size token（padding: 8rpx;）|改版/多端适配需逐处修改，数值不统一|抽取 spacing/size token（--fs-*/--page-padding/--card-padding/--section-gap）并引用 var(--*)|open|batch-4|
R4-02419|d:\6\恋爱小程序\apps\client\src\components\common\AvatarFrame.vue|93|D|P3|<style>硬编码尺寸 -4rpx 未走 size token（right: -4rpx;）|改版/多端适配需逐处修改，数值不统一|抽取 spacing/size token（--fs-*/--page-padding/--card-padding/--section-gap）并引用 var(--*)|open|batch-4|
R4-02420|d:\6\恋爱小程序\apps\client\src\components\common\AvatarFrame.vue|95|D|P3|<style>硬编码尺寸 46rpx 未走 size token（width: 46rpx;）|改版/多端适配需逐处修改，数值不统一|抽取 spacing/size token（--fs-*/--page-padding/--card-padding/--section-gap）并引用 var(--*)|open|batch-4|
R4-02421|d:\6\恋爱小程序\apps\client\src\components\common\AvatarFrame.vue|109|D|P3|<style>硬编码尺寸 26rpx 未走 size token（height: 26rpx;）|改版/多端适配需逐处修改，数值不统一|抽取 spacing/size token（--fs-*/--page-padding/--card-padding/--section-gap）并引用 var(--*)|open|batch-4|
R4-02422|d:\6\恋爱小程序\apps\client\src\components\common\BaseTabs.vue|182|D|P3|<style>硬编码尺寸 20rpx 24rpx 未走 size token（padding: 20rpx 24rpx;）|改版/多端适配需逐处修改，数值不统一|抽取 spacing/size token（--fs-*/--page-padding/--card-padding/--section-gap）并引用 var(--*)|open|batch-4|
R4-02423|d:\6\恋爱小程序\apps\client\src\components\common\BaseTabs.vue|201|D|P3|<style>硬编码尺寸 32rpx 未走 size token（height: 32rpx;）|改版/多端适配需逐处修改，数值不统一|抽取 spacing/size token（--fs-*/--page-padding/--card-padding/--section-gap）并引用 var(--*)|open|batch-4|
R4-02424|d:\6\恋爱小程序\apps\client\src\components\common\BaseTabs.vue|216|D|P3|<style>硬编码尺寸 4rpx 未走 size token（height: 4rpx;）|改版/多端适配需逐处修改，数值不统一|抽取 spacing/size token（--fs-*/--page-padding/--card-padding/--section-gap）并引用 var(--*)|open|batch-4|
R4-02425|d:\6\恋爱小程序\apps\client\src\components\common\BaseTabs.vue|240|D|P3|<style>硬编码尺寸 12rpx 32rpx 未走 size token（padding: 12rpx 32rpx;）|改版/多端适配需逐处修改，数值不统一|抽取 spacing/size token（--fs-*/--page-padding/--card-padding/--section-gap）并引用 var(--*)|open|batch-4|
R4-02426|d:\6\恋爱小程序\apps\client\src\components\common\BaseTabs.vue|265|D|P3|<style>硬编码尺寸 16rpx 24rpx 未走 size token（padding: 16rpx 24rpx;）|改版/多端适配需逐处修改，数值不统一|抽取 spacing/size token（--fs-*/--page-padding/--card-padding/--section-gap）并引用 var(--*)|open|batch-4|
R4-02427|d:\6\恋爱小程序\apps\client\src\components\common\EmptyState.vue|108|D|P3|<style>硬编码尺寸 80rpx 40rpx 未走 size token（padding: 80rpx 40rpx;）|改版/多端适配需逐处修改，数值不统一|抽取 spacing/size token（--fs-*/--page-padding/--card-padding/--section-gap）并引用 var(--*)|open|batch-4|
R4-02428|d:\6\恋爱小程序\apps\client\src\components\common\EmptyState.vue|110|D|P3|<style>硬编码尺寸 120rpx 120rpx 16rpx 未走 size token（.empty-icon { width: 120rpx; height: 120rpx; margin-bot）|改版/多端适配需逐处修改，数值不统一|抽取 spacing/size token（--fs-*/--page-padding/--card-padding/--section-gap）并引用 var(--*)|open|batch-4|
R4-02429|d:\6\恋爱小程序\apps\client\src\components\common\EmptyState.vue|119|D|P3|<style>硬编码尺寸 8rpx 未走 size token（margin-top: 8rpx;）|改版/多端适配需逐处修改，数值不统一|抽取 spacing/size token（--fs-*/--page-padding/--card-padding/--section-gap）并引用 var(--*)|open|batch-4|
R4-02430|d:\6\恋爱小程序\apps\client\src\components\common\EmptyState.vue|123|D|P3|<style>硬编码尺寸 24rpx 未走 size token（margin-top: 24rpx;）|改版/多端适配需逐处修改，数值不统一|抽取 spacing/size token（--fs-*/--page-padding/--card-padding/--section-gap）并引用 var(--*)|open|batch-4|
R4-02431|d:\6\恋爱小程序\apps\client\src\components\common\EmptyState.vue|124|D|P3|<style>硬编码尺寸 16rpx 40rpx 未走 size token（padding: 16rpx 40rpx;）|改版/多端适配需逐处修改，数值不统一|抽取 spacing/size token（--fs-*/--page-padding/--card-padding/--section-gap）并引用 var(--*)|open|batch-4|
R4-02432|d:\6\恋爱小程序\apps\client\src\components\common\ErrorState.vue|59|D|P3|<style>硬编码尺寸 80rpx 40rpx 未走 size token（padding: 80rpx 40rpx;）|改版/多端适配需逐处修改，数值不统一|抽取 spacing/size token（--fs-*/--page-padding/--card-padding/--section-gap）并引用 var(--*)|open|batch-4|
R4-02433|d:\6\恋爱小程序\apps\client\src\components\common\ErrorState.vue|61|D|P3|<style>硬编码尺寸 120rpx 120rpx 16rpx 未走 size token（.error-icon { width: 120rpx; height: 120rpx; margin-bot）|改版/多端适配需逐处修改，数值不统一|抽取 spacing/size token（--fs-*/--page-padding/--card-padding/--section-gap）并引用 var(--*)|open|batch-4|
R4-02434|d:\6\恋爱小程序\apps\client\src\components\common\ErrorState.vue|70|D|P3|<style>硬编码尺寸 8rpx 未走 size token（margin-top: 8rpx;）|改版/多端适配需逐处修改，数值不统一|抽取 spacing/size token（--fs-*/--page-padding/--card-padding/--section-gap）并引用 var(--*)|open|batch-4|
R4-02435|d:\6\恋爱小程序\apps\client\src\components\common\ErrorState.vue|73|D|P3|<style>硬编码尺寸 32rpx 未走 size token（margin-top: 32rpx;）|改版/多端适配需逐处修改，数值不统一|抽取 spacing/size token（--fs-*/--page-padding/--card-padding/--section-gap）并引用 var(--*)|open|batch-4|
R4-02436|d:\6\恋爱小程序\apps\client\src\components\common\ErrorState.vue|74|D|P3|<style>硬编码尺寸 16rpx 48rpx 未走 size token（padding: 16rpx 48rpx;）|改版/多端适配需逐处修改，数值不统一|抽取 spacing/size token（--fs-*/--page-padding/--card-padding/--section-gap）并引用 var(--*)|open|batch-4|
R4-02437|d:\6\恋爱小程序\apps\client\src\components\common\GlobalPublishFab.vue|45|D|P3|<style>硬编码尺寸 104rpx 未走 size token（- 104rpx 直径圆形，品牌色渐变背景）|改版/多端适配需逐处修改，数值不统一|抽取 spacing/size token（--fs-*/--page-padding/--card-padding/--section-gap）并引用 var(--*)|open|batch-4|
R4-02438|d:\6\恋爱小程序\apps\client\src\components\common\GlobalPublishFab.vue|50|D|P3|<style>硬编码尺寸 32rpx 未走 size token（right: 32rpx;）|改版/多端适配需逐处修改，数值不统一|抽取 spacing/size token（--fs-*/--page-padding/--card-padding/--section-gap）并引用 var(--*)|open|batch-4|
R4-02439|d:\6\恋爱小程序\apps\client\src\components\common\GlobalPublishFab.vue|54|D|P3|<style>硬编码尺寸 24rpx 未走 size token（border-radius: 24rpx;）|改版/多端适配需逐处修改，数值不统一|抽取 spacing/size token（--fs-*/--page-padding/--card-padding/--section-gap）并引用 var(--*)|open|batch-4|
R4-02440|d:\6\恋爱小程序\apps\client\src\components\common\GlobalPublishFab.vue|74|D|P3|<style>硬编码尺寸 16rpx 未走 size token（border-radius: 16rpx;）|改版/多端适配需逐处修改，数值不统一|抽取 spacing/size token（--fs-*/--page-padding/--card-padding/--section-gap）并引用 var(--*)|open|batch-4|
R4-02441|d:\6\恋爱小程序\apps\client\src\components\common\GlobalPublishFab.vue|81|D|P3|<style>硬编码尺寸 56rpx 未走 size token（height: 56rpx;）|改版/多端适配需逐处修改，数值不统一|抽取 spacing/size token（--fs-*/--page-padding/--card-padding/--section-gap）并引用 var(--*)|open|batch-4|
R4-02442|d:\6\恋爱小程序\apps\client\src\components\common\HeartParticles.vue|206|D|P3|<style>硬编码尺寸 56rpx 28px 未走 size token（- 可见但不遮挡内容：半透明白底 + 小尺寸 56rpx（约 28px，触控目标达标））|改版/多端适配需逐处修改，数值不统一|抽取 spacing/size token（--fs-*/--page-padding/--card-padding/--section-gap）并引用 var(--*)|open|batch-4|
R4-02443|d:\6\恋爱小程序\apps\client\src\components\common\HeartParticles.vue|212|D|P3|<style>硬编码尺寸 -120rpx 未走 size token（top: -120rpx;）|改版/多端适配需逐处修改，数值不统一|抽取 spacing/size token（--fs-*/--page-padding/--card-padding/--section-gap）并引用 var(--*)|open|batch-4|
R4-02444|d:\6\恋爱小程序\apps\client\src\components\common\HeartParticles.vue|214|D|P3|<style>硬编码尺寸 56rpx 未走 size token（width: 56rpx;）|改版/多端适配需逐处修改，数值不统一|抽取 spacing/size token（--fs-*/--page-padding/--card-padding/--section-gap）并引用 var(--*)|open|batch-4|
R4-02445|d:\6\恋爱小程序\apps\client\src\components\common\HeartParticles.vue|233|D|P3|<style>硬编码尺寸 22rpx 未走 size token（width: 22rpx;）|改版/多端适配需逐处修改，数值不统一|抽取 spacing/size token（--fs-*/--page-padding/--card-padding/--section-gap）并引用 var(--*)|open|batch-4|
R4-02446|d:\6\恋爱小程序\apps\client\src\components\common\HeartParticles.vue|234|D|P3|<style>硬编码尺寸 22rpx 未走 size token（height: 22rpx;）|改版/多端适配需逐处修改，数值不统一|抽取 spacing/size token（--fs-*/--page-padding/--card-padding/--section-gap）并引用 var(--*)|open|batch-4|
R4-02447|d:\6\恋爱小程序\apps\client\src\components\common\LockScreen.vue|162|D|P3|<style>硬编码尺寸 40rpx 未走 size token（filter: blur(40rpx);）|改版/多端适配需逐处修改，数值不统一|抽取 spacing/size token（--fs-*/--page-padding/--card-padding/--section-gap）并引用 var(--*)|open|batch-4|
R4-02448|d:\6\恋爱小程序\apps\client\src\components\common\LockScreen.vue|181|D|P3|<style>硬编码尺寸 100rpx 未走 size token（top: 100rpx;）|改版/多端适配需逐处修改，数值不统一|抽取 spacing/size token（--fs-*/--page-padding/--card-padding/--section-gap）并引用 var(--*)|open|batch-4|
R4-02449|d:\6\恋爱小程序\apps\client\src\components\common\LockScreen.vue|199|D|P3|<style>硬编码尺寸 200rpx 未走 size token（bottom: 200rpx;）|改版/多端适配需逐处修改，数值不统一|抽取 spacing/size token（--fs-*/--page-padding/--card-padding/--section-gap）并引用 var(--*)|open|batch-4|
R4-02450|d:\6\恋爱小程序\apps\client\src\components\common\LockScreen.vue|243|D|P3|<style>硬编码尺寸 96rpx 未走 size token（width: 96rpx;）|改版/多端适配需逐处修改，数值不统一|抽取 spacing/size token（--fs-*/--page-padding/--card-padding/--section-gap）并引用 var(--*)|open|batch-4|
R4-02451|d:\6\恋爱小程序\apps\client\src\components\common\LockScreen.vue|311|D|P3|<style>硬编码尺寸 480rpx 未走 size token（max-width: 480rpx;）|改版/多端适配需逐处修改，数值不统一|抽取 spacing/size token（--fs-*/--page-padding/--card-padding/--section-gap）并引用 var(--*)|open|batch-4|
R4-02452|d:\6\恋爱小程序\apps\client\src\components\common\PageStateContainer.vue|126|D|P3|<style>硬编码尺寸 320rpx 未走 size token（min-height: 320rpx;）|改版/多端适配需逐处修改，数值不统一|抽取 spacing/size token（--fs-*/--page-padding/--card-padding/--section-gap）并引用 var(--*)|open|batch-4|
R4-02453|d:\6\恋爱小程序\apps\client\src\components\common\PageStateContainer.vue|142|D|P3|<style>硬编码尺寸 320rpx 未走 size token（min-height: 320rpx;）|改版/多端适配需逐处修改，数值不统一|抽取 spacing/size token（--fs-*/--page-padding/--card-padding/--section-gap）并引用 var(--*)|open|batch-4|
R4-02454|d:\6\恋爱小程序\apps\client\src\components\common\PageStateContainer.vue|150|D|P3|<style>硬编码尺寸 24rpx 未走 size token（gap: 24rpx;）|改版/多端适配需逐处修改，数值不统一|抽取 spacing/size token（--fs-*/--page-padding/--card-padding/--section-gap）并引用 var(--*)|open|batch-4|
R4-02455|d:\6\恋爱小程序\apps\client\src\components\common\PageStateContainer.vue|154|D|P3|<style>硬编码尺寸 56rpx 未走 size token（height: 56rpx;）|改版/多端适配需逐处修改，数值不统一|抽取 spacing/size token（--fs-*/--page-padding/--card-padding/--section-gap）并引用 var(--*)|open|batch-4|
R4-02456|d:\6\恋爱小程序\apps\client\src\components\common\PageStateContainer.vue|170|D|P3|<style>硬编码尺寸 8rpx 未走 size token（transform: translateY(8rpx);）|改版/多端适配需逐处修改，数值不统一|抽取 spacing/size token（--fs-*/--page-padding/--card-padding/--section-gap）并引用 var(--*)|open|batch-4|
R4-02457|d:\6\恋爱小程序\apps\client\src\components\common\ShareCard.vue|323|D|P3|<style>硬编码尺寸 580rpx 未走 size token（width: 580rpx;）|改版/多端适配需逐处修改，数值不统一|抽取 spacing/size token（--fs-*/--page-padding/--card-padding/--section-gap）并引用 var(--*)|open|batch-4|
R4-02458|d:\6\恋爱小程序\apps\client\src\components\common\ShareCard.vue|338|D|P3|<style>硬编码尺寸 56rpx 未走 size token（height: 56rpx;）|改版/多端适配需逐处修改，数值不统一|抽取 spacing/size token（--fs-*/--page-padding/--card-padding/--section-gap）并引用 var(--*)|open|batch-4|
R4-02459|d:\6\恋爱小程序\apps\client\src\components\common\ShareCard.vue|364|D|P3|<style>硬编码尺寸 48rpx 未走 size token（height: 48rpx;）|改版/多端适配需逐处修改，数值不统一|抽取 spacing/size token（--fs-*/--page-padding/--card-padding/--section-gap）并引用 var(--*)|open|batch-4|
R4-02460|d:\6\恋爱小程序\apps\client\src\components\common\ShareCard.vue|400|D|P3|<style>硬编码尺寸 2rpx 未走 size token（width: 2rpx;）|改版/多端适配需逐处修改，数值不统一|抽取 spacing/size token（--fs-*/--page-padding/--card-padding/--section-gap）并引用 var(--*)|open|batch-4|
R4-02461|d:\6\恋爱小程序\apps\client\src\components\common\ShareCard.vue|430|D|P3|<style>硬编码尺寸 88rpx 未走 size token（height: 88rpx;）|改版/多端适配需逐处修改，数值不统一|抽取 spacing/size token（--fs-*/--page-padding/--card-padding/--section-gap）并引用 var(--*)|open|batch-4|
R4-02462|d:\6\恋爱小程序\apps\client\src\components\common\Skeleton.vue|62|D|P3|<style>硬编码尺寸 16rpx 未走 size token（gap: 16rpx;）|改版/多端适配需逐处修改，数值不统一|抽取 spacing/size token（--fs-*/--page-padding/--card-padding/--section-gap）并引用 var(--*)|open|batch-4|
R4-02463|d:\6\恋爱小程序\apps\client\src\components\common\Skeleton.vue|107|D|P3|<style>硬编码尺寸 88rpx 未走 size token（width: 88rpx;）|改版/多端适配需逐处修改，数值不统一|抽取 spacing/size token（--fs-*/--page-padding/--card-padding/--section-gap）并引用 var(--*)|open|batch-4|
R4-02464|d:\6\恋爱小程序\apps\client\src\components\common\Skeleton.vue|134|D|P3|<style>硬编码尺寸 32rpx 未走 size token（padding: 32rpx;）|改版/多端适配需逐处修改，数值不统一|抽取 spacing/size token（--fs-*/--page-padding/--card-padding/--section-gap）并引用 var(--*)|open|batch-4|
R4-02465|d:\6\恋爱小程序\apps\client\src\components\common\Skeleton.vue|147|D|P3|<style>硬编码尺寸 32rpx 24rpx 未走 size token（padding: 32rpx 24rpx;）|改版/多端适配需逐处修改，数值不统一|抽取 spacing/size token（--fs-*/--page-padding/--card-padding/--section-gap）并引用 var(--*)|open|batch-4|
R4-02466|d:\6\恋爱小程序\apps\client\src\components\common\Skeleton.vue|166|D|P3|<style>硬编码尺寸 12rpx 未走 size token（gap: 12rpx;）|改版/多端适配需逐处修改，数值不统一|抽取 spacing/size token（--fs-*/--page-padding/--card-padding/--section-gap）并引用 var(--*)|open|batch-4|
R4-02467|d:\6\恋爱小程序\apps\client\src\components\common\Toast.vue|262|D|P3|<style>硬编码尺寸 16rpx 未走 size token（gap: 16rpx;）|改版/多端适配需逐处修改，数值不统一|抽取 spacing/size token（--fs-*/--page-padding/--card-padding/--section-gap）并引用 var(--*)|open|batch-4|
R4-02468|d:\6\恋爱小程序\apps\client\src\components\common\Toast.vue|263|D|P3|<style>硬编码尺寸 20rpx 36rpx 未走 size token（padding: 20rpx 36rpx;）|改版/多端适配需逐处修改，数值不统一|抽取 spacing/size token（--fs-*/--page-padding/--card-padding/--section-gap）并引用 var(--*)|open|batch-4|
R4-02469|d:\6\恋爱小程序\apps\client\src\components\common\Toast.vue|267|D|P3|<style>硬编码尺寸 320rpx 未走 size token（min-width: 320rpx;）|改版/多端适配需逐处修改，数值不统一|抽取 spacing/size token（--fs-*/--page-padding/--card-padding/--section-gap）并引用 var(--*)|open|batch-4|
R4-02470|d:\6\恋爱小程序\apps\client\src\components\common\Toast.vue|291|D|P3|<style>硬编码尺寸 32rpx 未走 size token（width: 32rpx;）|改版/多端适配需逐处修改，数值不统一|抽取 spacing/size token（--fs-*/--page-padding/--card-padding/--section-gap）并引用 var(--*)|open|batch-4|
R4-02471|d:\6\恋爱小程序\apps\client\src\components\common\Toast.vue|292|D|P3|<style>硬编码尺寸 32rpx 未走 size token（height: 32rpx;）|改版/多端适配需逐处修改，数值不统一|抽取 spacing/size token（--fs-*/--page-padding/--card-padding/--section-gap）并引用 var(--*)|open|batch-4|
R4-02472|d:\6\恋爱小程序\apps\client\src\components\common\UnreadBadge.vue|41|D|P3|<style>硬编码尺寸 32rpx 未走 size token（min-width: 32rpx;）|改版/多端适配需逐处修改，数值不统一|抽取 spacing/size token（--fs-*/--page-padding/--card-padding/--section-gap）并引用 var(--*)|open|batch-4|
R4-02473|d:\6\恋爱小程序\apps\client\src\components\common\UnreadBadge.vue|42|D|P3|<style>硬编码尺寸 32rpx 未走 size token（height: 32rpx;）|改版/多端适配需逐处修改，数值不统一|抽取 spacing/size token（--fs-*/--page-padding/--card-padding/--section-gap）并引用 var(--*)|open|batch-4|
R4-02474|d:\6\恋爱小程序\apps\client\src\components\common\UnreadBadge.vue|55|D|P3|<style>硬编码尺寸 16rpx 未走 size token（width: 16rpx;）|改版/多端适配需逐处修改，数值不统一|抽取 spacing/size token（--fs-*/--page-padding/--card-padding/--section-gap）并引用 var(--*)|open|batch-4|
R4-02475|d:\6\恋爱小程序\apps\client\src\components\common\UnreadBadge.vue|56|D|P3|<style>硬编码尺寸 16rpx 未走 size token（height: 16rpx;）|改版/多端适配需逐处修改，数值不统一|抽取 spacing/size token（--fs-*/--page-padding/--card-padding/--section-gap）并引用 var(--*)|open|batch-4|
R4-02476|d:\6\恋爱小程序\apps\client\src\components\common\UnreadBadge.vue|57|D|P3|<style>硬编码尺寸 16rpx 未走 size token（min-width: 16rpx;）|改版/多端适配需逐处修改，数值不统一|抽取 spacing/size token（--fs-*/--page-padding/--card-padding/--section-gap）并引用 var(--*)|open|batch-4|
R4-02477|d:\6\恋爱小程序\apps\client\src\components\common\VerificationBadge.vue|141|D|P3|<style>硬编码尺寸 1rpx 未走 size token（border-width: 1rpx;）|改版/多端适配需逐处修改，数值不统一|抽取 spacing/size token（--fs-*/--page-padding/--card-padding/--section-gap）并引用 var(--*)|open|batch-4|
R4-02478|d:\6\恋爱小程序\apps\client\src\components\common\VerificationBadge.vue|181|D|P3|<style>硬编码尺寸 20rpx 未走 size token（width: 20rpx;）|改版/多端适配需逐处修改，数值不统一|抽取 spacing/size token（--fs-*/--page-padding/--card-padding/--section-gap）并引用 var(--*)|open|batch-4|
R4-02479|d:\6\恋爱小程序\apps\client\src\components\common\VerificationBadge.vue|182|D|P3|<style>硬编码尺寸 20rpx 未走 size token（height: 20rpx;）|改版/多端适配需逐处修改，数值不统一|抽取 spacing/size token（--fs-*/--page-padding/--card-padding/--section-gap）并引用 var(--*)|open|batch-4|
R4-02480|d:\6\恋爱小程序\apps\client\src\components\common\VerificationBadge.vue|186|D|P3|<style>硬编码尺寸 24rpx 未走 size token（width: 24rpx;）|改版/多端适配需逐处修改，数值不统一|抽取 spacing/size token（--fs-*/--page-padding/--card-padding/--section-gap）并引用 var(--*)|open|batch-4|
R4-02481|d:\6\恋爱小程序\apps\client\src\components\common\VerificationBadge.vue|187|D|P3|<style>硬编码尺寸 24rpx 未走 size token（height: 24rpx;）|改版/多端适配需逐处修改，数值不统一|抽取 spacing/size token（--fs-*/--page-padding/--card-padding/--section-gap）并引用 var(--*)|open|batch-4|
R4-02482|d:\6\恋爱小程序\apps\client\src\components\discover\AdvancedFilter.vue|614|D|P3|<style>硬编码尺寸 8rpx 未走 size token（gap: 8rpx;）|改版/多端适配需逐处修改，数值不统一|抽取 spacing/size token（--fs-*/--page-padding/--card-padding/--section-gap）并引用 var(--*)|open|batch-4|
R4-02483|d:\6\恋爱小程序\apps\client\src\components\discover\AdvancedFilter.vue|619|D|P3|<style>硬编码尺寸 28rpx 未走 size token（height: 28rpx;）|改版/多端适配需逐处修改，数值不统一|抽取 spacing/size token（--fs-*/--page-padding/--card-padding/--section-gap）并引用 var(--*)|open|batch-4|
R4-02484|d:\6\恋爱小程序\apps\client\src\components\discover\AdvancedFilter.vue|663|D|P3|<style>硬编码尺寸 40rpx 未走 size token（width: 40rpx;）|改版/多端适配需逐处修改，数值不统一|抽取 spacing/size token（--fs-*/--page-padding/--card-padding/--section-gap）并引用 var(--*)|open|batch-4|
R4-02485|d:\6\恋爱小程序\apps\client\src\components\discover\AdvancedFilter.vue|668|D|P3|<style>硬编码尺寸 3rpx 未走 size token（top: 3rpx;）|改版/多端适配需逐处修改，数值不统一|抽取 spacing/size token（--fs-*/--page-padding/--card-padding/--section-gap）并引用 var(--*)|open|batch-4|
R4-02486|d:\6\恋爱小程序\apps\client\src\components\discover\AdvancedFilter.vue|675|D|P3|<style>硬编码尺寸 44rpx 未走 size token（left: 44rpx;）|改版/多端适配需逐处修改，数值不统一|抽取 spacing/size token（--fs-*/--page-padding/--card-padding/--section-gap）并引用 var(--*)|open|batch-4|
R4-02487|d:\6\恋爱小程序\apps\client\src\components\discover\CardDetailOverlay.vue|1235|D|P3|<style>硬编码尺寸 40rpx 未走 size token（transform: scale(0.9) translateY(40rpx);）|改版/多端适配需逐处修改，数值不统一|抽取 spacing/size token（--fs-*/--page-padding/--card-padding/--section-gap）并引用 var(--*)|open|batch-4|
R4-02488|d:\6\恋爱小程序\apps\client\src\components\discover\CardDetailOverlay.vue|1474|D|P3|<style>硬编码尺寸 26rpx 未走 size token（width: 26rpx;）|改版/多端适配需逐处修改，数值不统一|抽取 spacing/size token（--fs-*/--page-padding/--card-padding/--section-gap）并引用 var(--*)|open|batch-4|
R4-02489|d:\6\恋爱小程序\apps\client\src\components\discover\CardDetailOverlay.vue|1709|D|P3|<style>硬编码尺寸 1rpx 未走 size token（border-width: 1rpx;）|改版/多端适配需逐处修改，数值不统一|抽取 spacing/size token（--fs-*/--page-padding/--card-padding/--section-gap）并引用 var(--*)|open|batch-4|
R4-02490|d:\6\恋爱小程序\apps\client\src\components\discover\CardDetailOverlay.vue|1885|D|P3|<style>硬编码尺寸 8rpx 12rpx 未走 size token（padding: 8rpx 12rpx;）|改版/多端适配需逐处修改，数值不统一|抽取 spacing/size token（--fs-*/--page-padding/--card-padding/--section-gap）并引用 var(--*)|open|batch-4|
R4-02491|d:\6\恋爱小程序\apps\client\src\components\discover\CardDetailOverlay.vue|2034|D|P3|<style>硬编码尺寸 40rpx 未走 size token（height: 40rpx;）|改版/多端适配需逐处修改，数值不统一|抽取 spacing/size token（--fs-*/--page-padding/--card-padding/--section-gap）并引用 var(--*)|open|batch-4|
R4-02492|d:\6\恋爱小程序\apps\client\src\components\discover\CardSwiper.vue|1330|D|P3|<style>硬编码尺寸 860rpx 未走 size token（min-height: 860rpx;）|改版/多端适配需逐处修改，数值不统一|抽取 spacing/size token（--fs-*/--page-padding/--card-padding/--section-gap）并引用 var(--*)|open|batch-4|
R4-02493|d:\6\恋爱小程序\apps\client\src\components\discover\CardSwiper.vue|1656|D|P3|<style>硬编码尺寸 8rpx 16rpx 未走 size token（padding: 8rpx 16rpx;）|改版/多端适配需逐处修改，数值不统一|抽取 spacing/size token（--fs-*/--page-padding/--card-padding/--section-gap）并引用 var(--*)|open|batch-4|
R4-02494|d:\6\恋爱小程序\apps\client\src\components\discover\CardSwiper.vue|1897|D|P3|<style>硬编码尺寸 6rpx 16rpx 未走 size token（padding: 6rpx 16rpx;）|改版/多端适配需逐处修改，数值不统一|抽取 spacing/size token（--fs-*/--page-padding/--card-padding/--section-gap）并引用 var(--*)|open|batch-4|
R4-02495|d:\6\恋爱小程序\apps\client\src\components\discover\CardSwiper.vue|2135|D|P3|<style>硬编码尺寸 24rpx 未走 size token（right: 24rpx;）|改版/多端适配需逐处修改，数值不统一|抽取 spacing/size token（--fs-*/--page-padding/--card-padding/--section-gap）并引用 var(--*)|open|batch-4|
R4-02496|d:\6\恋爱小程序\apps\client\src\components\discover\CardSwiper.vue|2312|D|P3|<style>硬编码尺寸 16rpx 未走 size token（padding: 16rpx 0;）|改版/多端适配需逐处修改，数值不统一|抽取 spacing/size token（--fs-*/--page-padding/--card-padding/--section-gap）并引用 var(--*)|open|batch-4|
R4-02497|d:\6\恋爱小程序\apps\client\src\components\discover\CheckinPopup.vue|181|D|P3|<style>硬编码尺寸 40rpx 未走 size token（padding: 40rpx;）|改版/多端适配需逐处修改，数值不统一|抽取 spacing/size token（--fs-*/--page-padding/--card-padding/--section-gap）并引用 var(--*)|open|batch-4|
R4-02498|d:\6\恋爱小程序\apps\client\src\components\discover\CheckinPopup.vue|212|D|P3|<style>硬编码尺寸 56rpx 未走 size token（height: 56rpx;）|改版/多端适配需逐处修改，数值不统一|抽取 spacing/size token（--fs-*/--page-padding/--card-padding/--section-gap）并引用 var(--*)|open|batch-4|
R4-02499|d:\6\恋爱小程序\apps\client\src\components\discover\CheckinPopup.vue|221|D|P3|<style>硬编码尺寸 96rpx 未走 size token（height: 96rpx;）|改版/多端适配需逐处修改，数值不统一|抽取 spacing/size token（--fs-*/--page-padding/--card-padding/--section-gap）并引用 var(--*)|open|batch-4|
R4-02500|d:\6\恋爱小程序\apps\client\src\components\discover\CheckinPopup.vue|273|D|P3|<style>硬编码尺寸 88rpx 未走 size token（height: 88rpx;）|改版/多端适配需逐处修改，数值不统一|抽取 spacing/size token（--fs-*/--page-padding/--card-padding/--section-gap）并引用 var(--*)|open|batch-4|
R4-02501|d:\6\恋爱小程序\apps\client\src\components\discover\FilterDrawer.vue|951|D|P3|<style>硬编码尺寸 56rpx 未走 size token（width: 56rpx;）|改版/多端适配需逐处修改，数值不统一|抽取 spacing/size token（--fs-*/--page-padding/--card-padding/--section-gap）并引用 var(--*)|open|batch-4|
R4-02502|d:\6\恋爱小程序\apps\client\src\components\discover\FilterDrawer.vue|961|D|P3|<style>硬编码尺寸 32rpx 未走 size token（width: 32rpx;）|改版/多端适配需逐处修改，数值不统一|抽取 spacing/size token（--fs-*/--page-padding/--card-padding/--section-gap）并引用 var(--*)|open|batch-4|
R4-02503|d:\6\恋爱小程序\apps\client\src\components\discover\FilterDrawer.vue|1098|D|P3|<style>硬编码尺寸 28rpx 未走 size token（width: 28rpx;）|改版/多端适配需逐处修改，数值不统一|抽取 spacing/size token（--fs-*/--page-padding/--card-padding/--section-gap）并引用 var(--*)|open|batch-4|
R4-02504|d:\6\恋爱小程序\apps\client\src\components\discover\FilterDrawer.vue|1108|D|P3|<style>硬编码尺寸 48rpx 未走 size token（height: 48rpx;）|改版/多端适配需逐处修改，数值不统一|抽取 spacing/size token（--fs-*/--page-padding/--card-padding/--section-gap）并引用 var(--*)|open|batch-4|
R4-02505|d:\6\恋爱小程序\apps\client\src\components\discover\FilterDrawer.vue|1117|D|P3|<style>硬编码尺寸 28rpx 未走 size token（height: 28rpx;）|改版/多端适配需逐处修改，数值不统一|抽取 spacing/size token（--fs-*/--page-padding/--card-padding/--section-gap）并引用 var(--*)|open|batch-4|
R4-02506|d:\6\恋爱小程序\apps\client\src\components\discover\LongPressMenu.vue|259|D|P3|<style>硬编码尺寸 16rpx 28rpx 28rpx 未走 size token（padding: 16rpx 28rpx 28rpx;）|改版/多端适配需逐处修改，数值不统一|抽取 spacing/size token（--fs-*/--page-padding/--card-padding/--section-gap）并引用 var(--*)|open|batch-4|
R4-02507|d:\6\恋爱小程序\apps\client\src\components\discover\LongPressMenu.vue|277|D|P3|<style>硬编码尺寸 6rpx 未走 size token（height: 6rpx;）|改版/多端适配需逐处修改，数值不统一|抽取 spacing/size token（--fs-*/--page-padding/--card-padding/--section-gap）并引用 var(--*)|open|batch-4|
R4-02508|d:\6\恋爱小程序\apps\client\src\components\discover\LongPressMenu.vue|305|D|P3|<style>硬编码尺寸 20rpx 16rpx 未走 size token（padding: 20rpx 16rpx;）|改版/多端适配需逐处修改，数值不统一|抽取 spacing/size token（--fs-*/--page-padding/--card-padding/--section-gap）并引用 var(--*)|open|batch-4|
R4-02509|d:\6\恋爱小程序\apps\client\src\components\discover\LongPressMenu.vue|349|D|P3|<style>硬编码尺寸 2rpx 未走 size token（gap: 2rpx;）|改版/多端适配需逐处修改，数值不统一|抽取 spacing/size token（--fs-*/--page-padding/--card-padding/--section-gap）并引用 var(--*)|open|batch-4|
R4-02510|d:\6\恋爱小程序\apps\client\src\components\discover\LongPressMenu.vue|372|D|P3|<style>硬编码尺寸 22rpx 未走 size token（padding: 22rpx 0;）|改版/多端适配需逐处修改，数值不统一|抽取 spacing/size token（--fs-*/--page-padding/--card-padding/--section-gap）并引用 var(--*)|open|batch-4|
